claim_id,policy_id,claim_date,amount,status
CLM0004916,POL003710,2024-10-21,71656.48,DENIED
CLM0008979,POL001534,2026-03-18,73776.2,OPEN
CLM0003569,POL002414,2024-06-06,51878.85,open
CLM0002583,POL003136,2026-02-27,51462.99,CLOSED
CLM0005980,POL004831,2025-12-16,65593.71,CLOSED
CLM0010171,POL001034,2026-04-02,41859.99,IN REVIEW
CLM0004253,POL004855,2026-04-20,26483.61,IN REVIEW
CLM0011495,POL003389,2025-12-10,42148.65,CLOSED
CLM0006244,POL004009,2024-09-13,14658.69,DENIED
CLM0003770,POL001959,2026-07-12,37263.64,OPEN
CLM0004883,POL000830,2025-07-12,32039.72,OPEN
CLM0001316,POL001921,2024-10-27,59624.8,OPEN
CLM0003215,POL000735,2025-12-21,69246.91,OPEN
CLM0007966,POL002965,2025-09-02,53608.34,DENIED
CLM0002886,POL004247,2025-05-09,11295.48,DENIED
CLM0009901,POL000043,2025-08-12,42997.76,DENIED
CLM0010720,POL001653,2025-07-16,4429.06,DENIED
CLM0002289,POL004001,2025-03-24,4730.39,DENIED
CLM0009751,POL000955,2025-11-05,1182.47,OPEN
CLM0004983,POL001781,2025-07-07,78352.3,OPEN
CLM0005884,POL003309,2024-06-12,21235.09,OPEN
CLM0008308,POL002268,2025-01-18,19863.05,OPEN
CLM0007826,POL004690,2025-08-24,62097.9,IN REVIEW
CLM0002784,POL003808,2025-07-10,1740.69,DENIED
CLM0004710,POL000268,2026-03-09,21818.13,closed
CLM0001423,POL000330,2026-02-04,42670.31,  DENIED 
CLM0006636,POL003914,2024-11-13,35594.16,  OPEN 
CLM0003605,POL000219,2024-06-12,49673.96,DENIED
CLM0007730,POL000037,2024-06-20,42913.8,CLOSED
CLM0008237,POL004361,2025-07-24,42054.6,DENIED
CLM0003070,POL004213,2024-06-04,52679.91,IN REVIEW
CLM0007038,POL002758,2025-10-10,53639.86,  IN REVIEW 
CLM0003888,POL002739,2025-01-06,74533.04,OPEN
CLM0007162,POL004527,2026-06-03,4145.2,  IN REVIEW 
CLM0002109,POL001419,2025-11-16,76098.7,IN REVIEW
CLM0003688,POL002235,2026-07-19,60198.25,DENIED
CLM0008431,POL001906,2026-05-22,24576.78,OPEN
CLM0007300,POL002820,2025-02-19,23880.32,DENIED
CLM0002644,POL004432,2026-05-22,21531.22,OPEN
CLM0002944,POL000714,2024-06-28,66283.3,IN REVIEW
CLM0010545,POL002338,2025-01-04,41129.32,DENIED
CLM0008823,POL001862,31/12/2025,44846.66,CLOSED
CLM0003682,POL002538,2026-05-23,25283.69,IN REVIEW
CLM0004797,POL004718,2026-02-24,30443.58,OPEN
CLM0005537,POL003938,2026-06-29,24874.01,CLOSED
CLM0001497,POL000225,2025-06-21,2943.66,IN REVIEW
CLM0008043,POL003642,2025-06-16,19635.29,DENIED
CLM0001003,POL000895,2024-07-14,36775.12,CLOSED
CLM0005607,POL000462,2025-02-06,3325.84,DENIED
CLM0003893,POL004054,2026-02-19,12917.28,CLOSED
CLM0009104,POL002878,2026-04-16,35950.85,OPEN
CLM0011062,POL004160,2024-10-13,58185.54,DENIED
CLM0003421,POL002138,2024-12-05,60462.49,CLOSED
CLM0001338,POL004723,2026-05-18,40973.14,OPEN
CLM0008090,POL000695,2026-01-22,14071.17,OPEN
CLM0005874,POL003235,2025-09-05,18934.68,CLOSED
CLM0002007,POL002799,2026-01-21,44609.44,DENIED
CLM0010997,POL004991,2025-10-20,45562.27,OPEN
CLM0008993,POL002509,2026-07-16,61167.1,denied
CLM0008466,POL004136,2026-06-26,78229.83,CLOSED
CLM0006580,POL002151,2024-08-16,15506.55,DENIED
CLM0008692,POL003749,0000-00-00,20063.07,IN REVIEW
CLM0001291,POL004149,2025-02-28,50903.2,IN REVIEW
CLM0002999,POL000064,2025-02-28,17465.14,OPEN
CLM0011851,POL003835,2025-12-18,57550.13,IN REVIEW
CLM0006784,POL001494,2026-05-17,64361.17,CLOSED
CLM0006061,POL002818,2024-11-19,3224.65,DENIED
CLM0001737,POL003405,2024-08-30,9999999.99,DENIED
CLM0001521,POL001021,2024-09-24,48666.24,CLOSED
CLM0004625,POL001333,2025-04-19,72798.42,CLOSED
CLM0004970,POL000260,2025-08-13,14512.59,DENIED
CLM0000828,POL003340,2026-05-09,55881.16,OPEN
CLM0000567,POL004963,2024-08-28,69849.0,OPEN
CLM0004654,POL004554,2025-04-26,52611.56,DENIED
CLM0004732,POL002294,2025-01-17,77714.92,IN REVIEW
CLM0008498,POL003180,2026-04-06,41818.76,IN REVIEW
CLM0002421,POL004192,2026-02-28,67218.08,CLOSED
CLM0004859,POL003864,2024-06-14,67130.21,OPEN
CLM0011211,POL002004,2024-08-19,1930.75,IN REVIEW
CLM0011666,POL002656,2025-02-24,8487.83,IN REVIEW
CLM0006155,POL001154,2024-09-28,41705.21,CLOSED
CLM0006032,POL002552,2025-01-26,62050.22,OPEN
CLM0001942,POL000306,2024-07-17,1098.83,CLOSED
CLM0002484,POL001476,2025-07-23,62652.94,DENIED
CLM0007091,POL002641,2025-11-05,74587.87,CLOSED
CLM0008861,POL003696,2026-04-23,34060.66,DENIED
CLM0000517,POL001211,2025-03-30,69102.19,CLOSED
CLM0007896,POL004375,2025-05-26,79307.74,DENIED
CLM0002640,POL003543,2025-06-05,77409.35,CLOSED
CLM0007606,POL004900,2026-06-14,13773.35,CLOSED
CLM0011770,POL000483,2026-07-12,79586.19,DENIED
CLM0011071,POL003300,2025-05-04,79157.27,OPEN
CLM0007019,POL004865,2024-10-21,42869.7,OPEN
CLM0006703,POL002835,N/A,68940.69,IN REVIEW
CLM0009018,POL003317,2025-04-05,53262.39,OPEN
CLM0006713,POL002315,2024-09-28,199.11,OPEN
CLM0008385,POL004420,2026-07-14,79223.26,OPEN
CLM0008876,POL000596,2025-03-20,41067.27,DENIED
CLM0011699,POL003169,2025-02-26,27459.68,CLOSED
CLM0007854,POL002647,2025-05-13,30599.69,DENIED
CLM0005249,POL003542,2026-03-16,28960.89,CLOSED
CLM0009925,POL002189,2024-11-29,34873.45,CLOSED
CLM0003073,POL000910,2026-07-10,7481.25,OPEN
CLM0002788,POL001052,2024-09-14,28985.47,IN REVIEW
CLM0008773,POL004182,2026-04-21,42998.43,CLOSED
CLM0006980,POL002723,2024-07-12,67164.43,DENIED
CLM0003666,POL004623,2025-11-15,37287.01,DENIED
CLM0005355,POL002836,2025-11-23,74082.63,OPEN
CLM0010008,POL000638,2026-02-05,45030.94,CLOSED
CLM0008940,POL001859,2025-10-03,79236.47,DENIED
CLM0002454,POL002928,2025-03-18,12096.11,OPEN
CLM0011260,POL003857,2025-05-26,59264.12,IN REVIEW
CLM0002539,POL004113,2026-07-06,33887.07,OPEN
CLM0000559,POL003958,2025-01-09,78624.05,DENIED
CLM0009613,POL004673,2026-04-24,20592.43,DENIED
CLM0010560,POL001353,2025-08-25,79948.35,DENIED
CLM0008344,POL004427,2024-10-08,6931.9,OPEN
CLM0010750,POL002231,2026-05-21,45423.42,OPEN
CLM0004151,POL003036,2026-04-29,68140.8,CLOSED
CLM0002753,POL003275,2026-05-13,29470.69,IN REVIEW
CLM0005666,POL004799,2024-12-31,7077.23,DENIED
CLM0008233,POL003734,2026-02-21,28170.04,OPEN
CLM0003212,POL000453,2026-05-20,21490.57,IN REVIEW
CLM0009063,POL004413,2025-07-20,59404.85,CLOSED
CLM0006538,POL002904,2026-07-10,48606.13,CLOSED
CLM0005684,POL001664,2026-05-17,20040.13,CLOSED
CLM0008617,POL001650,2025-03-31,16634.78,IN REVIEW
CLM0000704,POL004047,2025-12-05,67148.73,CLOSED
CLM0006708,POL000187,2025-12-07,39466.08,CLOSED
CLM0002254,POL004446,2025-03-16,18598.55,OPEN
CLM0009213,POL002921,2025-11-01,75457.18,IN REVIEW
CLM0011681,POL003715,2026-05-18,18841.97,OPEN
CLM0010743,POL002835,2025-09-11,45973.64,IN REVIEW
CLM0000072,POL004605,2026-06-06,33545.53,OPEN
CLM0005696,POL000260,2026-06-13,37517.53,OPEN
CLM0010810,POL001504,2025-05-27,66497.08,DENIED
CLM0006752,POL001615,2024-07-15,10424.61,denied
CLM0011075,POL001413,,72765.88,in review
CLM0005832,POL004848,2025-02-07,26857.07,OPEN
CLM0005722,POL004972,2026-07-07,11861.52,DENIED
CLM0003213,POL003120,2024-10-19,60253.6,open
CLM0004256,POL000697,2025-03-09,52846.77,DENIED
CLM0008292,POL000760,2025-05-26,50653.19,DENIED
CLM0009051,POL000703,2026-03-01,27905.1,CLOSED
CLM0006972,POL001388,2025-10-30,697.58,CLOSED
CLM0000050,POL003423,2026-07-19,5339.89,CLOSED
CLM0000018,POL002278,2025-10-26,57193.32,DENIED
CLM0007829,POL002817,2026-04-05,60764.78,IN REVIEW
CLM0010185,POL003607,2024-09-23,45106.52,DENIED
CLM0000505,POL002981,2024-08-26,12111.83,IN REVIEW
CLM0002911,POL002176,2025-03-24,76457.5,OPEN
CLM0004901,POL004633,N/A,26690.68,DENIED
CLM0006640,POL002428,2025-10-31,46480.84,DENIED
CLM0003320,POL004936,2024-10-13,62217.1,DENIED
CLM0002605,POL003425,2026-03-28,79674.47,CLOSED
CLM0007922,POL001012,2025-02-02,58434.84,DENIED
CLM0010089,POL004090,2024-07-09,19943.65,IN REVIEW
CLM0006560,POL003789,2024-12-31,22656.72,DENIED
CLM0009222,POL001880,2026-05-17,48255.64,CLOSED
CLM0002179,POL000107,2024-08-12,9537.45,CLOSED
CLM0004978,POL000324,2024-11-13,77643.65,OPEN
CLM0000560,POL004173,2025-08-16,11513.95,IN REVIEW
CLM0007642,POL001993,2024-08-06,33005.36,DENIED
CLM0006815,POL000290,2025-02-16,51935.35,OPEN
CLM0007942,POL003847,2026-05-10,17151.56,DENIED
CLM0005594,POL000740,2025-10-30,37366.13,OPEN
CLM0011335,POL003323,2026-07-19,25379.31,IN REVIEW
CLM0009452,POL003347,2025-05-18,11416.15,CLOSED
CLM0004067,POL003716,2026-02-02,42358.9,DENIED
CLM0011301,POL000164,2024-11-13,75926.75,DENIED
CLM0003594,POL003086,2024-12-16,68770.09,OPEN
CLM0006079,POL002701,2025-07-19,14548.87,DENIED
CLM0008371,POL000546,2024-12-12,15598.81,DENIED
CLM0005780,POL002847,2025-05-25,75926.01,OPEN
CLM0004576,POL003256,2026-01-09,73562.94,IN REVIEW
CLM0001396,POL003490,2025-03-30,9999999.99,CLOSED
CLM0003518,POL004493,2024-09-02,25879.88,IN REVIEW
CLM0002193,POL001175,2025-09-10,36029.49,CLOSED
CLM0005876,POL000816,2025-05-12,788.52,DENIED
CLM0011137,POL000978,31/12/2025,67755.58,OPEN
CLM0009514,POL002767,2026-03-18,79877.22,CLOSED
CLM0009867,POL003523,2025-10-04,78276.32,DENIED
CLM0010216,POL000315,2026-07-03,15445.29,DENIED
CLM0002436,POL004676,2026-05-19,40968.45,IN REVIEW
CLM0001216,POL003359,2025-07-23,63049.91,DENIED
CLM0000962,POL002429,2024-12-21,66019.12,OPEN
CLM0011537,POL002413,2026-06-21,62946.54,DENIED
CLM0002171,POL003360,2026-05-03,1805.55,  IN REVIEW 
CLM0003538,POL003859,2025-01-31,24419.7,DENIED
CLM0009322,POL003158,2025-01-25,70196.38,OPEN
CLM0003902,POL003347,2025-01-19,68725.43,IN REVIEW
CLM0011688,POL001874,2025-07-05,34125.1,IN REVIEW
CLM0005450,POL003580,2026-07-02,23938.98,IN REVIEW
CLM0001796,POL003322,2025-10-21,27673.22,IN REVIEW
CLM0007757,POL002107,2025-09-02,30104.1,DENIED
CLM0011157,POL000715,2026-04-02,38374.09,DENIED
CLM0007752,POL000558,2025-03-26,19539.93,IN REVIEW
CLM0005291,POL000672,2025-11-06,23782.29,OPEN
CLM0005816,POL002436,2025-09-28,76489.19,DENIED
CLM0004408,POL003275,2024-11-13,77870.22,DENIED
CLM0006183,POL004373,2025-12-31,48076.27,  CLOSED 
CLM0004898,POL002611,2024-11-04,22808.94,OPEN
CLM0001454,POL002166,2025-10-08,30998.69,DENIED
CLM0000422,POL001355,2026-02-19,72694.99,DENIED
CLM0010680,POL002837,2024-12-24,10368.19,IN REVIEW
CLM0001314,POL002384,2026-07-05,69153.07,DENIED
CLM0009215,POL002811,2026-05-16,58607.78,CLOSED
CLM0001268,POL003113,2025-03-15,13306.55,DENIED
CLM0000388,POL004017,2024-09-13,65731.13,CLOSED
CLM0005845,POL004487,2025-06-05,36722.63,DENIED
CLM0004056,POL004668,2024-06-14,2623.87,CLOSED
CLM0011174,POL001269,2024-10-26,44484.12,DENIED
CLM0004982,POL000869,2026-01-22,60746.37,DENIED
CLM0004360,POL000452,2024-12-20,13912.7,CLOSED
CLM0009771,POL004581,2025-01-30,65876.25,DENIED
CLM0004553,POL001212,2025-03-18,32212.22,CLOSED
CLM0001136,POL001717,2024-07-09,72869.3,IN REVIEW
CLM0005214,POL002468,2026-04-05,52868.07,DENIED
CLM0005836,POL004418,2025-06-02,7556.96,  IN REVIEW 
CLM0001492,POL001638,2024-12-26,59453.68,CLOSED
CLM0007258,POL002909,2025-04-18,61479.21,DENIED
CLM0004959,POL004925,2024-07-11,33283.5,DENIED
CLM0000489,POL000913,2024-06-16,40012.73,OPEN
CLM0008161,POL000403,2025-12-04,79520.2,IN REVIEW
CLM0002829,POL001714,2025-12-02,78418.62,IN REVIEW
CLM0005835,POL003418,2024-11-02,11251.4,CLOSED
CLM0006292,POL000024,2026-05-21,42870.63,DENIED
CLM0009542,POL000019,2026-04-04,24340.26,DENIED
CLM0001563,POL002645,2024-09-18,1957.66,CLOSED
CLM0010384,POL002116,2024-06-13,18680.38,CLOSED
CLM0004513,POL004465,2025-11-06,31226.89,CLOSED
CLM0006066,POL002251,2025-10-08,19009.65,CLOSED
CLM0008071,POL004603,2024-09-02,35526.87,DENIED
CLM0007486,POL004620,2026-07-05,11432.55,CLOSED
CLM0006925,POL001989,2024-10-28,12614.8,IN REVIEW
CLM0000399,POL002974,2025-07-25,35944.3,CLOSED
CLM0006574,POL004787,2024-08-01,52083.97,DENIED
CLM0005085,POL000579,2025-10-02,51387.47,DENIED
CLM0010246,POL001006,2025-02-02,6271.08,OPEN
CLM0009699,POL000416,2026-05-16,21491.56,CLOSED
CLM0008211,POL002187,2024-10-03,22764.21,CLOSED
CLM0000378,POL002136,2024-07-17,56465.42,  IN REVIEW 
CLM0000490,POL002916,2026-06-06,24366.17,OPEN
CLM0010036,POL004447,2026-04-09,63640.23,IN REVIEW
CLM0001911,POL000646,2024-07-29,25001.34,DENIED
CLM0010182,POL004866,2026-05-25,65735.6,DENIED
CLM0003731,POL001482,2026-01-16,9240.87,DENIED
CLM0008901,POL004069,2024-11-13,51126.94,DENIED
CLM0000379,POL000039,2026-02-19,70934.25,DENIED
CLM0008554,POL000305,2026-06-20,27417.28,OPEN
CLM0003069,POL002017,2024-12-03,8449.69,IN REVIEW
CLM0008706,POL002621,2024-08-25,58584.89,CLOSED
CLM0008839,POL002958,2025-04-09,59182.85,OPEN
CLM0005496,POL003241,2026-07-02,32110.87,open
CLM0005993,POL004655,2026-06-08,0,OPEN
CLM0009023,POL001336,2025-10-31,13227.08,  DENIED 
CLM0009738,POL003578,2025-03-07,17065.48,OPEN
CLM0007774,POL004992,2024-08-07,48460.79,IN REVIEW
CLM0004364,POL003399,2025-07-14,22449.65,OPEN
CLM0005892,POL003249,2026-04-01,12562.86,OPEN
CLM0000107,POL000082,2025-11-11,41997.33,DENIED
CLM0011252,POL003982,2025-07-03,21512.41,OPEN
CLM0003982,POL002436,2025-04-22,45607.7,CLOSED
CLM0007261,POL000641,2025-02-15,52065.71,OPEN
CLM0007949,POL001787,2026-02-16,69392.0,OPEN
CLM0010131,POL003786,2024-12-09,49757.62,IN REVIEW
CLM0003281,POL004092,2026-13-45,54744.89,CLOSED
CLM0002046,POL002602,2024-08-13,29462.1,OPEN
CLM0006419,POL003151,2024-07-27,68234.77,CLOSED
CLM0009545,POL001207,2025-07-08,14343.22,CLOSED
CLM0004768,POL002599,2025-03-26,2528.93,IN REVIEW
CLM0000510,POL001726,2025-01-17,41267.69,OPEN
CLM0009900,POL003816,2025-03-25,48033.14,OPEN
CLM0005012,POL002007,2025-11-09,8225.35,DENIED
CLM0002569,POL002701,2025-09-22,74982.24,OPEN
CLM0004070,POL004644,2025-10-16,21405.57,OPEN
CLM0007068,POL001854,2025-06-15,49240.15,OPEN
CLM0002544,POL002367,2025-10-30,29444.94,CLOSED
CLM0000090,POL003645,2026-01-20,75266.91,OPEN
CLM0005511,POL000413,2025-02-27,79259.86,in review
CLM0000459,POL000262,2025-12-06,38622.49,OPEN
CLM0005314,POL002537,2024-09-30,65451.46,DENIED
CLM0001925,POL003315,2025-05-18,10835.03,IN REVIEW
CLM0010352,POL002764,2024-08-10,45788.38,CLOSED
CLM0010932,POL004916,2025-12-05,62274.75,IN REVIEW
CLM0008354,POL000404,2025-12-03,11915.55,IN REVIEW
CLM0003115,POL003850,2026-03-15,69284.56,IN REVIEW
CLM0003505,POL004373,2024-07-21,2976.97,DENIED
CLM0007904,POL000219,2025-02-24,41641.03,OPEN
CLM0001551,POL004107,2026-01-28,19307.78,OPEN
CLM0002203,POL004702,2025-10-03,55631.3,IN REVIEW
CLM0001061,POL003590,2026-04-28,76004.51,IN REVIEW
CLM0009064,POL002551,2024-08-31,5156.41,CLOSED
CLM0007984,POL004226,2024-06-10,70782.07,DENIED
CLM0005648,POL001373,2024-08-04,34088.72,CLOSED
CLM0003346,POL004752,2026-03-30,50658.46,OPEN
CLM0005770,POL003925,2024-06-30,29930.37,IN REVIEW
CLM0010803,POL002514,2025-01-26,70342.24,open
CLM0003615,POL002985,2024-06-20,53853.17,OPEN
CLM0011819,POL003476,2024-12-29,63935.67,DENIED
CLM0003293,POL000292,2026-05-11,28024.86,CLOSED
CLM0009179,POL002588,2026-02-09,5816.76,OPEN
CLM0005270,POL004287,2026-07-17,50785.51,OPEN
CLM0008348,POL001539,2025-04-28,5038.57,CLOSED
CLM0011322,POL004655,2026-06-26,22970.09,CLOSED
CLM0000887,POL002817,2026-03-27,74389.39,CLOSED
CLM0002034,POL004641,2026-04-16,60854.2,CLOSED
CLM0005432,POL002972,2025-06-14,61953.43,DENIED
CLM0010795,POL000331,2025-11-26,35372.13,OPEN
CLM0000064,POL000659,2026-07-04,43523.5,DENIED
CLM0008701,POL004469,2024-08-01,11734.42,IN REVIEW
CLM0004703,POL001636,2026-03-14,20032.73,CLOSED
CLM0003146,POL003186,2026-05-07,4828.89,DENIED
CLM0010141,POL002643,2025-10-11,7552.97,DENIED
CLM0011010,POL000564,2024-09-28,686.1,IN REVIEW
CLM0005475,POL003345,2025-01-24,40294.76,IN REVIEW
CLM0004738,POL000061,2026-04-03,43899.63,OPEN
CLM0001993,POL001287,2026-07-19,9748.22,CLOSED
CLM0006488,POL002104,2025-05-27,22795.56,OPEN
CLM0001381,POL001708,2025-08-02,1771.29,CLOSED
CLM0009488,POL000091,2024-06-29,4659.83,IN REVIEW
CLM0009455,POL001299,2025-10-19,-21582.37,DENIED
CLM0011059,POL001251,2026-07-02,40067.98,CLOSED
CLM0009726,POL002537,2026-04-12,7490.42,IN REVIEW
CLM0005738,POL000479,2026-03-09,65172.01,CLOSED
CLM0006643,POL000467,2025-10-23,56893.46,IN REVIEW
CLM0003951,POL003215,2024-09-09,26135.35,closed
CLM0000733,POL002955,2026-05-21,11016.06,IN REVIEW
CLM0006975,POL000064,2024-08-07,51986.25,DENIED
CLM0000937,POL000757,2024-12-03,30960.26,OPEN
CLM0005098,POL004222,2026-04-02,77924.45,DENIED
CLM0003207,POL001794,2024-11-03,63883.66,OPEN
CLM0000613,POL003546,2025-12-14,6792.05,CLOSED
CLM0001683,POL004328,2025-04-10,40366.5,CLOSED
CLM0007035,POL002454,2026-04-10,37143.71,CLOSED
CLM0008573,POL002206,2025-02-12,57729.29,OPEN
CLM0001631,POL004096,2026-01-21,8918.7,IN REVIEW
CLM0004478,POL000463,2025-04-02,23354.45,IN REVIEW
CLM0010444,POL004366,2026-03-26,50598.06,IN REVIEW
CLM0007691,POL000101,2024-06-18,14096.65,IN REVIEW
CLM0003327,POL004715,2026-06-24,37773.8,CLOSED
CLM0003137,POL001062,2025-06-15,45295.55,CLOSED
CLM0010635,POL002158,2024-09-11,75139.65,CLOSED
CLM0006031,POL002243,2025-07-22,40340.86,IN REVIEW
CLM0001323,POL000846,2026-01-26,61990.35,CLOSED
CLM0004236,POL003104,2025-06-01,31380.52,DENIED
CLM0010265,POL004497,2025-06-03,67534.42,DENIED
CLM0004052,POL001614,N/A,48084.64,IN REVIEW
CLM0010943,POL004449,2024-11-08,42617.84,DENIED
CLM0006063,POL935989,2024-10-04,39492.49,IN REVIEW
CLM0010531,POL002770,2024-12-20,28744.46,OPEN
CLM0001828,POL002071,2025-12-20,77094.97,CLOSED
CLM0011482,POL003083,2024-11-27,53015.62,DENIED
CLM0007269,POL001104,2024-12-27,16404.86,CLOSED
CLM0009149,POL000813,2024-06-03,30250.72,CLOSED
CLM0008700,POL005000,2025-09-08,11549.75,OPEN
CLM0010143,POL004863,2026-06-10,39224.67,CLOSED
CLM0001603,POL001725,31/12/2025,9643.56,OPEN
CLM0005761,POL003470,2026-01-22,55224.66,CLOSED
CLM0010607,POL004876,2026-07-08,64325.63,CLOSED
CLM0007513,POL004806,2024-09-24,6884.53,DENIED
CLM0001147,POL001244,2024-08-16,9466.49,CLOSED
CLM0000070,POL001982,2025-04-14,24534.13,IN REVIEW
CLM0003548,POL004963,2025-06-12,43595.42,CLOSED
CLM0003574,POL003637,2025-08-17,11956.27,CLOSED
CLM0001186,POL001389,2025-10-08,48061.65,CLOSED
CLM0001344,POL916725,2024-10-31,42700.87,CLOSED
CLM0005650,POL003665,2026-03-30,67594.13,IN REVIEW
CLM0010406,POL001907,2024-09-08,14404.33,DENIED
CLM0005715,POL001587,2024-11-09,36628.28,OPEN
CLM0011547,POL004385,2025-07-02,58866.88,OPEN
CLM0011667,POL001286,2026-04-27,44571.04,IN REVIEW
CLM0011642,POL001233,2026-04-12,22674.38,OPEN
CLM0005436,POL002579,2026-02-06,43869.54,OPEN
CLM0007027,POL003328,2026-03-19,23934.41,CLOSED
CLM0000501,POL003890,2025-09-30,15611.86,IN REVIEW
CLM0001290,POL000147,2025-11-05,68687.73,DENIED
CLM0004952,POL002860,2025-05-01,55310.88,CLOSED
CLM0011695,POL000854,2025-05-21,70002.41,OPEN
CLM0010935,POL001338,2024-10-08,56070.7,IN REVIEW
CLM0007311,POL003894,2024-10-06,51273.47,OPEN
CLM0008603,POL000978,2026-05-27,13099.68,  CLOSED 
CLM0002102,POL001998,2024-08-17,34602.53,DENIED
CLM0000532,POL004650,,8108.59,CLOSED
CLM0003623,POL000411,2024-11-01,16451.18,IN REVIEW
CLM0006740,POL002943,2026-05-11,67152.25,DENIED
CLM0000219,POL001907,2025-11-04,41051.23,open
CLM0002243,POL002456,2026-06-23,3817.38,OPEN
CLM0004866,POL001102,2025-07-12,44468.46,open
CLM0009579,POL001437,2024-08-16,15634.29,in review
CLM0008027,POL004087,2024-10-18,12102.32,IN REVIEW
CLM0005406,POL002170,2026-05-17,73166.95,IN REVIEW
CLM0009223,POL003397,2024-06-30,5005.16,OPEN
CLM0004383,POL004706,2024-06-04,44564.21,OPEN
CLM0009931,POL003098,2024-12-01,77151.25,IN REVIEW
CLM0005576,POL000824,2024-06-05,24993.01,DENIED
CLM0004190,POL004593,2026-03-20,72979.58,DENIED
CLM0010815,POL001144,2025-12-06,23168.81,OPEN
CLM0007075,POL003286,2025-08-20,46234.75,DENIED
CLM0002517,POL003045,2026-06-16,11533.84,DENIED
CLM0003891,POL001096,2025-05-15,45833.3,DENIED
CLM0011353,POL000550,2025-08-10,74774.34,CLOSED
CLM0003331,POL001121,2025-02-13,-54299.93,denied
CLM0000845,POL003039,2026-05-21,2256.48,IN REVIEW
CLM0001712,POL002276,2025-05-07,79474.37,IN REVIEW
CLM0011341,POL004830,2026-06-27,35487.37,open
CLM0004657,POL000780,2025-09-03,44027.82,IN REVIEW
CLM0005964,POL003215,2025-10-02,67129.12,DENIED
CLM0001166,POL004838,2026-02-27,63974.02,DENIED
CLM0002407,POL004974,2024-07-11,57113.35,CLOSED
CLM0008978,POL004102,2025-08-26,511.89,IN REVIEW
CLM0005898,POL004288,2026-13-45,20594.84,CLOSED
CLM0011520,POL004750,2024-06-24,7762.19,DENIED
CLM0005678,POL002474,2024-10-01,15401.29,DENIED
CLM0003709,POL001853,2024-07-15,76515.91,IN REVIEW
CLM0009737,POL003893,2024-12-26,70349.39,IN REVIEW
CLM0008956,POL004119,2026-03-02,57262.64,IN REVIEW
CLM0005764,POL002545,2026-01-29,12496.15,CLOSED
CLM0011868,POL002834,2025-07-27,78132.47,OPEN
CLM0008651,POL004076,2026-02-14,48511.25,CLOSED
CLM0011490,POL001214,2025-07-21,10399.45,DENIED
CLM0005046,POL003611,2025-11-28,52052.56,OPEN
CLM0004979,POL000873,2025-08-02,20796.08,DENIED
CLM0011289,POL004681,2024-09-24,58214.64,OPEN
CLM0008785,POL003443,2025-10-13,26469.78,CLOSED
CLM0002486,POL002098,2025-07-14,12341.75,OPEN
CLM0002340,POL004008,N/A,26490.54,CLOSED
CLM0011380,POL004956,2026-03-09,7875.34,IN REVIEW
CLM0010020,POL004104,2026-04-07,54853.96,CLOSED
CLM0003321,POL004129,2024-11-16,23721.35,OPEN
CLM0000528,POL003385,2025-05-31,17314.27,OPEN
CLM0003696,POL000992,2025-07-22,68613.74,IN REVIEW
CLM0009339,POL002473,2024-09-02,34352.53,OPEN
CLM0007143,POL000251,2025-07-15,19756.08,  OPEN 
CLM0006612,POL000600,2025-03-12,8236.08,OPEN
CLM0007981,POL003571,2026-06-16,27320.43,OPEN
CLM0010872,POL001289,2024-10-03,1499.25,OPEN
CLM0006555,POL002608,2026-07-04,41502.79,DENIED
CLM0006135,POL002311,2024-12-07,30097.2,CLOSED
CLM0005906,POL000789,2026-05-01,55217.84,CLOSED
CLM0004793,POL000887,N/A,40287.19,OPEN
CLM0003232,POL004519,2024-08-15,64193.9,IN REVIEW
CLM0010835,POL000420,2025-06-28,49871.22,OPEN
CLM0009074,POL003665,2026-04-29,79829.11,in review
CLM0006990,POL003524,2025-03-31,52531.81,IN REVIEW
CLM0006101,POL002922,2025-07-20,10742.54,DENIED
CLM0010946,POL002260,2024-11-17,70611.72,IN REVIEW
CLM0000919,POL004294,2024-08-03,42859.06,IN REVIEW
CLM0008017,POL004706,2024-10-21,35839.33,IN REVIEW
CLM0009448,POL002469,2024-09-05,24338.76,OPEN
CLM0000616,POL002776,2026-02-18,51170.04,CLOSED
CLM0001969,POL002975,2025-01-29,33350.23,CLOSED
CLM0006971,POL000021,2024-08-17,19602.61,IN REVIEW
CLM0010248,POL003813,2024-10-10,20004.14,closed
CLM0000025,POL004545,2025-11-07,44523.97,DENIED
CLM0001129,POL001323,2025-02-17,8937.51,CLOSED
CLM0000189,POL002690,2025-10-13,49720.94,OPEN
CLM0010846,POL003029,2026-02-07,61675.46,CLOSED
CLM0000910,POL003340,2024-11-04,56229.73,OPEN
CLM0009648,POL000361,2025-04-26,5511.2,OPEN
CLM0010764,POL002529,2025-10-22,28228.09,CLOSED
CLM0004780,POL002379,2025-01-10,45897.06,DENIED
CLM0009016,POL003039,2025-05-31,72755.42,OPEN
CLM0009022,POL000586,2025-03-23,19008.62,open
CLM0005665,POL000186,2026-04-02,75976.24,IN REVIEW
CLM0005399,POL000525,2025-06-02,78235.43,CLOSED
CLM0002095,POL000159,2026-05-14,65089.58,OPEN
CLM0004905,POL002133,2026-06-20,2910.41,IN REVIEW
CLM0004544,POL001299,2025-08-19,29951.26,  DENIED 
CLM0005416,POL001530,2025-08-10,38714.0,IN REVIEW
CLM0006261,POL000716,2026-03-21,993.86,IN REVIEW
CLM0002191,POL000166,2024-06-03,66082.92,OPEN
CLM0000331,POL002595,2024-11-13,10765.48,OPEN
CLM0000357,POL002499,2025-05-26,21603.5,IN REVIEW
CLM0008207,POL000513,2025-09-27,15324.85,DENIED
CLM0006968,POL000734,2025-09-15,41599.86,OPEN
CLM0001114,POL001127,2024-08-09,64321.87,DENIED
CLM0009581,POL002040,2025-11-19,50516.87,CLOSED
CLM0007194,POL003057,2025-05-14,29320.27,DENIED
CLM0000084,POL000957,2025-03-17,77412.02,OPEN
CLM0011991,POL000820,2026-02-26,40327.11,CLOSED
CLM0002400,POL004550,2026-04-17,43477.55,IN REVIEW
CLM0009308,POL002991,2025-02-12,48814.44,CLOSED
CLM0002776,POL004843,2026-01-08,50389.83,CLOSED
CLM0001951,POL002403,2025-03-10,27166.75,CLOSED
CLM0004963,POL002622,2025-03-08,47139.36,CLOSED
CLM0006370,POL000520,2025-11-19,43920.82,IN REVIEW
CLM0000746,POL001709,2025-07-28,34547.4,CLOSED
CLM0006424,POL000538,2025-09-30,39550.89,CLOSED
CLM0003560,POL001652,2026-04-10,70234.77,DENIED
CLM0008085,POL003087,2025-06-05,11795.61,DENIED
CLM0004626,POL001855,2024-10-13,6538.83,CLOSED
CLM0001728,POL000960,2025-04-01,14976.43,CLOSED
CLM0009281,POL001956,2026-03-16,17907.26,IN REVIEW
CLM0001797,POL987413,2025-12-17,73614.36,DENIED
CLM0006517,POL001816,2024-08-19,33742.12,DENIED
CLM0008660,POL928125,2025-01-29,70886.65,CLOSED
CLM0007023,POL004459,2025-04-01,30128.0,DENIED
CLM0008304,POL002427,2026-04-07,15855.64,OPEN
CLM0002915,POL000686,2025-11-18,29383.77,CLOSED
CLM0009961,POL003616,2025-02-05,70278.0,CLOSED
CLM0001397,POL000333,0000-00-00,6399.28,IN REVIEW
CLM0000329,POL003688,2025-04-15,7415.74,CLOSED
CLM0007497,POL004211,2024-09-26,63062.06,CLOSED
CLM0001803,POL002132,2026-01-02,49947.47,CLOSED
CLM0006699,POL935124,2024-11-10,50259.51,OPEN
CLM0006432,POL001326,2025-07-21,21785.35,denied
CLM0006288,POL000972,2025-07-17,53141.23,IN REVIEW
CLM0009041,POL003287,2025-11-24,37747.36,OPEN
CLM0003675,POL003572,2026-04-30,19486.68,OPEN
CLM0004339,POL002739,2026-01-20,47803.37,OPEN
CLM0006487,POL004417,2025-10-20,78270.91,IN REVIEW
CLM0004279,POL002413,2024-08-02,24876.78,DENIED
CLM0010431,POL003638,2025-11-02,9877.36,IN REVIEW
CLM0007569,POL001853,2026-07-11,8163.18,CLOSED
CLM0006557,POL001303,2026-02-08,6534.26,CLOSED
CLM0005519,POL001607,2025-11-13,77341.43,OPEN
CLM0009796,POL004530,2025-05-22,41545.5,DENIED
CLM0004337,POL000945,31/12/2025,36291.81,DENIED
CLM0011444,POL004493,2025-11-04,22327.68,IN REVIEW
CLM0002952,POL002850,2025-07-07,78407.39,CLOSED
CLM0007990,POL004814,2026-02-21,39362.2,CLOSED
CLM0005654,POL002537,2025-10-24,29748.32,DENIED
CLM0000618,POL003579,2024-12-22,66716.57,DENIED
CLM0002662,POL003422,N/A,56715.97,CLOSED
CLM0010622,POL000011,2025-05-18,31499.46,OPEN
CLM0007654,POL002000,2024-11-25,78125.14,OPEN
CLM0007072,POL001592,2025-10-28,16221.3,IN REVIEW
CLM0005958,POL003022,2025-09-27,69120.42,OPEN
CLM0010704,POL004966,2025-09-28,55596.69,OPEN
CLM0008844,POL001396,2025-07-03,11394.3,CLOSED
CLM0007841,POL004615,2025-11-30,70037.73,DENIED
CLM0004226,POL002703,2024-10-29,33564.31,CLOSED
CLM0000758,POL001088,2025-06-28,45603.72,DENIED
CLM0010350,POL001059,2026-06-04,27776.21,CLOSED
CLM0009292,POL001083,2025-02-10,16632.17,IN REVIEW
CLM0002110,POL003195,2026-04-27,17176.83,IN REVIEW
CLM0011651,POL001173,2026-03-02,62286.46,IN REVIEW
CLM0009057,POL004221,2026-07-20,18640.69,DENIED
CLM0002623,POL002065,2025-03-21,70214.81,  OPEN 
CLM0011243,POL002662,2025-01-02,49442.66,CLOSED
CLM0004163,POL004368,2024-08-25,73521.25,DENIED
CLM0009417,POL001294,2025-08-06,23480.91,DENIED
CLM0000387,POL004723,2025-10-27,14959.19,DENIED
CLM0007973,POL004168,2025-06-01,37191.93,CLOSED
CLM0001365,POL000934,2024-07-24,65127.63,IN REVIEW
CLM0009230,POL004221,2026-06-12,36957.97,CLOSED
CLM0005110,POL002041,2024-07-21,78960.12,DENIED
CLM0009659,POL003106,2024-12-03,25697.51,CLOSED
CLM0005362,POL003197,2025-01-31,67840.61,  IN REVIEW 
CLM0003286,POL000716,2026-02-18,63894.92,OPEN
CLM0008981,POL004543,2024-08-06,22283.31,closed
CLM0000798,POL000949,2024-11-05,58370.1,DENIED
CLM0009443,POL003494,2026-07-14,2992.52,DENIED
CLM0009812,POL003204,2025-09-30,48855.98,OPEN
CLM0010713,POL003294,2026-03-07,67010.62,DENIED
CLM0007373,POL004407,2025-04-09,21953.23,CLOSED
CLM0007586,POL001132,2024-11-20,32818.03,DENIED
CLM0009754,POL001999,2026-06-26,9333.82,OPEN
CLM0007703,POL001524,2026-13-45,36901.05,DENIED
CLM0002302,POL004392,2025-10-22,6901.02,IN REVIEW
CLM0001565,POL003830,2024-07-27,64186.6,CLOSED
CLM0011074,POL000690,2024-12-14,46397.87,IN REVIEW
CLM0006621,POL003907,2025-06-28,53547.88,OPEN
CLM0003595,POL000118,2025-09-12,11015.89,OPEN
CLM0007203,POL004625,2026-02-04,50785.3,OPEN
CLM0007855,POL002044,2025-07-28,20548.81,OPEN
CLM0007330,POL001050,2026-01-14,27774.69,DENIED
CLM0004268,POL001164,2025-06-03,58848.5,DENIED
CLM0001398,POL000752,2026-06-16,21244.49,CLOSED
CLM0001150,POL938199,31/12/2025,33585.34,IN REVIEW
CLM0002057,POL004326,2025-09-23,76087.8,OPEN
CLM0010875,POL001722,2025-04-19,47161.45,DENIED
CLM0007459,POL000263,2024-12-17,22092.94,DENIED
CLM0000811,POL001294,2026-05-15,70639.24,IN REVIEW
CLM0006666,POL002162,2024-10-31,58658.03,OPEN
CLM0001863,POL004266,2025-04-22,60810.87,IN REVIEW
CLM0009472,POL002535,2026-07-11,76477.67,OPEN
CLM0010282,POL003858,2026-03-14,43113.36,OPEN
CLM0003122,POL003188,2025-12-13,18591.26,OPEN
CLM0009316,POL004908,2024-12-22,21430.55,DENIED
CLM0002138,POL003940,2026-01-04,63285.87,OPEN
CLM0005208,POL003852,2026-05-19,52419.8,IN REVIEW
CLM0001994,POL002046,2025-10-31,68894.99,CLOSED
CLM0011568,POL003526,2025-02-03,68645.21,OPEN
CLM0000306,POL002922,2026-03-22,56155.44,OPEN
CLM0001656,POL001175,2026-04-07,23189.52,OPEN
CLM0011012,POL001379,2025-07-03,63722.57,CLOSED
CLM0001727,POL003333,2025-05-15,51004.31,DENIED
CLM0010555,POL003945,2024-09-05,19399.15,IN REVIEW
CLM0008072,POL000785,2024-09-07,46476.46,OPEN
CLM0007086,POL003705,2025-09-11,37726.48,IN REVIEW
CLM0010883,POL003561,2025-05-21,2950.9,CLOSED
CLM0010717,POL004269,2026-03-17,59430.95,OPEN
CLM0011691,POL003573,2026-04-17,33409.39,DENIED
CLM0002810,POL000797,N/A,57506.48,in review
CLM0000187,POL003445,2024-08-17,76050.76,IN REVIEW
CLM0004293,POL003960,2024-11-28,38693.56,IN REVIEW
CLM0006212,POL003997,2025-10-27,77327.78,CLOSED
CLM0010826,POL001454,2024-08-19,77637.13,  IN REVIEW 
CLM0002519,POL004808,2026-01-18,20495.63,CLOSED
CLM0003120,POL001724,2026-05-10,79077.12,CLOSED
CLM0000654,POL000557,2026-07-03,18826.33,DENIED
CLM0008995,POL003420,2024-10-11,40660.0,CLOSED
CLM0008095,POL002910,2024-06-12,79250.31,CLOSED
CLM0000690,POL002418,2025-01-23,57899.6,OPEN
CLM0011817,POL001442,2026-04-15,71660.08,OPEN
CLM0007637,POL000173,2025-11-27,12388.1,denied
CLM0003616,POL004296,2024-09-06,72009.62,CLOSED
CLM0007032,POL004933,2024-10-18,73054.95,DENIED
CLM0005396,POL003607,2025-01-01,49253.22,CLOSED
CLM0002125,POL001553,0000-00-00,32480.36,DENIED
CLM0011168,POL000057,2024-07-02,77716.41,CLOSED
CLM0007951,POL001652,2024-09-10,34085.06,closed
CLM0006414,POL000806,2025-09-14,55046.98,DENIED
CLM0009048,POL001822,2024-09-17,69701.46,OPEN
CLM0004415,POL002307,2026-06-18,3887.1,IN REVIEW
CLM0011805,POL002014,2024-07-31,56273.12,IN REVIEW
CLM0002762,POL003984,2024-07-27,3910.04,CLOSED
CLM0005000,POL003427,2026-01-13,48086.46,IN REVIEW
CLM0001723,POL001149,2024-07-04,50946.55,DENIED
CLM0000316,POL000636,2025-11-02,27275.73,DENIED
CLM0002857,POL002020,2025-12-30,52406.08,DENIED
CLM0010909,POL003562,2024-10-05,4897.63,IN REVIEW
CLM0007353,POL004190,2024-12-03,-3522.09,IN REVIEW
CLM0000730,POL003868,2025-04-26,4799.33,DENIED
CLM0001209,POL003147,2025-05-18,61033.86,OPEN
CLM0008119,POL003091,2026-01-18,49537.21,DENIED
CLM0007931,POL003889,2025-04-08,49537.07,OPEN
CLM0003878,POL000261,2025-12-28,77982.24,DENIED
CLM0006221,POL000510,2024-10-21,12125.21,CLOSED
CLM0010086,POL002085,2025-06-23,45562.48,DENIED
CLM0010589,POL004408,2025-04-26,33636.35,DENIED
CLM0005976,POL000345,2025-10-21,56585.87,OPEN
CLM0006868,POL004756,2026-06-13,57739.54,OPEN
CLM0002061,POL000751,2024-06-24,24864.5,DENIED
CLM0006132,POL002817,2025-01-12,53009.31,DENIED
CLM0001903,POL001573,2024-09-24,34379.79,IN REVIEW
CLM0000545,POL001122,2024-06-03,71640.86,DENIED
CLM0006724,POL003555,2026-04-25,69600.39,IN REVIEW
CLM0004393,POL000684,2025-01-29,73549.55,OPEN
CLM0000603,POL002583,2024-11-07,46565.16,OPEN
CLM0008483,POL001766,2026-01-18,39499.96,DENIED
CLM0000508,POL000836,2025-03-12,33847.23,  DENIED 
CLM0004683,POL004915,2025-05-23,6510.88,CLOSED
CLM0000293,POL004179,2025-07-26,8569.02,  OPEN 
CLM0011254,POL003640,2025-07-08,34429.81,CLOSED
CLM0003797,POL002774,2024-08-16,55777.69,OPEN
CLM0003711,POL002737,2025-11-05,2594.62,DENIED
CLM0005156,POL967286,2026-03-27,32763.11,OPEN
CLM0011987,POL002925,2025-08-19,67290.33,OPEN
CLM0008403,POL004951,2024-12-05,-65029.64,CLOSED
CLM0006372,POL000176,2024-10-29,50697.17,IN REVIEW
CLM0007885,POL003323,2025-12-23,55224.22,DENIED
CLM0007484,POL002265,2025-02-12,72014.55,OPEN
CLM0004179,POL000076,2025-01-26,34108.54,IN REVIEW
CLM0003114,POL002919,2025-04-01,68802.88,OPEN
CLM0004636,POL935704,2025-09-24,56648.45,DENIED
CLM0009897,POL001529,2025-04-09,11901.3,OPEN
CLM0009998,POL002619,2025-02-26,72454.76,in review
CLM0003739,POL000103,2025-09-14,44408.58,DENIED
CLM0011138,POL004492,2026-04-29,53627.75,CLOSED
CLM0000960,POL000113,2025-11-13,9256.4,IN REVIEW
CLM0004058,POL004524,2026-07-06,65098.53,DENIED
CLM0007490,POL002125,2025-06-30,59351.91,closed
CLM0008150,POL000780,2026-01-05,19910.04,CLOSED
CLM0009216,POL002642,2024-06-15,67763.84,OPEN
CLM0000579,POL001553,2024-09-06,8828.92,IN REVIEW
CLM0000470,POL000276,2024-11-23,13921.43,IN REVIEW
CLM0001288,POL000401,2025-01-05,40639.02,  CLOSED 
CLM0003134,POL003429,2025-12-24,59850.64,in review
CLM0003280,POL004974,2026-02-16,963.1,OPEN
CLM0007831,POL002605,2024-07-06,29918.56,DENIED
CLM0010976,POL000565,2024-07-18,3372.89,DENIED
CLM0006756,POL002674,2025-01-06,45322.86,OPEN
CLM0006434,POL003079,2025-09-30,1174.47,CLOSED
CLM0009002,POL000541,2026-03-31,6841.72,IN REVIEW
CLM0007881,POL003365,2024-09-17,75168.72,CLOSED
CLM0002696,POL004665,2024-10-18,9074.63,DENIED
CLM0007764,POL000977,2024-07-02,52035.33,CLOSED
CLM0011530,POL001255,2025-06-11,33813.57,IN REVIEW
CLM0002970,POL004988,2026-04-03,35638.57,CLOSED
CLM0003805,POL000130,2025-11-06,53153.3,DENIED
CLM0000857,POL004138,2024-07-09,5953.38,OPEN
CLM0008747,POL002891,2026-04-30,52052.37,CLOSED
CLM0011131,POL001330,2025-10-27,56537.07,CLOSED
CLM0008628,POL000267,2025-03-01,51149.06,OPEN
CLM0010980,POL002816,2024-10-27,15659.82,DENIED
CLM0006460,POL004288,2025-01-20,29599.3,OPEN
CLM0002160,POL000660,2026-04-01,70007.74,DENIED
CLM0011812,POL003251,2025-04-10,26776.61,OPEN
CLM0000238,POL003657,2025-08-14,53243.69,  CLOSED 
CLM0011885,POL004371,2026-02-15,77026.35,OPEN
CLM0010961,POL001452,2024-06-25,9999999.99,OPEN
CLM0002832,POL004679,2026-03-22,58566.19,DENIED
CLM0003390,POL000018,2024-08-23,533.86,IN REVIEW
CLM0006156,POL001352,2026-01-11,45508.25,DENIED
CLM0005385,POL000296,2025-02-27,71596.07,DENIED
CLM0001265,POL000738,2025-04-07,18326.67,CLOSED
CLM0002622,POL001364,2025-08-27,35562.17,closed
CLM0011277,POL001871,2025-12-22,61634.5,CLOSED
CLM0009504,POL004432,2025-07-04,43951.48,OPEN
CLM0005298,POL000083,2025-07-12,50859.99,IN REVIEW
CLM0011843,POL003906,2026-01-31,3889.29,IN REVIEW
CLM0005034,POL000286,2026-07-13,28272.23,OPEN
CLM0010038,POL004326,2025-04-17,-33126.06,OPEN
CLM0005638,POL000502,2026-01-14,66405.15,CLOSED
CLM0009198,POL003081,2025-09-06,68197.22,OPEN
CLM0001465,POL000068,2025-07-26,73203.73,DENIED
CLM0005762,POL004944,2025-12-03,11436.18,DENIED
CLM0011748,POL000745,2026-01-08,42646.95,IN REVIEW
CLM0002126,POL001793,2026-01-19,72108.24,OPEN
CLM0006139,POL004243,2024-11-12,76026.53,DENIED
CLM0007978,POL000006,2026-02-01,71167.27,IN REVIEW
CLM0005494,POL002369,2025-04-28,5219.29,OPEN
CLM0003303,POL002757,2025-04-11,54322.46,IN REVIEW
CLM0007293,POL004797,2025-10-27,46391.24,OPEN
CLM0008475,POL001833,2026-05-19,65047.72,IN REVIEW
CLM0008516,POL004299,2026-04-12,75096.03,DENIED
CLM0006718,POL003684,2024-12-21,41249.32,CLOSED
CLM0003817,POL003999,2025-02-12,42589.13,CLOSED
CLM0002365,POL002353,2025-08-14,34675.26,DENIED
CLM0000449,POL002739,2026-06-25,71040.48,OPEN
CLM0010844,POL001360,2025-02-28,38496.42,DENIED
CLM0007413,POL000721,2025-05-21,22950.32,IN REVIEW
CLM0004736,POL951072,2024-12-02,34658.13,DENIED
CLM0000623,POL001001,2025-07-05,73219.59,CLOSED
CLM0002048,POL000248,2024-08-21,-70463.62,IN REVIEW
CLM0007325,POL001827,2025-01-18,8632.93,open
CLM0008230,POL004574,2026-05-09,42196.04,DENIED
CLM0002817,POL004151,2024-10-21,72802.38,CLOSED
CLM0010284,POL004353,2026-05-28,7537.71,OPEN
CLM0002914,POL003146,2025-05-18,72868.64,CLOSED
CLM0003927,POL000128,2024-07-15,15907.02,IN REVIEW
CLM0011013,POL001782,2026-03-21,67157.14,open
CLM0006672,POL003863,2024-12-31,2707.59,CLOSED
CLM0008754,POL004135,2025-08-23,52057.35,IN REVIEW
CLM0002607,POL001688,2024-08-03,71563.98,OPEN
CLM0001854,POL002257,2025-03-17,57296.99,DENIED
CLM0010214,POL002624,2025-07-10,22941.59,CLOSED
CLM0010361,POL001268,2025-04-18,74636.84,IN REVIEW
CLM0003685,POL002939,2024-11-05,72618.25,CLOSED
CLM0006440,POL004441,2025-07-31,33475.55,OPEN
CLM0003620,POL000346,2025-11-27,32877.38,OPEN
CLM0004570,POL000877,2025-11-25,74201.99,CLOSED
CLM0005786,POL000114,2026-03-09,30127.56,CLOSED
CLM0010602,POL000158,,47334.79,OPEN
CLM0006624,POL000935,2026-01-26,32565.98,IN REVIEW
CLM0008151,POL003494,31/12/2025,73576.71,CLOSED
CLM0005823,POL003298,2025-11-03,11716.09,OPEN
CLM0011906,POL004553,2026-06-15,43661.77,IN REVIEW
CLM0000676,POL004034,2026-03-06,29420.37,OPEN
CLM0002003,POL003445,2026-05-22,255.84,CLOSED
CLM0004559,POL001645,2025-07-03,0,closed
CLM0011960,POL000185,2025-04-28,30899.31,CLOSED
CLM0011903,POL002458,2025-06-30,34889.02,DENIED
CLM0005545,POL001755,2024-06-11,36781.79,IN REVIEW
CLM0001080,POL003119,2024-10-22,45750.59,CLOSED
CLM0002396,POL003223,2024-11-11,1165.46,OPEN
CLM0009814,POL004293,2026-02-03,71253.67,DENIED
CLM0007947,POL002567,2025-05-20,8390.05,OPEN
CLM0009647,POL000950,2025-02-12,11283.38,OPEN
CLM0000095,POL003316,2025-05-21,68618.78,CLOSED
CLM0008330,POL002012,2024-06-17,47690.91,OPEN
CLM0002019,POL001240,2025-03-13,39784.05,OPEN
CLM0000507,POL001031,2024-11-01,36102.46,IN REVIEW
CLM0001668,POL002747,2026-07-20,61001.86,CLOSED
CLM0010950,POL003829,2024-07-17,40080.31,OPEN
CLM0010042,POL000823,2026-06-08,35742.07,OPEN
CLM0009212,POL001137,2025-03-13,37045.06,DENIED
CLM0007119,POL003556,2024-11-10,25491.22,OPEN
CLM0010760,POL000297,2025-08-10,17413.34,OPEN
CLM0010105,POL001641,2025-01-13,38968.87,IN REVIEW
CLM0009528,POL002649,2026-06-15,67593.09,CLOSED
CLM0005347,POL000793,2024-07-05,59390.65,DENIED
CLM0008614,POL000924,2026-04-18,77877.8,IN REVIEW
CLM0011877,POL003795,2024-08-20,20680.93,OPEN
CLM0004700,POL002201,2024-10-21,42173.56,OPEN
CLM0007389,POL000101,2025-03-13,39949.33,DENIED
CLM0006930,POL000126,2026-06-04,14303.17,IN REVIEW
CLM0005685,POL002452,2026-02-14,30463.65,CLOSED
CLM0002918,POL003640,2026-04-25,66498.79,IN REVIEW
CLM0007418,POL000884,2025-10-12,8173.68,OPEN
CLM0002282,POL000215,2025-09-14,58240.85,DENIED
CLM0010726,POL002316,2025-08-09,54687.78,CLOSED
CLM0004589,POL002302,2025-12-17,26136.07,OPEN
CLM0006123,POL003744,2026-05-01,61984.84,IN REVIEW
CLM0003231,POL000495,2025-10-28,62888.26,OPEN
CLM0006356,POL003319,2025-08-05,29088.4,CLOSED
CLM0005752,POL003214,2025-06-14,1996.28,OPEN
CLM0009359,POL004676,2025-04-09,22177.55,closed
CLM0009955,POL001697,2025-10-09,77574.04,DENIED
CLM0000081,POL000237,N/A,77333.22,CLOSED
CLM0003565,POL004909,2025-02-15,59254.81,CLOSED
CLM0011315,POL003813,2024-12-23,70486.5,CLOSED
CLM0004958,POL003411,2026-05-15,69483.79,DENIED
CLM0003575,POL000499,2025-07-09,23185.75,IN REVIEW
CLM0006933,POL003413,2025-11-28,6176.21,IN REVIEW
CLM0003414,POL003871,2025-06-29,1592.83,CLOSED
CLM0002352,POL001528,2025-02-06,26091.99,DENIED
CLM0004904,POL002154,2026-03-06,36398.16,OPEN
CLM0009006,POL000359,2025-05-18,55643.16,CLOSED
CLM0000311,POL000696,2025-09-02,36942.88,DENIED
CLM0000706,POL004234,2025-01-21,57828.34,OPEN
CLM0001679,POL003091,2024-09-22,30475.02,IN REVIEW
CLM0010559,POL001038,2025-11-18,51525.77,DENIED
CLM0002908,POL004800,2025-09-06,23094.31,CLOSED
CLM0003799,POL002674,2024-10-25,48615.81,CLOSED
CLM0006443,POL002118,2025-11-15,27579.76,CLOSED
CLM0008391,POL002141,2025-02-24,37200.72,OPEN
CLM0004291,POL000286,2024-06-02,45454.3,CLOSED
CLM0006207,POL004932,2025-10-16,29129.45,DENIED
CLM0003715,POL001565,2026-01-20,6431.02,OPEN
CLM0007600,POL001046,2025-03-08,21471.39,IN REVIEW
CLM0005309,POL000464,2024-10-26,57275.54,CLOSED
CLM0001327,POL003730,2026-05-06,47677.57,OPEN
CLM0003686,POL001553,2024-11-17,11462.38,CLOSED
CLM0008059,POL000824,2024-11-28,18616.12,OPEN
CLM0003173,POL002685,2025-03-14,4925.25,open
CLM0008732,POL000963,2025-02-09,56022.91,CLOSED
CLM0004749,POL004697,2026-07-10,64276.29,CLOSED
CLM0008296,POL001914,2024-12-10,75253.31,IN REVIEW
CLM0002598,POL003351,2024-10-19,38950.56,DENIED
CLM0009386,POL000579,2024-09-27,19436.85,CLOSED
CLM0010251,POL003542,2024-10-02,24178.72,OPEN
CLM0007244,POL004990,2024-06-17,3259.03,CLOSED
CLM0011310,POL001009,2025-05-21,5283.39,DENIED
CLM0002895,POL001893,2024-11-09,8806.7,CLOSED
CLM0005413,POL004800,2026-03-10,75060.76,OPEN
CLM0004132,POL004255,2026-05-09,3453.55,DENIED
CLM0000796,POL002316,2025-10-12,31802.67,IN REVIEW
CLM0011620,POL001079,2026-06-21,11970.09,DENIED
CLM0008729,POL002768,2024-12-29,28675.39,CLOSED
CLM0003075,POL000498,2024-12-28,19899.84,OPEN
CLM0010821,POL001407,2024-12-28,5870.9,IN REVIEW
CLM0008941,POL004888,2025-02-18,14948.03,DENIED
CLM0007508,POL004671,2025-06-16,8508.36,DENIED
CLM0005506,POL000859,2026-05-28,14866.49,IN REVIEW
CLM0004779,POL003785,2025-11-22,47991.62,OPEN
CLM0009367,POL001760,2025-11-02,23428.11,OPEN
CLM0005245,POL004808,2024-09-30,54605.05,IN REVIEW
CLM0000581,POL000052,2025-02-16,36021.29,DENIED
CLM0011273,POL002119,2025-03-17,24742.8,DENIED
CLM0011571,POL003054,2025-11-02,15696.08,IN REVIEW
CLM0004205,POL002736,2025-03-15,8771.69,OPEN
CLM0002971,POL004313,2026-06-11,69958.58,CLOSED
CLM0008486,POL003132,2024-09-04,57588.97,closed
CLM0001606,POL001966,2024-06-23,64296.68,denied
CLM0004417,POL001480,2026-07-16,19383.28,IN REVIEW
CLM0000444,POL004711,2026-01-13,67527.06,OPEN
CLM0009715,POL002328,2024-12-04,9038.76,IN REVIEW
CLM0005398,POL004115,2025-03-09,1629.88,IN REVIEW
CLM0008449,POL004662,2025-07-20,18179.03,DENIED
CLM0005189,POL000451,2025-02-04,37677.46,IN REVIEW
CLM0003872,POL002829,2025-07-25,9451.2,DENIED
CLM0000629,POL001868,2025-11-07,8107.27,DENIED
CLM0004671,POL001723,2025-06-03,-40870.92,OPEN
CLM0008677,POL004048,2025-07-25,70518.21,OPEN
CLM0001971,POL004790,2026-02-17,53072.17,OPEN
CLM0004648,POL002098,2024-10-22,31634.27,open
CLM0011676,POL003106,2026-05-17,59981.85,OPEN
CLM0004744,POL000074,2024-08-25,52750.95,DENIED
CLM0011237,POL001057,2026-01-22,31800.21,IN REVIEW
CLM0005169,POL003549,2025-09-19,40337.44,  CLOSED 
CLM0007865,POL001212,2024-11-08,27144.06,OPEN
CLM0007332,POL000559,2024-06-13,11034.68,IN REVIEW
CLM0008350,POL001813,2025-10-08,9999999.99,OPEN
CLM0008697,POL004387,2025-12-30,11619.02,DENIED
CLM0003815,POL002489,2025-10-14,12087.71,CLOSED
CLM0001798,POL004733,2024-11-11,65319.46,IN REVIEW
CLM0006920,POL002318,2025-10-01,54882.36,IN REVIEW
CLM0010023,POL000478,2026-02-10,73392.89,CLOSED
CLM0003055,POL003170,2024-09-10,44055.25,OPEN
CLM0004449,POL001491,2025-04-18,64439.93,IN REVIEW
CLM0002006,POL003643,2026-03-03,19150.97,DENIED
CLM0008235,POL000692,2025-03-24,73396.2,DENIED
CLM0003439,POL004991,2024-11-13,8628.56,OPEN
CLM0004526,POL003066,2026-06-10,48446.98,OPEN
CLM0007986,POL002954,2024-08-18,50362.72,CLOSED
CLM0010614,POL002799,2025-10-02,49788.15,CLOSED
CLM0006934,POL003568,2025-05-22,2505.43,IN REVIEW
CLM0006184,POL003504,2025-05-14,52120.65,IN REVIEW
CLM0004698,POL004905,2024-12-16,16776.49,DENIED
CLM0010461,POL003573,2025-05-20,66170.4,CLOSED
CLM0002296,POL004879,2025-12-10,6956.94,DENIED
CLM0007889,POL002398,2025-11-08,6852.77,DENIED
CLM0000788,POL000211,2026-03-22,15231.73,DENIED
CLM0001072,POL004093,2025-11-18,1860.75,OPEN
CLM0009046,POL003899,2026-04-20,3968.44,CLOSED
CLM0010646,POL002904,2025-09-05,65298.47,IN REVIEW
CLM0010549,POL001247,2025-12-14,78284.89,OPEN
CLM0010271,POL004162,2026-07-05,29955.69,  CLOSED 
CLM0009349,POL002358,2026-02-03,48309.65,OPEN
CLM0010289,POL002379,2025-01-09,61940.39,DENIED
CLM0010152,POL002015,2026-04-29,76084.32,IN REVIEW
CLM0008442,POL001579,2026-01-28,76683.93,DENIED
CLM0001834,POL004737,2025-02-28,17192.72,  IN REVIEW 
CLM0008817,POL001823,2024-09-11,61341.15,IN REVIEW
CLM0008769,POL003168,2025-09-18,17152.27,CLOSED
CLM0005020,POL001030,2026-06-18,19333.9,OPEN
CLM0008790,POL003717,2024-09-25,50415.54,CLOSED
CLM0004343,POL001274,2025-10-02,14793.84,OPEN
CLM0009447,POL000950,2025-05-28,8644.54,DENIED
CLM0005075,POL003102,2025-02-07,6899.31,CLOSED
CLM0007673,POL000946,2025-06-29,51031.54,IN REVIEW
CLM0009105,POL003313,2026-07-11,20778.45,IN REVIEW
CLM0005949,POL001078,2026-03-13,58744.55,CLOSED
CLM0010514,POL003348,2025-09-18,21422.16,IN REVIEW
CLM0004760,POL001592,2025-09-05,27492.15,DENIED
CLM0007687,POL003665,2026-03-03,28762.14,CLOSED
CLM0001349,POL000391,2024-11-01,0,OPEN
CLM0010333,POL000940,2026-03-24,63595.51,IN REVIEW
CLM0002131,POL002616,2026-03-20,14074.7,DENIED
CLM0000817,POL001969,2025-11-10,46404.02,IN REVIEW
CLM0007874,POL002140,2025-07-19,45651.68,IN REVIEW
CLM0007905,POL000189,2024-11-30,31701.6,CLOSED
CLM0000110,POL002849,2026-06-14,45160.75,OPEN
CLM0000429,POL003579,2025-09-13,47572.02,OPEN
CLM0010167,POL002081,2025-09-07,31929.8,CLOSED
CLM0005001,POL000858,2024-07-21,46222.26,DENIED
CLM0000586,POL001062,2025-08-08,7754.58,DENIED
CLM0009055,POL004348,2026-05-30,4066.98,CLOSED
CLM0006083,POL004101,2026-01-02,42751.25,OPEN
CLM0001809,POL004203,2025-07-08,52078.72,DENIED
CLM0005517,POL003478,2025-05-03,15430.51,DENIED
CLM0004934,POL002880,2025-12-18,36475.21,CLOSED
CLM0005466,POL003282,N/A,14151.43,OPEN
CLM0004001,POL002017,2025-07-11,55436.0,IN REVIEW
CLM0011850,POL000749,2025-11-28,39957.79,DENIED
CLM0004184,POL000346,2025-06-30,42009.38,  IN REVIEW 
CLM0007610,POL002274,2026-03-12,69303.67,IN REVIEW
CLM0002167,POL002749,2025-03-25,43169.77,CLOSED
CLM0004850,POL004714,2024-11-13,10858.3,OPEN
CLM0004529,POL002540,2026-03-03,51343.62,CLOSED
CLM0010153,POL003578,2026-03-09,61171.12,CLOSED
CLM0004562,POL002559,2025-02-04,49562.1,IN REVIEW
CLM0011382,POL000364,2025-12-30,50254.42,IN REVIEW
CLM0005123,POL001650,2025-10-28,45832.16,OPEN
CLM0005326,POL002611,2025-04-03,70338.75,DENIED
CLM0003867,POL003038,2025-01-01,31168.13,CLOSED
CLM0000680,POL000202,2025-12-30,65954.04,OPEN
CLM0003864,POL001945,2025-02-22,16896.25,OPEN
CLM0003027,POL000078,2026-02-28,32966.61,CLOSED
CLM0002043,POL959465,2026-01-28,-34444.69,OPEN
CLM0011762,POL003886,2024-10-26,74372.75,OPEN
CLM0009066,POL000017,2025-11-04,39399.95,CLOSED
CLM0002041,POL002213,2026-03-13,35489.02,DENIED
CLM0003287,POL004178,2026-03-22,79615.21,CLOSED
CLM0000406,POL000377,N/A,76514.35,DENIED
CLM0001144,POL002411,2025-10-24,71810.93,DENIED
CLM0011794,POL001640,2026-07-12,32017.57,IN REVIEW
CLM0009101,POL004442,2025-01-15,65869.03,CLOSED
CLM0002015,POL001808,2025-02-07,25146.63,  CLOSED 
CLM0011232,POL002795,2024-10-04,76754.07,IN REVIEW
CLM0002444,POL000808,2025-09-12,54702.86,OPEN
CLM0003725,POL001394,2024-07-26,32416.39,IN REVIEW
CLM0004728,POL000429,2026-02-12,22587.09,OPEN
CLM0003043,POL003952,2026-01-17,4046.13,IN REVIEW
CLM0007449,POL002828,2026-03-22,64566.83,DENIED
CLM0006687,POL004917,2026-06-21,20062.34,OPEN
CLM0007037,POL000320,2024-10-29,53835.8,CLOSED
CLM0008548,POL002480,2024-11-08,38286.6,DENIED
CLM0004820,POL004263,2025-07-01,25991.42,IN REVIEW
CLM0002223,POL001489,2025-07-22,24864.59,DENIED
CLM0006408,POL003274,2024-08-14,42509.63,  IN REVIEW 
CLM0008389,POL000668,2024-11-30,32429.37,OPEN
CLM0009831,POL002733,2025-03-25,11573.28,IN REVIEW
CLM0003227,POL000961,2026-05-28,71921.74,IN REVIEW
CLM0000115,POL000656,2026-07-10,11544.78,OPEN
CLM0005221,POL001252,2026-03-13,13857.48,IN REVIEW
CLM0004059,POL001225,2025-01-01,53845.07,CLOSED
CLM0006386,POL002204,2025-06-08,29321.96,CLOSED
CLM0000004,POL003140,2025-07-23,64803.61,IN REVIEW
CLM0001764,POL004182,2025-08-23,21700.86,OPEN
CLM0010664,POL003874,2026-07-08,55127.76,CLOSED
CLM0006242,POL002983,2024-12-25,40824.62,DENIED
CLM0003596,POL002627,2024-09-15,19607.76,CLOSED
CLM0004192,POL000677,2025-09-03,45963.79,IN REVIEW
CLM0001491,POL002806,2026-01-27,79935.91,IN REVIEW
CLM0000075,POL003310,2025-10-08,58353.84,  CLOSED 
CLM0003132,POL001055,2025-03-13,47210.52,OPEN
CLM0001093,POL003515,2025-01-04,72624.53,open
CLM0007516,POL000576,2025-04-06,10433.79,IN REVIEW
CLM0007251,POL002722,2026-02-24,65004.04,DENIED
CLM0007158,POL001669,2025-03-11,20204.71,OPEN
CLM0011533,POL000089,2025-03-10,31817.78,OPEN
CLM0003180,POL001330,2025-05-25,77339.09,CLOSED
CLM0005592,POL002967,2026-06-22,41301.37,DENIED
CLM0008437,POL002295,2025-07-24,24123.0,DENIED
CLM0001162,POL004188,2025-08-01,9720.13,DENIED
CLM0011634,POL944617,2024-12-14,39420.91,DENIED
CLM0010380,POL003474,2026-01-05,79093.1,OPEN
CLM0005271,POL003881,2025-07-19,48137.45,OPEN
CLM0009767,POL003468,2025-11-25,57197.75,DENIED
CLM0001133,POL004399,2025-05-28,72542.76,DENIED
CLM0009419,POL004656,2026-06-05,26306.83,IN REVIEW
CLM0000133,POL001536,2024-07-06,55634.89,DENIED
CLM0011210,POL004158,2026-01-22,51241.54,OPEN
CLM0010863,POL003375,2026-03-02,66366.19,IN REVIEW
CLM0002693,POL001422,2026-05-25,69009.32,IN REVIEW
CLM0004900,POL000510,2025-01-10,57493.28,OPEN
CLM0002182,POL003146,2024-09-23,27807.91,DENIED
CLM0000549,POL004759,2025-02-16,47037.8,DENIED
CLM0001340,POL001228,2025-02-23,57265.24,DENIED
CLM0004086,POL002721,2026-04-19,28465.33,IN REVIEW
CLM0007368,POL000533,2025-03-02,3629.0,OPEN
CLM0008369,POL000418,2025-11-08,20213.4,IN REVIEW
CLM0009232,POL002038,2025-12-26,20123.56,DENIED
CLM0011796,POL000182,2024-09-28,75098.47,DENIED
CLM0003783,POL001391,2025-06-12,67455.97,CLOSED
CLM0011890,POL003933,2024-08-20,42140.82,closed
CLM0011355,POL000652,2024-07-31,70775.38,CLOSED
CLM0002293,POL001741,2026-07-06,61016.11,DENIED
CLM0006772,POL003305,2026-05-07,58358.59,OPEN
CLM0011388,POL000780,2025-06-11,69953.91,OPEN
CLM0001530,POL004715,2024-10-29,69925.04,IN REVIEW
CLM0001837,POL003827,2025-08-06,18340.54,IN REVIEW
CLM0005920,POL000009,2025-04-03,14138.92,DENIED
CLM0011550,POL001185,2025-05-05,68496.3,OPEN
CLM0010238,POL004943,2024-06-20,68213.5,DENIED
CLM0005596,POL003298,2025-09-29,72157.77,IN REVIEW
CLM0010364,POL000840,2026-02-21,60557.65,IN REVIEW
CLM0001896,POL004020,2025-07-17,30052.59,IN REVIEW
CLM0000999,POL003168,2025-03-06,45098.11,IN REVIEW
CLM0000541,POL001137,2024-06-24,4445.21,CLOSED
CLM0007340,POL000458,2026-06-10,60482.31,CLOSED
CLM0009700,POL003893,2025-05-28,50643.12,CLOSED
CLM0005787,POL003098,2024-09-26,46495.9,IN REVIEW
CLM0011493,POL002774,2024-10-29,6437.49,CLOSED
CLM0008932,POL004268,2026-01-20,51190.21,OPEN
CLM0006148,POL001831,2024-12-23,50956.49,IN REVIEW
CLM0002047,POL000608,2025-11-02,9438.62,OPEN
CLM0010933,POL003002,2025-08-19,39171.32,IN REVIEW
CLM0006667,POL002115,2026-05-13,70416.89,IN REVIEW
CLM0008297,POL000427,2024-10-21,4362.38,DENIED
CLM0011694,POL002494,2025-12-06,18220.87,CLOSED
CLM0000691,POL002777,2024-09-30,43847.15,IN REVIEW
CLM0006191,POL000314,2024-10-21,69029.69,IN REVIEW
CLM0004122,POL000758,2025-06-06,11638.59,CLOSED
CLM0010640,POL003961,2024-10-10,28102.11,CLOSED
CLM0009431,POL000943,2024-07-06,61783.57,DENIED
CLM0006498,POL003350,2025-09-09,16708.04,IN REVIEW
CLM0010065,POL004454,2025-09-14,4536.22,IN REVIEW
CLM0004362,POL003607,2025-04-09,66840.38,DENIED
CLM0009577,POL004866,2026-03-23,28162.85,DENIED
CLM0007409,POL000815,2024-10-26,71982.03,DENIED
CLM0002653,POL003621,2025-01-26,6452.51,OPEN
CLM0011175,POL003720,2025-07-08,61556.82,DENIED
CLM0007455,POL000437,2025-07-23,37018.21,IN REVIEW
CLM0009609,POL001238,2026-02-12,26735.69,DENIED
CLM0007052,POL004503,2025-03-20,64784.06,DENIED
CLM0006103,POL000118,2024-12-05,74881.01,DENIED
CLM0011329,POL000683,2025-02-16,21484.85,OPEN
CLM0007144,POL003794,2026-05-05,38247.86,DENIED
CLM0002740,POL003537,2026-05-04,2056.21,IN REVIEW
CLM0009347,POL004387,2025-01-22,6498.3,IN REVIEW
CLM0010403,POL004432,2024-11-09,17773.13,OPEN
CLM0000707,POL003554,2025-04-05,24932.28,  IN REVIEW 
CLM0010316,POL000360,2024-09-19,76711.2,CLOSED
CLM0002855,POL003370,2025-09-29,30307.81,DENIED
CLM0001642,POL000532,2025-05-18,32032.45,IN REVIEW
CLM0007712,POL002095,2024-10-31,209.09,IN REVIEW
CLM0011323,POL000133,2026-05-10,49879.83,CLOSED
CLM0001498,POL001247,2026-04-12,72353.71,CLOSED
CLM0006842,POL004273,2024-11-27,56778.33,CLOSED
CLM0000744,POL000862,2026-05-23,59375.24,CLOSED
CLM0010836,POL001149,2026-01-23,38330.3,DENIED
CLM0010518,POL001343,2024-10-17,53291.35,IN REVIEW
CLM0010850,POL000238,2025-04-30,72996.28,DENIED
CLM0008555,POL004802,2025-08-15,20705.83,CLOSED
CLM0005023,POL004968,2024-11-02,53704.08,CLOSED
CLM0003129,POL000964,2025-04-30,77794.63,IN REVIEW
CLM0001871,POL000425,2025-11-16,24996.44,DENIED
CLM0011595,POL004705,2026-05-17,36259.42,IN REVIEW
CLM0008048,POL004854,2024-11-04,75916.17,OPEN
CLM0004527,POL002221,2025-02-21,18003.54,CLOSED
CLM0011846,POL001594,2025-05-27,20527.46,CLOSED
CLM0007927,POL004476,2025-08-23,14437.72,DENIED
CLM0001869,POL001079,2024-11-06,2402.08,OPEN
CLM0011577,POL003617,2025-12-15,47780.13,CLOSED
CLM0007161,POL004549,2024-09-17,61668.18,CLOSED
CLM0003377,POL004031,2025-09-08,58123.55,CLOSED
CLM0005292,POL002469,2024-12-21,13279.71,OPEN
CLM0009547,POL002206,2025-02-15,56185.63,CLOSED
CLM0009460,POL000052,2025-11-15,71206.84,IN REVIEW
CLM0009335,POL001641,2024-08-23,21856.57,OPEN
CLM0010748,POL001763,2026-01-19,41375.94,CLOSED
CLM0010620,POL000154,2026-07-18,73873.87,DENIED
CLM0004280,POL004987,2026-01-06,37650.97,CLOSED
CLM0006952,POL001228,2024-09-14,7503.02,IN REVIEW
CLM0009430,POL004571,2025-04-27,57311.33,OPEN
CLM0010906,POL000246,2025-11-26,54450.51,OPEN
CLM0007248,POL001623,2026-05-16,78223.29,DENIED
CLM0011395,POL003944,2026-04-07,52758.88,DENIED
CLM0003484,POL004176,2025-07-07,66914.27,OPEN
CLM0006566,POL000687,2025-02-14,32394.87,OPEN
CLM0006015,POL002007,2024-12-13,61781.21,OPEN
CLM0005569,POL002131,2024-09-02,60825.92,OPEN
CLM0004239,POL002093,2026-02-28,74932.5,CLOSED
CLM0006072,POL000571,2024-09-16,66636.24,IN REVIEW
CLM0005674,POL000199,2025-04-10,7403.26,CLOSED
CLM0007950,POL002354,31/12/2025,48920.06,IN REVIEW
CLM0001709,POL003499,2026-05-02,9251.06,IN REVIEW
CLM0009918,POL004594,2026-13-45,34599.59,OPEN
CLM0010024,POL004710,2025-03-13,44365.7,OPEN
CLM0005284,POL003470,2025-03-31,52435.81,OPEN
CLM0009294,POL003141,2024-07-01,55145.16,OPEN
CLM0000271,POL004069,2024-08-30,4223.89,OPEN
CLM0003862,POL002766,2025-01-12,47246.4,CLOSED
CLM0007581,POL001073,2025-08-23,54526.59,IN REVIEW
CLM0010565,POL001276,2026-04-22,26582.85,CLOSED
CLM0008086,POL002751,2024-08-21,59875.11,OPEN
CLM0007080,POL000324,2024-11-06,76350.34,OPEN
CLM0009240,POL004960,2024-12-08,10831.84,DENIED
CLM0004237,POL003379,2025-07-05,36382.62,OPEN
CLM0003578,POL004903,2026-05-14,68673.74,CLOSED
CLM0004745,POL001709,2024-08-09,74351.36,DENIED
CLM0004371,POL004004,2024-08-13,53957.62,DENIED
CLM0011542,POL000791,2026-01-13,47254.89,CLOSED
CLM0010176,POL000511,2025-04-28,59381.57,CLOSED
CLM0004615,POL001684,2024-07-20,11910.82,CLOSED
CLM0004020,POL004021,2026-03-10,18414.76,OPEN
CLM0008633,POL000475,2024-12-07,30896.28,OPEN
CLM0005179,POL003971,2025-06-11,17863.91,IN REVIEW
CLM0001677,POL001029,2025-02-04,4509.01,OPEN
CLM0006349,POL001214,2025-11-27,34395.71,DENIED
CLM0000206,POL003721,2025-03-20,343.9,DENIED
CLM0005349,POL000865,2026-03-15,33895.16,IN REVIEW
CLM0002845,POL002519,2026-06-22,8455.01,DENIED
CLM0001415,POL000363,2025-10-23,74526.18,CLOSED
CLM0011275,POL003954,2024-12-28,59646.24,IN REVIEW
CLM0001197,POL002720,2025-11-02,43740.98,DENIED
CLM0004495,POL003081,2024-08-01,48607.68,CLOSED
CLM0005581,POL003937,2026-05-18,65751.78,DENIED
CLM0003497,POL000053,2025-05-25,11133.26,CLOSED
CLM0007195,POL000556,2026-02-22,58421.93,IN REVIEW
CLM0008793,POL002830,2025-05-21,13037.07,DENIED
CLM0011473,POL004448,2025-10-26,31663.88,CLOSED
CLM0004781,POL002723,2026-04-15,76153.19,DENIED
CLM0011882,POL002488,2025-10-09,22629.66,CLOSED
CLM0006808,POL001529,2024-09-18,49817.44,CLOSED
CLM0006802,POL001116,2024-08-04,28706.49,OPEN
CLM0005728,POL004044,2026-03-26,31717.19,OPEN
CLM0001254,POL003234,2026-07-16,1816.12,IN REVIEW
CLM0009428,POL002648,2025-05-27,71644.22,CLOSED
CLM0007267,POL004006,2024-06-02,18741.3,OPEN
CLM0001281,POL001108,2026-02-27,65843.53,CLOSED
CLM0000183,POL000048,,1535.87,CLOSED
CLM0000153,POL001348,2025-01-01,51411.66,IN REVIEW
CLM0009059,POL001599,2025-09-16,38905.7,DENIED
CLM0011082,POL002043,2025-04-06,56788.78,CLOSED
CLM0007688,POL000058,2025-10-22,53322.68,OPEN
CLM0010501,POL004856,2026-03-28,40239.63,CLOSED
CLM0007359,POL003215,2026-05-29,59078.08,IN REVIEW
CLM0000139,POL000990,,70625.39,OPEN
CLM0000696,POL004724,2026-01-30,70070.79,CLOSED
CLM0002295,POL003747,2026-03-02,79417.17,CLOSED
CLM0004556,POL003236,2025-06-13,2180.78,CLOSED
CLM0000644,POL002338,2026-06-28,78742.93,DENIED
CLM0009133,POL004541,2026-13-45,40067.16,CLOSED
CLM0005258,POL002594,2026-03-07,1278.95,CLOSED
CLM0009130,POL003867,2025-08-21,50165.18,DENIED
CLM0008564,POL003570,2025-10-17,4197.5,OPEN
CLM0004637,POL002338,2025-08-22,3504.43,DENIED
CLM0009910,POL004050,2026-04-11,54669.49,CLOSED
CLM0002636,POL000084,2025-05-03,5278.22,DENIED
CLM0004523,POL003306,2025-04-22,66239.91,CLOSED
CLM0009311,POL000119,2024-06-18,34630.86,OPEN
CLM0009092,POL002287,2025-01-29,2331.31,DENIED
CLM0007049,POL000487,2025-12-13,67117.77,DENIED
CLM0008284,POL000932,2025-03-04,54073.5,DENIED
CLM0003908,POL004132,2025-02-13,12961.13,IN REVIEW
CLM0003866,POL003096,2025-07-04,30306.94,IN REVIEW
CLM0011171,POL002923,2024-08-07,10101.73,IN REVIEW
CLM0006331,POL004919,2025-02-23,41359.32,IN REVIEW
CLM0004509,POL004481,2025-09-07,78444.54,OPEN
CLM0009271,POL001920,2024-09-26,59290.25,IN REVIEW
CLM0010302,POL002830,2025-09-01,32471.91,DENIED
CLM0005319,POL004076,2024-12-17,32196.81,DENIED
CLM0006810,POL002776,2025-12-16,1918.52,IN REVIEW
CLM0008850,POL001307,2026-05-02,0,IN REVIEW
CLM0008528,POL003076,2025-03-10,31934.92,OPEN
CLM0007228,POL004649,2025-09-15,37638.35,IN REVIEW
CLM0011271,POL001610,2024-10-11,71965.37,in review
CLM0011484,POL003261,2025-04-10,64604.28,CLOSED
CLM0005091,POL002479,2025-08-20,28530.29,OPEN
CLM0004456,POL001302,2024-07-06,44955.43,IN REVIEW
CLM0004111,POL002234,2024-10-22,59356.22,IN REVIEW
CLM0008397,POL003707,2024-11-29,72738.44,DENIED
CLM0004092,POL003648,2025-01-19,61516.79,OPEN
CLM0003751,POL004039,2026-01-17,15295.85,CLOSED
CLM0002756,POL002128,2025-04-07,16112.81,OPEN
CLM0005148,POL002508,2024-12-08,12144.23,  DENIED 
CLM0002537,POL004290,2026-03-09,43323.51,IN REVIEW
CLM0008680,POL000853,2026-07-19,51360.33,CLOSED
CLM0000994,POL002632,2026-06-29,28186.76,CLOSED
CLM0002665,POL001307,2025-01-16,20055.69,DENIED
CLM0009697,POL001598,2026-06-26,5248.97,IN REVIEW
CLM0010759,POL003787,2026-01-06,8768.31,IN REVIEW
CLM0007806,POL004741,2026-06-18,19139.68,OPEN
CLM0007237,POL002307,2026-03-17,19568.18,IN REVIEW
CLM0007130,POL003572,2025-11-25,72340.06,DENIED
CLM0007876,POL000920,2025-12-26,53440.99,DENIED
CLM0011658,POL002568,2026-05-01,21350.91,CLOSED
CLM0003166,POL003480,2025-09-14,67199.55,IN REVIEW
CLM0000045,POL003237,2025-05-10,31241.52,OPEN
CLM0000620,POL000673,2026-05-04,40397.42,OPEN
CLM0008917,POL003583,2024-07-12,73152.23,OPEN
CLM0003936,POL003105,2025-05-16,32419.07,IN REVIEW
CLM0005394,POL000101,2025-04-09,31736.31,CLOSED
CLM0003987,POL003249,2026-05-30,36255.46,CLOSED
CLM0005633,POL001393,2025-12-12,64320.12,OPEN
CLM0010313,POL004883,2024-08-24,56706.96,DENIED
CLM0009229,POL001237,2024-09-01,35261.38,IN REVIEW
CLM0006088,POL003235,2026-05-21,49116.09,IN REVIEW
CLM0000972,POL004221,2024-06-06,15186.96,  OPEN 
CLM0000364,POL004486,2026-05-26,12796.47,IN REVIEW
CLM0000463,POL002324,2024-11-12,61521.03,DENIED
CLM0001556,POL003476,2024-09-18,18804.64,OPEN
CLM0005630,POL003825,2025-01-29,52217.64,IN REVIEW
CLM0010575,POL002230,2025-09-13,77763.19,CLOSED
CLM0011727,POL004961,2025-09-13,37216.47,IN REVIEW
CLM0007187,POL004666,2024-08-03,8409.82,DENIED
CLM0010003,POL003018,2025-01-09,25150.86,IN REVIEW
CLM0009666,POL003374,2026-05-03,67157.91,open
CLM0006812,POL000887,2026-01-26,34838.61,OPEN
CLM0007970,POL003059,2025-12-30,28999.03,DENIED
CLM0011461,POL003941,2024-10-16,53774.19,OPEN
CLM0005547,POL002735,2024-08-02,51024.64,OPEN
CLM0001733,POL002282,2025-03-08,45937.16,OPEN
CLM0003766,POL004087,2025-07-05,56651.93,DENIED
CLM0002687,POL003911,2025-11-15,38478.91,OPEN
CLM0003598,POL000685,2024-08-26,15550.47,CLOSED
CLM0006633,POL003682,2025-11-15,50519.55,CLOSED
CLM0002716,POL000282,2025-01-18,50669.16,IN REVIEW
CLM0004277,POL000165,2024-06-07,75937.59,CLOSED
CLM0001410,POL004189,2025-12-20,67700.03,DENIED
CLM0006355,POL004561,2026-07-10,21040.0,OPEN
CLM0008797,POL002663,2024-06-26,30926.86,CLOSED
CLM0010288,POL003286,2024-12-24,5826.7,DENIED
CLM0004320,POL000867,2025-11-26,41827.31,DENIED
CLM0007220,POL003027,2026-04-16,43829.87,CLOSED
CLM0002092,POL003161,2026-05-09,60906.0,DENIED
CLM0004354,POL004152,2026-03-01,32227.54,DENIED
CLM0010426,POL002515,2024-12-17,35557.49,CLOSED
CLM0003074,POL003287,2025-10-03,54962.02,IN REVIEW
CLM0007803,POL002960,2026-02-13,4669.64,IN REVIEW
CLM0003631,POL001078,2025-09-06,20112.11,OPEN
CLM0001212,POL001572,2024-12-12,25770.06,IN REVIEW
CLM0004506,POL004589,2024-12-28,69235.85,CLOSED
CLM0010471,POL001715,2025-11-21,34201.43,CLOSED
CLM0003526,POL958864,2026-01-17,77132.33,OPEN
CLM0006367,POL002131,2024-06-30,68178.2,DENIED
CLM0011870,POL001910,2025-02-14,13542.25,OPEN
CLM0007464,POL000697,2025-10-21,50586.18,CLOSED
CLM0004532,POL002851,2025-03-26,42613.24,OPEN
CLM0003825,POL004887,2025-01-19,42861.57,CLOSED
CLM0001102,POL004501,2025-06-02,10648.35,DENIED
CLM0001591,POL002158,2025-02-25,2141.91,OPEN
CLM0003004,POL001791,2025-10-23,69547.24,CLOSED
CLM0009153,POL001263,2025-12-09,31415.45,CLOSED
CLM0003923,POL003871,2026-04-06,68127.03,CLOSED
CLM0011743,POL004219,2026-04-11,14514.14,DENIED
CLM0004213,POL003614,2026-04-25,75984.12,DENIED
CLM0004245,POL001916,2025-10-18,31662.33,CLOSED
CLM0002428,POL004118,2024-06-02,16951.45,DENIED
CLM0011911,POL003589,2025-02-23,24216.09,OPEN
CLM0010231,POL004925,2025-05-06,17492.02,OPEN
CLM0001266,POL003048,2024-09-26,51383.79,CLOSED
CLM0010334,POL003182,2025-03-25,2618.65,OPEN
CLM0000372,POL000007,2026-02-01,12415.04,  IN REVIEW 
CLM0004368,POL004375,2025-01-05,5433.7,DENIED
CLM0008131,POL000902,2025-03-19,36041.6,CLOSED
CLM0002328,POL000599,2025-10-17,19186.86,OPEN
CLM0008082,POL003852,2024-09-26,25784.09,IN REVIEW
CLM0003187,POL000685,2024-09-22,32020.14,IN REVIEW
CLM0007206,POL002814,2026-05-20,36996.0,CLOSED
CLM0008074,POL001009,2024-08-20,40414.35,OPEN
CLM0009111,POL001523,2024-11-06,15169.98,IN REVIEW
CLM0011614,POL004048,2024-07-13,43424.53,OPEN
CLM0011505,POL001199,2026-06-26,69952.28,DENIED
CLM0008746,POL003340,2025-09-26,72721.99,CLOSED
CLM0011693,POL002047,2025-06-24,11643.48,OPEN
CLM0000259,POL004199,2026-02-18,72030.42,IN REVIEW
CLM0000233,POL001393,2025-10-19,21533.46,DENIED
CLM0008970,POL000862,2025-03-03,48791.92,CLOSED
CLM0005755,POL000762,2025-09-28,67591.68,DENIED
CLM0003570,POL002506,2025-10-19,54865.16,CLOSED
CLM0000723,POL001152,2024-06-30,38205.49,IN REVIEW
CLM0002140,POL004346,2025-05-15,36354.58,DENIED
CLM0008656,POL004645,2025-05-16,47042.47,DENIED
CLM0001980,POL002865,2025-11-04,16866.83,in review
CLM0010751,POL001187,2024-07-03,70093.16,OPEN
CLM0001759,POL001935,2024-10-16,43574.21,CLOSED
CLM0004009,POL004175,2026-01-27,15908.7,IN REVIEW
CLM0006788,POL002364,2026-03-22,76840.09,OPEN
CLM0007679,POL002468,2024-12-23,53044.17,denied
CLM0008947,POL004371,2026-06-05,25472.88,CLOSED
CLM0011409,POL001618,0000-00-00,73309.92,OPEN
CLM0002685,POL000960,2024-08-01,56981.68,OPEN
CLM0000933,POL004659,2025-04-20,61337.93,DENIED
CLM0003914,POL003504,2025-07-11,57096.21,DENIED
CLM0008363,POL001822,2026-05-12,49981.16,IN REVIEW
CLM0010045,POL002126,2025-12-08,38910.6,IN REVIEW
CLM0007117,POL004829,2025-04-17,55701.74,closed
CLM0002248,POL002685,31/12/2025,66627.48,IN REVIEW
CLM0006942,POL002034,2025-12-06,50596.83,DENIED
CLM0010903,POL004194,2025-12-27,8861.11,  CLOSED 
CLM0007039,POL000007,2025-02-12,18839.63,CLOSED
CLM0003765,POL004894,2024-11-06,51982.95,OPEN
CLM0004945,POL004129,2024-06-23,33311.04,IN REVIEW
CLM0001590,POL001496,2026-06-22,65177.25,DENIED
CLM0010010,POL003631,2024-08-04,24901.21,CLOSED
CLM0008569,POL002401,2024-11-01,12528.25,IN REVIEW
CLM0000659,POL001628,2025-04-03,75550.05,OPEN
CLM0001105,POL002742,2025-09-16,764.71,DENIED
CLM0001963,POL002830,2024-08-26,5852.15,IN REVIEW
CLM0002540,POL001455,2025-08-30,39527.8,CLOSED
CLM0002975,POL004475,2025-12-02,36327.72,CLOSED
CLM0007783,POL002858,2025-11-08,47075.09,IN REVIEW
CLM0006771,POL001768,2024-10-17,77591.53,DENIED
CLM0009288,POL002747,2024-06-22,11035.22,CLOSED
CLM0009898,POL004765,2025-06-05,79672.47,DENIED
CLM0009380,POL001995,2026-06-05,61202.28,CLOSED
CLM0001595,POL004328,2024-07-17,29879.82,OPEN
CLM0006807,POL003174,2024-06-30,73602.11,OPEN
CLM0009449,POL001922,2025-04-22,7445.11,  DENIED 
CLM0005631,POL003636,2026-02-05,75720.77,OPEN
CLM0007092,POL001571,2025-04-11,24324.49,DENIED
CLM0003460,POL003703,2025-08-27,58579.77,IN REVIEW
CLM0011086,POL004506,2024-07-27,27134.35,DENIED
CLM0008089,POL000638,2025-07-09,46363.23,CLOSED
CLM0001618,POL001478,2024-06-10,69319.25,IN REVIEW
CLM0010626,POL003564,2024-10-30,78706.75,OPEN
CLM0007114,POL004307,2025-03-19,36279.29,  OPEN 
CLM0005185,POL004601,2024-08-08,37859.22,CLOSED
CLM0006397,POL002554,2025-10-20,32511.91,CLOSED
CLM0001975,POL004069,2026-03-04,40436.26,DENIED
CLM0008556,POL003585,2025-02-02,16885.44,CLOSED
CLM0010679,POL001687,2025-03-23,6068.38,CLOSED
CLM0003143,POL004720,2026-03-24,18345.35,  IN REVIEW 
CLM0008298,POL004744,2025-08-25,5826.48,CLOSED
CLM0010325,POL003570,2024-07-26,50328.46,OPEN
CLM0005310,POL002861,2024-07-03,58215.05,CLOSED
CLM0011866,POL001813,2026-02-21,25932.74,DENIED
CLM0004262,POL002832,2024-11-14,36079.45,OPEN
CLM0009385,POL003901,2024-12-13,58664.28,CLOSED
CLM0001766,POL000831,2024-08-02,42698.82,DENIED
CLM0004776,POL004515,2025-01-09,40832.64,OPEN
CLM0011127,POL003152,2025-01-30,64472.4,IN REVIEW
CLM0002391,POL001122,2025-03-17,57471.02,CLOSED
CLM0001229,POL002458,2024-06-12,64461.88,OPEN
CLM0002265,POL002614,2025-05-06,54371.22,OPEN
CLM0004289,POL001965,2025-09-25,67538.36,OPEN
CLM0008147,POL003487,2024-11-19,78579.38,IN REVIEW
CLM0006748,POL002025,2024-06-23,64524.87,IN REVIEW
CLM0005555,POL000648,2024-08-05,68994.26,DENIED
CLM0010520,POL003746,2024-09-08,67330.94,CLOSED
CLM0005766,POL004119,2025-02-07,16011.88,IN REVIEW
CLM0006518,POL000824,2024-12-21,7830.13,IN REVIEW
CLM0000619,POL003309,2024-09-26,49409.49,CLOSED
CLM0003737,POL003580,2026-05-03,54290.15,OPEN
CLM0003238,POL002143,2026-01-26,9238.53,DENIED
CLM0008255,POL002401,2026-01-28,53477.07,IN REVIEW
CLM0010000,POL003430,2026-02-19,30917.66,CLOSED
CLM0005254,POL002297,2025-10-29,6662.55,OPEN
CLM0005251,POL000447,2024-10-28,20008.39,IN REVIEW
CLM0003691,POL000950,N/A,69977.3,  DENIED 
CLM0004865,POL002913,2025-06-12,13790.8,CLOSED
CLM0003080,POL002182,2026-04-13,14510.03,OPEN
CLM0003608,POL001556,2026-03-20,32531.02,DENIED
CLM0000511,POL001268,2025-04-29,28676.65,CLOSED
CLM0003754,POL000606,2026-06-28,56035.25,CLOSED
CLM0003000,POL002628,2025-07-21,55343.49,DENIED
CLM0002604,POL004442,2025-12-25,78671.14,IN REVIEW
CLM0008842,POL004009,2024-08-03,43082.32,OPEN
CLM0005084,POL001114,2025-08-26,42935.53,CLOSED
CLM0009839,POL003012,2025-09-05,19896.4,DENIED
CLM0004747,POL002491,2024-12-08,66163.17,CLOSED
CLM0009070,POL001080,2024-10-13,55477.84,OPEN
CLM0010579,POL000508,2025-12-01,40807.15,OPEN
CLM0001392,POL003112,2025-08-19,56841.81,CLOSED
CLM0003919,POL002169,2025-08-27,15279.01,CLOSED
CLM0009694,POL004387,2025-01-12,50039.51,DENIED
CLM0003852,POL004223,2026-07-05,18844.99,OPEN
CLM0011440,POL004763,2024-06-17,50204.71,OPEN
CLM0000577,POL000547,2025-07-01,63257.16,DENIED
CLM0008262,POL000806,2026-06-21,22022.13,IN REVIEW
CLM0003576,POL002687,2025-12-07,5638.75,CLOSED
CLM0008197,POL003334,2025-01-04,74744.89,DENIED
CLM0006241,POL000372,2024-08-10,23843.71,OPEN
CLM0002357,POL004389,2026-05-16,9999999.99,IN REVIEW
CLM0008429,POL003909,2024-10-06,74145.96,CLOSED
CLM0009095,POL001418,2025-10-10,5292.71,OPEN
CLM0002910,POL002752,2025-06-29,67002.24,CLOSED
CLM0000267,POL004934,2025-11-16,46107.07,IN REVIEW
CLM0010145,POL003447,2026-13-45,64329.57,DENIED
CLM0010079,POL001036,2025-02-16,50267.81,IN REVIEW
CLM0004109,POL003025,2026-03-05,32780.74,DENIED
CLM0007137,POL002598,2026-05-20,58831.06,CLOSED
CLM0008830,POL002534,2026-03-19,41693.22,IN REVIEW
CLM0010989,POL003286,2025-04-16,9330.17,CLOSED
CLM0006396,POL004628,2025-11-12,19054.14,CLOSED
CLM0005234,POL003853,2025-10-19,55205.77,OPEN
CLM0008009,POL003932,2025-08-21,27318.27,DENIED
CLM0004153,POL000382,2026-01-01,74182.16,IN REVIEW
CLM0005059,POL001080,2024-12-14,10658.81,IN REVIEW
CLM0001539,POL002239,2024-08-02,48444.45,IN REVIEW
CLM0010188,POL002119,2026-02-07,22381.36,IN REVIEW
CLM0001477,POL004155,2025-02-27,68627.49,OPEN
CLM0001332,POL004144,2025-05-14,36666.59,IN REVIEW
CLM0011396,POL004626,2026-01-20,51080.52,CLOSED
CLM0009593,POL000543,2025-11-11,53101.55,OPEN
CLM0000170,POL001798,2024-06-23,28947.54,IN REVIEW
CLM0008641,POL004396,2024-09-20,74991.88,CLOSED
CLM0010417,POL000939,2026-07-09,29747.03,DENIED
CLM0001253,POL003611,2024-10-14,21334.32,OPEN
CLM0003406,POL000214,2024-08-23,3394.81,IN REVIEW
CLM0009806,POL002534,2025-10-05,4037.98,IN REVIEW
CLM0003408,POL001716,2025-06-01,77652.64,CLOSED
CLM0008343,POL003668,2024-11-02,57123.75,IN REVIEW
CLM0007499,POL000481,2026-04-22,43232.96,DENIED
CLM0009986,POL001043,2025-08-10,66243.37,CLOSED
CLM0003222,POL003413,2026-05-26,77186.7,OPEN
CLM0006836,POL004220,2024-11-29,53395.42,CLOSED
CLM0006591,POL004762,2025-01-07,78627.96,OPEN
CLM0003874,POL002051,2026-03-27,14782.67,CLOSED
CLM0001161,POL002127,2024-11-22,12978.6,CLOSED
CLM0000103,POL004922,2025-11-29,41555.34,IN REVIEW
CLM0007249,POL003725,2024-11-17,66420.26,OPEN
CLM0003392,POL004732,2024-07-05,60300.57,OPEN
CLM0000478,POL000560,2025-03-06,9999999.99,DENIED
CLM0003182,POL001381,2024-11-22,52968.05,OPEN
CLM0001829,POL000756,0000-00-00,65983.43,IN REVIEW
CLM0007201,POL944630,2025-11-07,22937.32,DENIED
CLM0011308,POL001454,2025-07-24,26795.78,DENIED
CLM0008740,POL002529,2026-07-05,4693.75,OPEN
CLM0003527,POL004197,2025-10-09,52304.32,OPEN
CLM0000184,POL001381,2025-12-13,57742.81,IN REVIEW
CLM0010070,POL003965,2026-05-08,61930.41,CLOSED
CLM0005051,POL001099,2025-02-01,16218.68,in review
CLM0011730,POL004205,2025-02-13,29380.34,DENIED
CLM0004616,POL004393,2025-01-10,50198.01,DENIED
CLM0006994,POL000006,2025-04-04,58496.46,IN REVIEW
CLM0007666,POL003166,2024-12-17,7033.48,DENIED
CLM0007890,POL000129,2025-05-29,22675.45,DENIED
CLM0011084,POL004520,2025-08-29,55164.75,IN REVIEW
CLM0006119,POL001852,2025-11-05,29300.12,IN REVIEW
CLM0001055,POL004352,2026-01-20,7553.22,OPEN
CLM0000989,POL001447,2024-07-18,29341.12,CLOSED
CLM0002269,POL001545,2026-05-16,41623.47,IN REVIEW
CLM0001645,POL000767,2025-10-11,12189.34,IN REVIEW
CLM0004267,POL004345,2024-06-20,7621.22,CLOSED
CLM0001699,POL003301,2024-07-04,16762.39,CLOSED
CLM0006053,POL001233,2025-05-11,8081.27,OPEN
CLM0001032,POL002755,2025-06-13,61672.21,DENIED
CLM0004518,POL002654,2024-07-06,15803.9,OPEN
CLM0005960,POL000548,2024-07-03,67592.18,IN REVIEW
CLM0005218,POL001067,2025-01-28,59957.88,OPEN
CLM0007153,POL004975,2025-01-22,34961.95,in review
CLM0008585,POL003092,2024-06-10,55655.42,IN REVIEW
CLM0007307,POL002145,2026-07-15,56313.68,OPEN
CLM0005346,POL000781,2024-09-20,11480.25,CLOSED
CLM0003831,POL000037,N/A,9345.59,OPEN
CLM0010475,POL002319,2026-05-18,35162.89,OPEN
CLM0009391,POL004242,2024-11-15,48119.86,OPEN
CLM0011034,POL000266,2025-10-31,71487.25,OPEN
CLM0004017,POL904900,2025-09-13,38651.97,OPEN
CLM0001607,POL000454,2025-02-27,71375.15,OPEN
CLM0007344,POL004008,2025-10-19,36964.24,IN REVIEW
CLM0011545,POL000660,2024-08-14,-31267.64,CLOSED
CLM0010714,POL001970,2024-08-17,43061.72,CLOSED
CLM0005402,POL004394,2024-08-22,20128.32,CLOSED
CLM0000047,POL004643,2025-08-07,15421.9,CLOSED
CLM0001816,POL003914,2024-09-13,49961.93,DENIED
CLM0011006,POL003241,2025-11-05,38870.7,OPEN
CLM0005266,POL003120,2026-06-12,49725.68,CLOSED
CLM0006562,POL002741,2024-06-30,40544.33,  CLOSED 
CLM0008259,POL003129,2025-05-22,13952.06,IN REVIEW
CLM0000913,POL002180,2026-07-12,31782.47,IN REVIEW
CLM0011625,POL002844,2026-03-25,2060.59,closed
CLM0005775,POL002701,2025-07-28,72629.0,CLOSED
CLM0003762,POL004055,2025-06-18,42571.91,IN REVIEW
CLM0002595,POL004783,2025-01-16,30014.79,OPEN
CLM0007173,POL000494,2026-07-09,13564.56,DENIED
CLM0004024,POL003648,2025-04-03,14183.34,CLOSED
CLM0006310,POL002621,2026-01-01,48766.88,CLOSED
CLM0010344,POL001654,2024-08-15,15910.79,IN REVIEW
CLM0002112,POL001281,2025-04-11,32799.46,CLOSED
CLM0011939,POL000267,2026-04-05,34105.01,IN REVIEW
CLM0001891,POL002407,2026-02-28,7272.74,  OPEN 
CLM0004733,POL004402,2026-05-06,37866.4,CLOSED
CLM0007314,POL003370,2025-05-28,71197.7,DENIED
CLM0006379,POL002283,2024-11-23,73180.15,DENIED
CLM0003480,POL004461,2024-07-17,79013.24,IN REVIEW
CLM0008875,POL004214,2026-05-21,51843.04,CLOSED
CLM0001860,POL003804,2024-09-01,60071.71,CLOSED
CLM0008913,POL002301,2025-08-02,64724.34,IN REVIEW
CLM0006116,POL000276,2025-06-11,71971.55,DENIED
CLM0004396,POL004888,2025-02-14,6171.65,OPEN
CLM0004125,POL000645,2024-12-07,32228.3,IN REVIEW
CLM0001544,POL000525,2025-02-05,33742.64,CLOSED
CLM0009894,POL001889,2025-12-07,76873.55,OPEN
CLM0010187,POL002194,2026-05-06,52750.64,OPEN
CLM0003545,POL002615,2026-05-22,12720.46,DENIED
CLM0010496,POL004147,2025-05-18,42906.59,CLOSED
CLM0000741,POL002025,2025-11-02,23901.08,IN REVIEW
CLM0001839,POL001121,2025-03-02,38915.23,OPEN
CLM0002739,POL002813,2024-06-02,57641.04,  DENIED 
CLM0007879,POL000415,2024-11-07,55874.29,OPEN
CLM0003929,POL003670,2026-07-20,51269.26,IN REVIEW
CLM0008593,POL001930,2024-06-01,9257.94,OPEN
CLM0003506,POL003077,2025-11-28,52701.95,DENIED
CLM0002276,POL002457,2026-03-25,37190.8,DENIED
CLM0002219,POL001269,2025-10-21,25316.6,IN REVIEW
CLM0008914,POL001522,2025-10-16,54770.79,DENIED
CLM0010775,POL000223,2025-04-25,15040.85,DENIED
CLM0010568,POL001130,2026-02-02,52640.15,CLOSED
CLM0011205,POL004982,2026-07-20,31768.95,CLOSED
CLM0011091,POL003626,2026-06-04,65816.74,IN REVIEW
CLM0011238,POL000358,2026-03-24,6421.85,OPEN
CLM0005054,POL003741,2026-06-04,20202.64,OPEN
CLM0000519,POL004797,2025-10-06,78417.51,DENIED
CLM0011176,POL003341,2025-07-26,50680.33,in review
CLM0002008,POL001917,2026-07-14,49204.23,DENIED
CLM0003746,POL002250,,48436.59,CLOSED
CLM0000123,POL003464,2025-05-16,70847.37,DENIED
CLM0001084,POL000509,2025-08-30,14014.33,  CLOSED 
CLM0001064,POL004616,2025-05-28,5976.82,OPEN
CLM0000401,POL002394,2026-03-03,31938.92,OPEN
CLM0004322,POL004233,2024-09-24,54363.86,OPEN
CLM0003561,POL000963,2026-06-23,59083.38,CLOSED
CLM0004181,POL000883,2024-12-02,42970.11,IN REVIEW
CLM0008320,POL004569,2025-02-19,75434.32,IN REVIEW
CLM0010602,POL000158,,47334.79,OPEN
CLM0009838,POL002530,2026-05-19,23340.95,IN REVIEW
CLM0000761,POL004181,2024-07-23,18591.65,DENIED
CLM0006547,POL003342,2025-04-20,27901.45,OPEN
CLM0011515,POL004588,2025-05-20,37520.91,IN REVIEW
CLM0010233,POL001272,31/12/2025,8815.19,IN REVIEW
CLM0007398,POL002044,2024-11-27,68129.42,OPEN
CLM0009350,POL003688,2024-11-21,28463.15,CLOSED
CLM0001001,POL000372,2025-05-02,78690.69,OPEN
CLM0000558,POL000557,2025-05-26,73598.02,DENIED
CLM0011592,POL002853,2026-13-45,66584.35,DENIED
CLM0005885,POL004414,2024-11-10,30506.57,OPEN
CLM0002337,POL002877,2025-02-06,71030.16,CLOSED
CLM0006470,POL002389,2026-04-18,27442.94,DENIED
CLM0009029,POL004315,2024-12-03,58549.38,CLOSED
CLM0009951,POL000298,2026-03-22,21379.65,DENIED
CLM0001309,POL000896,2026-07-06,39709.92,DENIED
CLM0007148,POL002086,2025-10-03,74674.85,IN REVIEW
CLM0008409,POL004244,2025-04-19,66541.78,DENIED
CLM0003521,POL004657,2024-11-23,59640.78,CLOSED
CLM0010043,POL004980,2026-02-25,47746.73,CLOSED
CLM0008629,POL001809,2026-04-04,75130.2,DENIED
CLM0006800,POL003137,2025-02-16,17186.84,CLOSED
CLM0006992,POL003617,2024-11-29,63357.08,IN REVIEW
CLM0010386,POL000780,2024-08-13,59847.49,CLOSED
CLM0008710,POL003003,2025-01-26,48575.45,CLOSED
CLM0000484,POL002205,2026-01-05,70431.99,IN REVIEW
CLM0001947,POL001004,2026-01-12,56767.57,DENIED
CLM0006142,POL003776,2026-03-26,4388.98,IN REVIEW
CLM0008514,POL001970,2025-12-19,45253.58,DENIED
CLM0004061,POL003777,2026-01-30,45589.4,DENIED
CLM0006998,POL001528,2025-11-02,13333.73,CLOSED
CLM0010488,POL004776,2026-06-03,17758.5,CLOSED
CLM0001120,POL003409,2026-04-16,53428.55,CLOSED
CLM0009461,POL004874,2026-03-30,69962.26,DENIED
CLM0008779,POL001431,2024-06-14,22724.7,DENIED
CLM0002022,POL002776,2026-04-12,74596.99,OPEN
CLM0000974,POL000294,2025-08-13,55611.39,IN REVIEW
CLM0011307,POL001203,2025-06-21,24549.19,DENIED
CLM0009723,POL003464,2025-09-12,43840.68,OPEN
CLM0000299,POL000160,2024-10-21,4981.76,IN REVIEW
CLM0005473,POL003311,2025-03-31,64769.2,IN REVIEW
CLM0011386,POL001477,2025-11-21,33493.67,OPEN
CLM0000152,POL002664,2026-05-03,67781.74,CLOSED
CLM0002091,POL000501,2024-07-02,33935.19,IN REVIEW
CLM0011554,POL000420,2026-03-23,70318.23,IN REVIEW
CLM0010598,POL002473,2024-09-15,55653.82,CLOSED
CLM0011927,POL000435,2024-07-13,55730.1,IN REVIEW
CLM0002147,POL002947,2024-11-20,39696.53,OPEN
CLM0010062,POL001493,2024-11-30,74237.91,CLOSED
CLM0005040,POL000174,2025-11-07,59990.24,DENIED
CLM0008782,POL004391,2025-11-22,16750.38,OPEN
CLM0004563,POL004921,2025-02-08,10072.88,DENIED
CLM0002599,POL004510,2025-05-08,5332.35,OPEN
CLM0004452,POL004595,2024-06-20,20072.23,OPEN
CLM0006675,POL004795,2024-09-02,76501.18,DENIED
CLM0005235,POL001509,2025-02-08,78589.64,OPEN
CLM0005045,POL004903,2025-11-12,46209.09,CLOSED
CLM0011230,POL003226,2026-03-23,43858.07,DENIED
CLM0007882,POL002512,2026-02-05,72791.49,DENIED
CLM0010138,POL002930,2024-11-12,45773.77,OPEN
CLM0000455,POL003229,2025-08-25,73491.36,OPEN
CLM0001378,POL004996,2025-12-15,43519.44,DENIED
CLM0006736,POL002871,2026-05-27,27718.67,IN REVIEW
CLM0006809,POL004520,2026-07-19,54649.24,open
CLM0005408,POL004374,2024-10-02,62383.57,IN REVIEW
CLM0002858,POL002983,2024-07-20,65572.04,OPEN
CLM0002429,POL002742,2025-06-20,34244.4,IN REVIEW
CLM0009560,POL002679,2026-07-02,79492.42,OPEN
CLM0000291,POL004745,2026-05-31,21795.59,CLOSED
CLM0011216,POL004914,2026-06-17,71938.39,DENIED
CLM0003184,POL001448,2025-08-31,26997.38,OPEN
CLM0003382,POL000651,2024-09-04,76953.05,in review
CLM0006539,POL001814,2025-01-25,59121.47,CLOSED
CLM0006224,POL001080,2026-05-16,51647.69,OPEN
CLM0001867,POL004601,2026-07-17,71459.23,OPEN
CLM0011878,POL003016,2025-08-05,36283.4,CLOSED
CLM0005583,POL004512,2024-09-30,24892.69,IN REVIEW
CLM0011491,POL001161,2025-12-25,16520.14,OPEN
CLM0003785,POL004449,2025-12-11,35739.67,IN REVIEW
CLM0000415,POL003211,2025-12-22,67987.77,OPEN
CLM0000818,POL002495,2025-07-11,61417.77,DENIED
CLM0006701,POL003142,2026-02-21,11426.72,IN REVIEW
CLM0010524,POL004417,2024-08-08,37890.27,IN REVIEW
CLM0008577,POL003274,2024-10-08,50195.49,IN REVIEW
CLM0007567,POL000459,2024-09-23,15119.27,  OPEN 
CLM0000670,POL000562,2025-03-27,47813.91,DENIED
CLM0010642,POL002645,2025-12-08,73889.16,DENIED
CLM0001725,POL000530,2024-10-26,62900.07,DENIED
CLM0010446,POL000609,2025-09-24,17190.44,  DENIED 
CLM0008083,POL002683,2025-06-10,75208.97,OPEN
CLM0003492,POL003355,2024-06-07,76122.54,OPEN
CLM0004211,POL001706,2026-05-15,75105.36,IN REVIEW
CLM0003581,POL003845,2024-10-29,77996.07,IN REVIEW
CLM0011881,POL001703,2025-02-09,67178.59,IN REVIEW
CLM0002563,POL002762,2025-03-05,36056.61,CLOSED
CLM0006283,POL002097,2025-03-20,13948.22,DENIED
CLM0001921,POL002941,2025-01-14,69887.15,CLOSED
CLM0004856,POL000047,2024-10-20,9499.54,CLOSED
CLM0001110,POL003086,,44924.23,DENIED
CLM0004763,POL004882,2025-06-05,723.97,CLOSED
CLM0002847,POL003240,2026-05-12,71047.06,IN REVIEW
CLM0003383,POL004645,2025-11-03,38644.99,OPEN
CLM0004756,POL001910,2026-01-16,8001.48,IN REVIEW
CLM0006511,POL001942,2025-08-28,78046.72,OPEN
CLM0007295,POL000079,2026-02-09,3296.99,IN REVIEW
CLM0002510,POL000948,2025-10-22,36578.48,DENIED
CLM0007116,POL003514,2025-11-03,20372.07,CLOSED
CLM0010106,POL002078,2024-10-25,24780.19,CLOSED
CLM0002224,POL004674,2024-08-14,35456.56,IN REVIEW
CLM0011876,POL001151,2025-01-09,59865.51,CLOSED
CLM0003784,POL000022,2025-01-10,29687.23,CLOSED
CLM0005909,POL001887,2026-05-05,27389.17,OPEN
CLM0001449,POL003270,2025-03-17,39810.48,OPEN
CLM0010320,POL002174,2024-06-10,41107.74,OPEN
CLM0009351,POL002301,2025-03-10,52734.83,DENIED
CLM0003660,POL003784,2026-04-04,56252.93,OPEN
CLM0002387,POL002340,2024-11-21,52862.74,IN REVIEW
CLM0005941,POL003264,2026-06-04,49391.31,IN REVIEW
CLM0001140,POL003106,2024-08-28,64828.6,DENIED
CLM0011722,POL000980,2025-12-09,29152.8,DENIED
CLM0004361,POL004526,2025-04-28,50391.72,IN REVIEW
CLM0009841,POL003035,2024-06-08,13040.24,OPEN
CLM0009533,POL003644,2025-04-07,6375.08,IN REVIEW
CLM0011767,POL004104,2025-02-10,3979.32,DENIED
CLM0004407,POL003316,2025-01-04,69278.97,DENIED
CLM0010360,POL004174,2026-07-06,62907.75,DENIED
CLM0000946,POL004809,2025-11-19,49457.09,IN REVIEW
CLM0005556,POL002874,2025-09-12,70348.29,CLOSED
CLM0001900,POL003311,2025-03-10,45640.72,DENIED
CLM0002471,POL004898,2024-09-21,42918.26,CLOSED
CLM0003836,POL002044,2025-12-08,19751.85,IN REVIEW
CLM0011635,POL003553,2026-04-15,31785.46,DENIED
CLM0005223,POL000383,2025-10-30,64469.6,DENIED
CLM0003271,POL000846,2025-09-28,37916.44,CLOSED
CLM0009678,POL004621,2025-02-26,75574.84,OPEN
CLM0003562,POL004276,2026-02-05,13035.66,DENIED
CLM0001401,POL002982,2025-04-20,33352.04,DENIED
CLM0003638,POL003111,2026-06-12,68571.84,OPEN
CLM0004882,POL003265,2024-11-18,8248.44,CLOSED
CLM0003139,POL003262,2025-08-15,1496.63,IN REVIEW
CLM0002780,POL002144,2025-08-15,39330.71,IN REVIEW
CLM0007151,POL002631,2026-04-05,62945.24,OPEN
CLM0003339,POL000862,2025-05-11,49311.6,OPEN
CLM0005544,POL001769,2025-04-06,16739.79,CLOSED
CLM0003084,POL004381,2025-12-14,76398.13,closed
CLM0000254,POL000036,2024-12-04,47558.13,OPEN
CLM0001684,POL002191,2024-06-22,49608.56,CLOSED
CLM0005356,POL003090,2025-03-05,55694.43,CLOSED
CLM0007004,POL001431,2025-12-04,50023.42,CLOSED
CLM0007281,POL004925,2024-09-09,79571.48,CLOSED
CLM0005463,POL000803,2024-10-02,67132.39,DENIED
CLM0010936,POL002915,2025-04-18,34525.14,OPEN
CLM0010771,POL004145,2024-08-07,19706.34,CLOSED
CLM0008652,POL004686,2025-01-17,275.76,DENIED
CLM0005779,POL002899,2024-12-18,64652.14,IN REVIEW
CLM0004795,POL000771,2026-05-25,5920.26,DENIED
CLM0003808,POL003729,2024-10-01,36034.44,OPEN
CLM0003156,POL000655,2024-11-02,54844.69,IN REVIEW
CLM0010117,POL001355,2024-08-10,19096.5,OPEN
CLM0004659,POL002257,2024-11-30,56110.51,OPEN
CLM0009911,POL000648,2025-06-07,58176.09,OPEN
CLM0009116,POL003935,2025-02-05,65190.8,CLOSED
CLM0010984,POL004112,2026-07-17,66404.29,OPEN
CLM0010882,POL003669,2024-08-14,51817.16,DENIED
CLM0002625,POL003128,2025-06-10,53575.19,DENIED
CLM0010854,POL002599,2024-07-11,9149.49,DENIED
CLM0001070,POL003820,2024-09-18,60898.51,OPEN
CLM0003554,POL004505,2024-09-01,11710.92,IN REVIEW
CLM0006381,POL003228,2025-09-22,35472.11,CLOSED
CLM0009575,POL002817,2024-11-22,11984.12,CLOSED
CLM0005682,POL004917,2026-05-11,14518.59,in review
CLM0000860,POL001309,2025-07-02,22144.66,DENIED
CLM0007830,POL000607,2026-07-15,7167.02,DENIED
CLM0010673,POL004037,2024-07-20,46080.45,OPEN
CLM0010250,POL002010,2026-03-26,71362.47,CLOSED
CLM0003513,POL000069,2024-11-23,70989.68,CLOSED
CLM0010595,POL002836,2025-04-10,2308.71,OPEN
CLM0003454,POL003870,2025-03-02,57405.17,CLOSED
CLM0009926,POL000418,2025-11-30,29481.82,CLOSED
CLM0003031,POL004523,2025-01-09,5501.88,CLOSED
CLM0008153,POL002414,2026-06-01,-60246.24,IN REVIEW
CLM0010080,POL000152,2026-07-18,56953.29,CLOSED
CLM0004888,POL001969,2024-08-30,30584.98,CLOSED
CLM0001909,POL001275,2025-11-03,11022.41,OPEN
CLM0007737,POL004946,2025-05-10,20702.08,IN REVIEW
CLM0004512,POL001323,2026-02-26,78375.26,OPEN
CLM0008870,POL004327,2025-01-08,33981.45,DENIED
CLM0000658,POL000158,2025-02-11,57169.18,CLOSED
CLM0011507,POL003736,2025-02-09,68217.33,OPEN
CLM0009902,POL000033,2025-04-27,30006.14,closed
CLM0011502,POL000394,2024-11-15,14991.88,OPEN
CLM0000270,POL004874,2025-10-10,60731.8,IN REVIEW
CLM0007273,POL000487,2026-03-25,18516.69,OPEN
CLM0002189,POL003183,2026-07-16,28268.61,OPEN
CLM0003673,POL004617,2024-09-28,25998.92,IN REVIEW
CLM0000879,POL000624,2026-04-24,37733.56,DENIED
CLM0010068,POL004712,2024-08-14,38993.17,CLOSED
CLM0010681,POL923289,2025-01-13,72855.72,OPEN
CLM0008054,POL000203,2026-07-11,79359.3,IN REVIEW
CLM0000476,POL003896,2025-07-31,28090.17,IN REVIEW
CLM0007207,POL002212,2025-01-12,10038.88,OPEN
CLM0007067,POL002284,2025-10-21,45889.6,CLOSED
CLM0003318,POL000245,2026-04-19,4885.08,OPEN
CLM0000069,POL001516,2025-10-07,17331.43,  CLOSED 
CLM0008983,POL000714,2025-11-13,0,CLOSED
CLM0002827,POL001824,2025-07-02,2191.94,IN REVIEW
CLM0002003,POL003445,2026-05-22,255.84,CLOSED
CLM0001049,POL001930,2024-10-08,55227.14,IN REVIEW
CLM0005477,POL000425,2025-07-16,52510.46,IN REVIEW
CLM0007294,POL003600,2025-06-30,68054.97,DENIED
CLM0004286,POL004671,2024-12-17,18519.23,DENIED
CLM0010297,POL004982,2025-10-08,38391.36,CLOSED
CLM0004928,POL002721,2025-12-24,64649.94,OPEN
CLM0008110,POL004909,2026-01-27,13988.72,IN REVIEW
CLM0008325,POL002930,2025-02-25,58388.59,OPEN
CLM0003674,POL001030,2025-07-09,18346.23,IN REVIEW
CLM0003895,POL003870,2026-04-22,10824.83,CLOSED
CLM0004549,POL002848,2025-03-31,41172.52,OPEN
CLM0007918,POL004234,2025-04-27,34333.21,CLOSED
CLM0004199,POL002925,2024-08-13,60879.43,IN REVIEW
CLM0008986,POL000413,2025-06-18,65891.99,DENIED
CLM0010535,POL000316,2024-07-26,35353.85,IN REVIEW
CLM0007055,POL001563,2025-11-16,2225.89,OPEN
CLM0000553,POL000709,2025-06-04,48279.92,DENIED
CLM0004852,POL001596,2025-05-09,71820.26,IN REVIEW
CLM0007500,POL000121,2026-06-19,45834.92,  OPEN 
CLM0001000,POL004638,2025-06-05,65978.09,OPEN
CLM0007751,POL002714,2025-02-15,59776.22,DENIED
CLM0001134,POL002629,2025-02-17,36760.32,OPEN
CLM0001901,POL003737,2025-02-08,11385.73,  CLOSED 
CLM0003025,POL001752,2025-10-15,46177.86,CLOSED
CLM0002559,POL002221,2024-06-23,47264.56,IN REVIEW
CLM0010639,POL004478,2025-03-08,19874.38,IN REVIEW
CLM0003296,POL001209,2025-02-17,30087.92,CLOSED
CLM0004053,POL004161,2026-03-14,73281.59,IN REVIEW
CLM0011425,POL002057,2026-04-01,79529.97,OPEN
CLM0002608,POL003420,2025-11-29,42358.5,CLOSED
CLM0009558,POL004581,2025-05-10,35228.87,OPEN
CLM0001857,POL002278,2024-09-08,72044.75,OPEN
CLM0000514,POL000676,2024-11-19,109.61,DENIED
CLM0008806,POL003537,2026-06-23,33309.19,DENIED
CLM0005016,POL004124,2026-06-13,-28814.96,OPEN
CLM0007699,POL001551,2026-04-16,27980.8,IN REVIEW
CLM0008360,POL004742,2025-05-04,25947.58,OPEN
CLM0010281,POL000389,2024-07-13,70262.55,CLOSED
CLM0010083,POL000137,2025-09-24,26640.59,OPEN
CLM0011221,POL002859,2024-07-02,36650.89,CLOSED
CLM0004631,POL003567,2025-11-06,13350.67,OPEN
CLM0006090,POL003112,N/A,14302.82,DENIED
CLM0003847,POL001045,0000-00-00,46963.64,CLOSED
CLM0011872,POL001496,2025-12-18,36419.0,IN REVIEW
CLM0011837,POL004615,2026-03-09,51561.79,  DENIED 
CLM0009151,POL003246,2024-06-28,10465.45,IN REVIEW
CLM0008832,POL000527,2026-04-10,6505.91,IN REVIEW
CLM0001351,POL003351,2026-01-08,22292.93,IN REVIEW
CLM0001978,POL003455,2024-07-23,78343.92,CLOSED
CLM0011206,POL004941,2025-09-22,35162.45,IN REVIEW
CLM0001138,POL000793,2025-06-01,28854.14,IN REVIEW
CLM0011655,POL003858,2025-01-19,42650.6,IN REVIEW
CLM0006008,POL001496,2024-10-02,56310.9,CLOSED
CLM0008309,POL004005,2025-08-31,6207.2,CLOSED
CLM0004692,POL001734,2024-09-05,50203.24,DENIED
CLM0009797,POL003056,2025-01-26,37405.3,DENIED
CLM0010671,POL003468,2025-11-19,12092.85,OPEN
CLM0008788,POL004302,2025-11-09,77908.57,IN REVIEW
CLM0006067,POL004717,0000-00-00,57923.56,DENIED
CLM0001432,POL001166,2025-05-13,36730.77,IN REVIEW
CLM0001015,POL002083,2024-08-03,37981.56,IN REVIEW
CLM0008465,POL001038,2026-04-21,64225.38,OPEN
CLM0002610,POL001101,2025-10-13,59570.49,open
CLM0005659,POL000659,2025-01-17,13447.41,IN REVIEW
CLM0009083,POL004898,2026-07-03,20688.08,open
CLM0011073,POL003514,2025-02-18,55258.3,OPEN
CLM0000522,POL002406,2025-01-13,24749.8,DENIED
CLM0011134,POL003478,2025-12-28,9753.22,  OPEN 
CLM0009667,POL002495,2024-07-02,1420.75,CLOSED
CLM0009912,POL004905,2026-02-17,35898.96,denied
CLM0005081,POL000678,2024-06-06,66196.26,denied
CLM0007510,POL003663,2024-09-13,12595.25,closed
CLM0000341,POL001362,2025-05-17,69896.26,IN REVIEW
CLM0011988,POL000037,,19161.9,OPEN
CLM0007747,POL004547,2026-01-12,0,OPEN
CLM0003883,POL002842,2025-10-22,68331.2,denied
CLM0009120,POL003638,2026-02-07,10064.7,IN REVIEW
CLM0011050,POL004358,2025-02-10,68340.16,CLOSED
CLM0000065,POL003015,2026-01-09,69129.16,CLOSED
CLM0010244,POL001914,2024-07-27,74036.09,OPEN
CLM0000073,POL000025,2026-06-09,45874.4,IN REVIEW
CLM0000701,POL003526,2025-06-04,16312.7,CLOSED
CLM0001142,POL002192,2026-02-28,78029.67,CLOSED
CLM0008334,POL002192,2025-11-02,63650.79,IN REVIEW
CLM0001473,POL003465,2024-12-02,17527.36,IN REVIEW
CLM0004297,POL004386,2025-10-16,30008.69,CLOSED
CLM0008166,POL000080,2025-12-16,49188.92,  IN REVIEW 
CLM0007421,POL000180,2025-11-24,56060.99,DENIED
CLM0005367,POL002115,2026-06-26,74237.54,DENIED
CLM0004043,POL003675,2024-12-25,4727.66,CLOSED
CLM0006928,POL002203,2025-12-17,76087.89,DENIED
CLM0007315,POL000275,2026-05-03,20222.06,OPEN
CLM0010724,POL004788,2026-03-07,35147.53,  IN REVIEW 
CLM0003819,POL004453,2026-02-02,12184.66,OPEN
CLM0008038,POL002716,,43557.65,IN REVIEW
CLM0001843,POL000964,31/12/2025,16263.74,open
CLM0011038,POL004456,2025-06-05,50123.88,CLOSED
CLM0011709,POL000660,2026-02-08,70006.34,IN REVIEW
CLM0009297,POL000433,2024-09-10,33124.46,IN REVIEW
CLM0002768,POL004020,2026-01-22,65111.02,CLOSED
CLM0009813,POL004896,2025-05-28,71266.17,IN REVIEW
CLM0003017,POL001549,2026-02-02,36741.6,DENIED
CLM0005776,POL004908,2024-12-16,50488.6,OPEN
CLM0007758,POL001437,2026-02-21,33020.42,DENIED
CLM0009361,POL001921,2025-06-25,20355.77,IN REVIEW
CLM0002641,POL000696,2026-04-20,25337.39,IN REVIEW
CLM0000512,POL001425,2025-07-09,59652.89,IN REVIEW
CLM0000333,POL000956,2026-07-18,58242.87,CLOSED
CLM0010395,POL000456,2026-13-45,19490.21,IN REVIEW
CLM0011053,POL003994,2025-04-16,-19743.23,CLOSED
CLM0010789,POL002315,2026-01-02,61473.7,IN REVIEW
CLM0010968,POL004667,2025-06-20,76682.28,IN REVIEW
CLM0006275,POL001602,2025-06-05,62719.23,CLOSED
CLM0003930,POL001126,2026-01-23,43782.79,DENIED
CLM0003472,POL002338,2026-06-26,66556.8,  CLOSED 
CLM0004713,POL001427,2024-06-23,77360.29,  CLOSED 
CLM0004565,POL000962,2026-02-19,66734.87,DENIED
CLM0002821,POL004517,2026-01-28,31450.39,OPEN
CLM0000460,POL001282,2026-03-17,58622.6,DENIED
CLM0004662,POL000333,2024-08-24,48979.36,CLOSED
CLM0004454,POL003143,2025-03-16,54573.6,OPEN
CLM0006786,POL002962,2025-01-17,415.18,IN REVIEW
CLM0005052,POL002828,2026-01-12,78077.53,CLOSED
CLM0005910,POL001175,2026-06-26,23613.95,DENIED
CLM0008786,POL002915,2025-10-21,33723.36,DENIED
CLM0003718,POL002335,2025-01-19,36478.56,IN REVIEW
CLM0007089,POL004442,2024-07-06,12981.87,DENIED
CLM0002222,POL003140,2025-08-17,59655.65,CLOSED
CLM0008210,POL001044,2026-01-20,36664.12,OPEN
CLM0001153,POL002256,2024-09-22,5134.53,OPEN
CLM0000896,POL001585,2024-08-13,33691.03,open
CLM0005121,POL001117,2025-11-29,45461.1,CLOSED
CLM0001826,POL000600,2024-08-27,53455.84,OPEN
CLM0001852,POL003030,2025-05-06,79114.27,DENIED
CLM0011465,POL001979,2025-04-30,4920.17,CLOSED
CLM0008246,POL000933,2025-02-10,23648.7,CLOSED
CLM0004214,POL001461,31/12/2025,45630.96,OPEN
CLM0004500,POL004682,2024-08-31,48708.41,DENIED
CLM0005303,POL003087,2024-08-29,77290.27,CLOSED
CLM0002348,POL002913,2026-05-13,12340.37,IN REVIEW
CLM0004670,POL001659,2025-11-30,20269.31,IN REVIEW
CLM0000593,POL001588,2025-01-13,13352.87,CLOSED
CLM0003357,POL003108,2024-12-16,51984.86,IN REVIEW
CLM0003634,POL003838,2025-09-15,25313.47,DENIED
CLM0002670,POL000445,2026-01-16,63656.35,OPEN
CLM0006760,POL001537,2026-04-18,31308.21,IN REVIEW
CLM0004477,POL000470,2024-12-13,57054.29,DENIED
CLM0004813,POL003989,2026-05-19,77143.54,  IN REVIEW 
CLM0010709,POL004908,2025-05-13,68586.46,OPEN
CLM0000900,POL000346,2026-04-26,192.4,CLOSED
CLM0003549,POL003007,2025-11-18,48220.23,CLOSED
CLM0011417,POL000546,2026-03-04,8385.14,IN REVIEW
CLM0001555,POL004311,2025-09-17,6902.83,CLOSED
CLM0002781,POL003246,2024-07-24,9614.22,DENIED
CLM0001554,POL000447,2026-03-06,18549.86,CLOSED
CLM0001902,POL001212,2024-08-14,71338.78,DENIED
CLM0004798,POL000193,2024-09-03,39186.84,CLOSED
CLM0010741,POL002201,2025-05-24,23402.56,OPEN
CLM0003511,POL004227,2025-12-07,20141.42,OPEN
CLM0008381,POL003617,2025-11-02,11980.36,CLOSED
CLM0006719,POL003187,2025-07-18,42119.35,  CLOSED 
CLM0011644,POL001918,2024-07-04,8218.33,CLOSED
CLM0010476,POL003938,2026-03-30,42760.99,OPEN
CLM0003200,POL002991,2024-10-29,345.01,open
CLM0004178,POL002058,2024-11-11,17053.14,CLOSED
CLM0005749,POL003977,2024-07-23,68782.78,CLOSED
CLM0011236,POL001602,2025-08-31,24582.55,CLOSED
CLM0001856,POL002711,2026-02-01,72723.18,DENIED
CLM0009827,POL000505,2024-11-08,57773.42,OPEN
CLM0004669,POL000357,2025-01-19,72046.3,IN REVIEW
CLM0011190,POL004361,2025-05-04,8288.03,DENIED
CLM0002063,POL000903,2025-08-20,1137.95,OPEN
CLM0003426,POL004049,2025-11-01,28608.02,CLOSED
CLM0002069,POL004666,2025-04-01,18172.45,DENIED
CLM0000657,POL001963,2025-08-18,43728.07,OPEN
CLM0005914,POL002185,2024-09-05,29644.58,IN REVIEW
CLM0008270,POL000538,2025-03-17,34387.22,IN REVIEW
CLM0003010,POL003755,2025-08-24,74524.47,DENIED
CLM0001312,POL003585,2024-12-17,64780.05,OPEN
CLM0011719,POL001647,2026-03-20,18531.89,CLOSED
CLM0009470,POL000778,2026-04-08,58652.35,DENIED
CLM0007257,POL001159,2025-05-14,19199.84,CLOSED
CLM0007354,POL000784,2025-05-07,47784.38,IN REVIEW
CLM0007021,POL004664,2024-08-13,63106.14,IN REVIEW
CLM0005241,POL001898,2025-11-14,75264.27,OPEN
CLM0004618,POL000353,2024-07-07,30801.99,CLOSED
CLM0005106,POL004001,2025-09-24,-30292.99,OPEN
CLM0004444,POL003727,2025-12-23,50826.89,OPEN
CLM0011926,POL003940,2024-12-26,44257.67,CLOSED
CLM0001141,POL004489,2026-05-12,3633.97,CLOSED
CLM0005929,POL001713,2025-08-28,30309.37,CLOSED
CLM0005609,POL003210,2024-06-01,29197.43,DENIED
CLM0011192,POL002753,2024-11-12,36735.7,IN REVIEW
CLM0005742,POL003738,N/A,76145.13,CLOSED
CLM0009843,POL001887,2024-07-16,76803.23,OPEN
CLM0011810,POL000331,2024-12-17,65417.03,CLOSED
CLM0007776,POL000411,2025-11-19,47303.61,DENIED
CLM0003935,POL001597,2025-05-10,57746.99,OPEN
CLM0006353,POL004162,2025-07-18,13454.79,IN REVIEW
CLM0007694,POL002229,2026-05-24,48189.58,IN REVIEW
CLM0004931,POL002784,2025-02-03,44033.71,DENIED
CLM0008033,POL004405,2025-06-14,7221.57,DENIED
CLM0008571,POL002952,2025-10-23,7347.84,OPEN
CLM0007053,POL002081,2025-10-25,33830.74,DENIED
CLM0003809,POL002566,2025-10-12,69380.36,IN REVIEW
CLM0008478,POL001527,2026-02-16,69916.39,IN REVIEW
CLM0007929,POL003197,2026-06-19,18718.21,DENIED
CLM0004223,POL000561,2026-05-27,34857.89,CLOSED
CLM0010209,POL004444,2025-04-18,30241.73,CLOSED
CLM0000955,POL000095,2024-09-30,67786.63,CLOSED
CLM0004816,POL002069,2026-04-28,76774.16,OPEN
CLM0005756,POL001957,2025-09-13,43050.7,DENIED
CLM0003990,POL002536,2024-07-06,18239.57,OPEN
CLM0000048,POL001495,2024-10-19,28987.1,DENIED
CLM0000678,POL001734,2024-09-27,3882.05,CLOSED
CLM0009568,POL001477,2024-06-18,22412.96,IN REVIEW
CLM0005825,POL002539,2024-12-04,37212.64,closed
CLM0006330,POL004494,2024-08-15,52905.04,OPEN
CLM0006899,POL004310,2026-07-20,52937.61,OPEN
CLM0002317,POL003575,2025-03-07,1515.35,CLOSED
CLM0010401,POL000761,2026-05-30,69026.95,IN REVIEW
CLM0002612,POL000056,2024-08-12,74975.86,OPEN
CLM0006799,POL001832,,69642.03,DENIED
CLM0009658,POL004750,2025-05-14,35299.53,IN REVIEW
CLM0005168,POL003440,2026-04-01,60121.03,IN REVIEW
CLM0002551,POL001829,2024-11-07,34835.08,DENIED
CLM0011952,POL001850,2026-03-16,6441.84,DENIED
CLM0006140,POL004872,2026-05-02,60150.32,CLOSED
CLM0003291,POL003724,2025-09-23,79320.42,DENIED
CLM0005896,POL002889,2025-07-13,76856.12,DENIED
CLM0010610,POL001130,2026-03-27,27742.55,IN REVIEW
CLM0002119,POL001693,2026-05-11,24024.52,DENIED
CLM0010627,POL003295,2026-04-25,49869.94,OPEN
CLM0008101,POL002591,2025-03-03,76597.67,DENIED
CLM0004180,POL004976,2026-07-19,60933.78,DENIED
CLM0001092,POL003439,2024-10-17,39100.28,OPEN
CLM0002508,POL000549,2024-06-08,13117.1,OPEN
CLM0005889,POL001154,2024-11-17,19658.27,CLOSED
CLM0002366,POL003692,2025-01-21,10351.79,IN REVIEW
CLM0001515,POL001286,2025-07-03,79854.62,CLOSED
CLM0003453,POL003081,2026-01-24,66017.89,OPEN
CLM0011151,POL001961,2025-10-09,18312.54,CLOSED
CLM0005628,POL000695,2024-06-11,6787.61,OPEN
CLM0008896,POL003321,2025-09-14,4846.22,DENIED
CLM0010084,POL004634,2026-07-12,15994.0,OPEN
CLM0004567,POL000721,2026-01-14,69367.2,DENIED
CLM0001513,POL004148,2025-08-08,15608.27,CLOSED
CLM0004133,POL001478,2024-10-04,66053.06,CLOSED
CLM0009760,POL003797,2025-12-05,38476.21,CLOSED
CLM0003022,POL001390,2024-11-27,47393.34,OPEN
CLM0007167,POL002131,2025-05-24,3477.09,IN REVIEW
CLM0011909,POL001479,2026-05-22,2057.32,CLOSED
CLM0004019,POL004837,2025-04-13,7558.43,DENIED
CLM0004395,POL003946,2024-08-02,61902.82,DENIED
CLM0008837,POL001079,2025-02-03,11712.07,CLOSED
CLM0000054,POL004647,2025-04-08,52945.07,IN REVIEW
CLM0004530,POL001266,2026-01-16,41885.51,CLOSED
CLM0007305,POL002301,2025-02-11,69733.18,IN REVIEW
CLM0011178,POL003492,2024-07-29,76885.99,CLOSED
CLM0004946,POL001736,2025-09-09,9596.52,CLOSED
CLM0001251,POL002386,2025-01-07,79755.61,DENIED
CLM0001761,POL003704,2024-06-09,50429.87,  CLOSED 
CLM0008711,POL002195,2025-06-08,72382.01,CLOSED
CLM0007968,POL002725,2025-11-05,24431.08,OPEN
CLM0010370,POL001504,2024-10-24,68546.66,IN REVIEW
CLM0011994,POL000994,2025-05-03,42218.62,DENIED
CLM0011815,POL003246,2026-03-15,35139.07,IN REVIEW
CLM0004937,POL004270,2024-06-30,65876.89,OPEN
CLM0000889,POL004734,2026-04-28,36121.92,IN REVIEW
CLM0002232,POL003722,2025-11-03,36350.51,CLOSED
CLM0011227,POL002573,2024-10-24,5717.82,CLOSED
CLM0007084,POL001306,2024-10-22,16315.64,CLOSED
CLM0010521,POL000003,2026-01-27,55158.67,CLOSED
CLM0008333,POL002577,2026-05-20,63251.43,OPEN
CLM0005067,POL003011,31/12/2025,32852.0,closed
CLM0008120,POL002121,2026-05-04,46526.78,OPEN
CLM0008435,POL002034,2024-10-02,35339.15,CLOSED
CLM0009535,POL004378,2026-04-04,5369.53,CLOSED
CLM0004911,POL000016,2024-11-05,55575.88,CLOSED
CLM0006136,POL004996,2024-12-30,29275.63,IN REVIEW
CLM0008002,POL001376,2026-07-06,76285.56,DENIED
CLM0003011,POL003429,2024-09-24,66013.73,CLOSED
CLM0000067,POL004407,2026-07-06,68691.21,OPEN
CLM0000093,POL000076,2026-04-12,26507.84,IN REVIEW
CLM0004486,POL000478,2025-01-29,8824.62,CLOSED
CLM0002198,POL000903,2024-12-26,62945.82,IN REVIEW
CLM0006307,POL003947,2024-10-30,44815.19,IN REVIEW
CLM0009857,POL004820,2024-06-04,22179.22,IN REVIEW
CLM0010439,POL002999,2025-02-09,79389.1,IN REVIEW
CLM0007793,POL000751,2025-01-07,25173.71,IN REVIEW
CLM0002961,POL004003,2025-05-03,21228.41,OPEN
CLM0004940,POL004851,2025-09-11,65184.7,CLOSED
CLM0011114,POL002248,2025-11-15,19851.42,IN REVIEW
CLM0005799,POL000815,2024-10-12,31083.81,OPEN
CLM0002953,POL000143,2024-10-06,8559.83,OPEN
CLM0002487,POL003974,2025-04-08,28485.6,OPEN
CLM0004338,POL001036,2026-01-08,7662.99,OPEN
CLM0001953,POL000162,2025-03-27,35164.4,OPEN
CLM0004084,POL003717,2026-01-11,53880.57,DENIED
CLM0001299,POL004971,2026-02-28,60376.09,DENIED
CLM0008623,POL004299,2025-01-08,41739.13,IN REVIEW
CLM0009663,POL004514,2024-07-09,29487.28,CLOSED
CLM0008473,POL003421,2024-11-30,36734.87,OPEN
CLM0010601,POL003314,2026-06-14,38200.15,IN REVIEW
CLM0006528,POL001127,2025-01-13,36731.45,DENIED
CLM0005901,POL002580,2025-08-18,30957.59,DENIED
CLM0005088,POL001675,2026-03-27,13632.46,OPEN
CLM0008066,POL000495,2025-11-22,15221.39,IN REVIEW
CLM0000296,POL002045,2025-05-10,77189.04,OPEN
CLM0006044,POL003469,2025-09-03,22755.25,IN REVIEW
CLM0005440,POL004146,2025-03-29,77247.43,IN REVIEW
CLM0007506,POL001160,2025-08-01,37932.62,IN REVIEW
CLM0007156,POL003902,2026-03-27,44635.85,OPEN
CLM0004578,POL004746,2026-07-10,26746.67,DENIED
CLM0004930,POL000818,2025-08-13,15108.27,CLOSED
CLM0004941,POL004641,2025-04-30,10342.12,in review
CLM0004366,POL004632,0000-00-00,69850.83,OPEN
CLM0009633,POL003392,2024-10-14,25340.74,IN REVIEW
CLM0006791,POL000312,2025-04-17,69713.04,CLOSED
CLM0003950,POL001739,2026-06-23,14917.44,IN REVIEW
CLM0000516,POL004755,2024-10-26,71434.96,DENIED
CLM0001510,POL003550,2024-07-10,41321.13,CLOSED
CLM0009562,POL001762,2025-08-01,54828.79,CLOSED
CLM0001775,POL000909,2024-11-24,70709.5,OPEN
CLM0004554,POL001218,2024-12-09,20694.11,IN REVIEW
CLM0004823,POL000524,2025-11-25,8214.93,OPEN
CLM0005542,POL003296,2026-02-20,53792.26,DENIED
CLM0007983,POL002266,2026-07-06,48826.02,DENIED
CLM0004812,POL002155,2024-09-25,66976.36,IN REVIEW
CLM0004188,POL002433,2025-05-10,6367.51,IN REVIEW
CLM0004730,POL002671,2025-02-17,39444.64,IN REVIEW
CLM0004880,POL001989,2026-03-11,11697.41,open
CLM0006446,POL002352,2024-09-02,5353.94,IN REVIEW
CLM0005826,POL001639,2026-02-15,50992.5,CLOSED
CLM0004645,POL004020,2026-04-09,50280.35,IN REVIEW
CLM0009372,POL001510,2026-02-11,45068.69,DENIED
CLM0007638,POL000997,2025-11-11,43764.74,CLOSED
CLM0008098,POL912123,2024-06-10,37546.82,OPEN
CLM0001303,POL004859,2026-05-22,30286.39,DENIED
CLM0009453,POL000114,2025-10-30,22495.47,CLOSED
CLM0002941,POL000216,2025-03-01,58705.0,IN REVIEW
CLM0003980,POL004894,2025-07-31,64019.42,  IN REVIEW 
CLM0009515,POL002114,2025-10-24,36004.61,DENIED
CLM0001458,POL004572,2025-12-05,19734.21,IN REVIEW
CLM0005149,POL003446,2024-08-26,20980.37,IN REVIEW
CLM0004955,POL002464,2026-01-26,32243.76,IN REVIEW
CLM0000728,POL000541,2024-10-26,57786.89,OPEN
CLM0011606,POL004308,2024-10-25,72812.01,IN REVIEW
CLM0009921,POL000178,2026-06-07,63336.71,IN REVIEW
CLM0005329,POL001342,2025-03-05,22857.89,DENIED
CLM0006493,POL001256,2025-07-13,10253.27,IN REVIEW
CLM0004772,POL004197,2024-08-28,33961.45,CLOSED
CLM0000609,POL003753,2024-09-12,28581.61,CLOSED
CLM0011975,POL001091,2025-08-17,50733.27,OPEN
CLM0006875,POL002950,2025-11-09,38198.73,IN REVIEW
CLM0002360,POL003014,2025-02-23,28221.13,DENIED
CLM0000628,POL004441,2026-04-02,50172.7,DENIED
CLM0002303,POL004004,2025-09-06,35312.69,CLOSED
CLM0009744,POL000303,31/12/2025,0,OPEN
CLM0004442,POL004176,2025-06-24,73647.61,DENIED
CLM0000471,POL004980,2024-10-12,16062.24,IN REVIEW
CLM0006129,POL002205,2025-05-16,45442.2,in review
CLM0001732,POL003150,2025-05-11,51555.33,CLOSED
CLM0004375,POL003706,2025-01-09,46504.61,IN REVIEW
CLM0008975,POL004771,2026-05-28,65759.63,DENIED
CLM0007461,POL002153,2026-01-03,40015.26,OPEN
CLM0011532,POL002825,,63020.84,IN REVIEW
CLM0009741,POL003173,2026-13-45,13392.88,DENIED
CLM0000885,POL002488,2025-05-29,29971.53,DENIED
CLM0005265,POL004115,2025-10-10,64329.87,DENIED
CLM0003178,POL003789,2025-05-05,61227.36,DENIED
CLM0010915,POL002872,2026-02-25,23284.42,  CLOSED 
CLM0001976,POL004969,2024-09-12,22107.08,IN REVIEW
CLM0000893,POL000409,2024-09-12,12273.93,CLOSED
CLM0005714,POL004979,2026-06-12,30908.2,DENIED
CLM0009652,POL002376,2026-04-11,24255.58,CLOSED
CLM0007819,POL000658,2026-04-01,14020.75,IN REVIEW
CLM0001127,POL003615,2026-06-02,64372.28,IN REVIEW
CLM0005004,POL002634,2024-09-30,5638.54,OPEN
CLM0003461,POL002547,2025-11-28,39971.48,OPEN
CLM0000410,POL001059,2024-06-12,20005.25,  OPEN 
CLM0009789,POL003352,2025-02-11,7773.56,IN REVIEW
CLM0010124,POL000262,2024-08-16,28196.97,CLOSED
CLM0002382,POL003628,2025-06-30,57736.05,OPEN
CLM0001190,POL002999,2025-09-10,54125.03,DENIED
CLM0011270,POL002400,2025-06-11,4722.9,CLOSED
CLM0011063,POL000375,2026-05-11,3776.0,CLOSED
CLM0011152,POL001498,2025-06-06,23974.69,DENIED
CLM0007525,POL000821,2026-05-03,73499.64,DENIED
CLM0006326,POL000091,2026-03-01,4202.93,IN REVIEW
CLM0002380,POL003944,2025-11-14,55654.61,denied
CLM0000830,POL002744,2026-03-12,75212.65,DENIED
CLM0005403,POL004771,2026-01-31,35773.44,  IN REVIEW 
CLM0006496,POL001318,2024-11-03,45244.94,CLOSED
CLM0004551,POL000796,2025-11-29,62890.58,IN REVIEW
CLM0011690,POL004179,2024-09-15,8317.2,IN REVIEW
CLM0007924,POL003915,2026-05-27,6556.75,DENIED
CLM0004428,POL004531,2025-10-25,74302.37,DENIED
CLM0011042,POL003495,2024-07-13,54479.94,DENIED
CLM0001171,POL003378,2025-03-19,23657.66,CLOSED
CLM0005939,POL002667,2026-06-10,41808.07,closed
CLM0007165,POL001058,2025-09-24,61314.97,DENIED
CLM0009500,POL004542,2024-08-27,20750.79,OPEN
CLM0009917,POL003855,2026-05-04,29240.62,CLOSED
CLM0009589,POL003847,2024-08-17,61050.74,CLOSED
CLM0011339,POL003017,2025-10-10,-52117.16,CLOSED
CLM0010046,POL003730,2024-12-26,54449.44,DENIED
CLM0001100,POL001000,2025-03-13,75529.75,DENIED
CLM0007177,POL003855,2024-06-11,12614.5,DENIED
CLM0007304,POL000675,2025-07-12,47315.15,DENIED
CLM0007639,POL001041,2025-04-13,57233.66,CLOSED
CLM0007041,POL003975,2025-11-29,47385.9,CLOSED
CLM0008674,POL004399,2026-01-23,39670.31,IN REVIEW
CLM0003047,POL004184,2024-06-25,21427.02,  OPEN 
CLM0007749,POL001300,,47890.12,CLOSED
CLM0010217,POL000448,2025-04-03,53784.82,CLOSED
CLM0010310,POL002999,2024-10-17,38217.7,IN REVIEW
CLM0000806,POL000286,2024-12-10,32872.04,IN REVIEW
CLM0004711,POL003830,2026-03-30,61122.04,DENIED
CLM0004961,POL004307,2026-05-31,17209.18,DENIED
CLM0004995,POL975631,,67216.71,OPEN
CLM0007713,POL004354,2024-08-31,64766.71,IN REVIEW
CLM0004420,POL004072,2024-12-26,33768.33,IN REVIEW
CLM0007428,POL003372,2026-04-22,7930.75,OPEN
CLM0002637,POL003541,2026-02-14,66497.72,IN REVIEW
CLM0004531,POL004727,2024-10-18,14997.46,OPEN
CLM0010412,POL000789,2026-06-11,62227.05,OPEN
CLM0002394,POL002560,2024-08-11,13940.06,DENIED
CLM0006553,POL002112,2024-12-06,59868.75,OPEN
CLM0005956,POL004784,2026-06-15,48637.66,DENIED
CLM0001310,POL001750,,63691.53,DENIED
CLM0007136,POL001677,2025-04-23,77581.65,DENIED
CLM0008383,POL001036,2024-09-23,40313.44,DENIED
CLM0011143,POL002495,2025-01-01,63218.64,IN REVIEW
CLM0007576,POL000507,2026-01-05,53324.99,IN REVIEW
CLM0011643,POL004299,2025-06-13,24338.97,IN REVIEW
CLM0000904,POL001111,2026-04-06,51118.99,CLOSED
CLM0002404,POL002874,2024-09-29,61644.39,OPEN
CLM0008646,POL003098,2025-10-07,18708.8,OPEN
CLM0002333,POL000603,2024-07-17,40644.8,DENIED
CLM0002735,POL003386,2026-02-24,27869.13,OPEN
CLM0001280,POL000653,2024-06-24,15546.75,IN REVIEW
CLM0003297,POL001554,2024-11-13,14354.11,DENIED
CLM0005948,POL003858,2026-01-13,4267.46,CLOSED
CLM0009107,POL004197,2025-09-09,58627.34,OPEN
CLM0011528,POL001954,2026-05-23,14523.99,DENIED
CLM0006669,POL004177,2026-02-13,38216.6,IN REVIEW
CLM0005525,POL003807,2025-03-20,22302.2,CLOSED
CLM0007199,POL000018,2026-03-09,17367.0,CLOSED
CLM0009489,POL004825,2025-06-24,61361.73,DENIED
CLM0002968,POL003279,2025-12-07,54243.16,DENIED
CLM0011080,POL003951,2025-08-27,20576.97,OPEN
CLM0005969,POL004756,2024-08-31,68063.59,DENIED
CLM0000934,POL003928,2024-11-08,67381.44,IN REVIEW
CLM0002521,POL001193,2025-08-18,12572.94,IN REVIEW
CLM0011561,POL004949,2024-07-05,3823.05,IN REVIEW
CLM0005207,POL001030,2025-01-07,31249.58,IN REVIEW
CLM0011379,POL001127,2024-08-13,17080.13,IN REVIEW
CLM0008742,POL000650,2025-06-13,18155.42,DENIED
CLM0007356,POL001960,2026-01-25,524.54,CLOSED
CLM0008821,POL004843,2025-01-28,56808.5,DENIED
CLM0005412,POL001523,2024-12-03,13535.75,CLOSED
CLM0005753,POL923446,2025-12-02,43135.29,DENIED
CLM0010652,POL000175,2024-06-07,10972.19,IN REVIEW
CLM0011573,POL002065,2024-08-15,68552.46,CLOSED
CLM0009415,POL002451,2026-06-15,64602.44,OPEN
CLM0003262,POL000224,2025-07-29,78601.68,CLOSED
CLM0005281,POL004456,2024-10-13,79201.14,CLOSED
CLM0009418,POL002327,2025-02-06,13911.79,CLOSED
CLM0009934,POL004754,2026-04-08,33269.94,CLOSED
CLM0002526,POL002185,2024-09-17,41690.1,CLOSED
CLM0008495,POL002415,2025-05-11,6523.33,IN REVIEW
CLM0005404,POL001207,2024-10-14,60190.89,OPEN
CLM0001262,POL003853,2025-10-31,4904.12,DENIED
CLM0011664,POL000923,0000-00-00,77762.96,OPEN
CLM0006861,POL003575,2026-01-31,12047.47,CLOSED
CLM0002588,POL982183,2026-03-03,48483.21,open
CLM0008070,POL004111,2024-08-14,79797.97,DENIED
CLM0008317,POL003694,2024-11-13,17792.87,OPEN
CLM0011749,POL004685,2024-11-14,45123.05,OPEN
CLM0005311,POL000446,2026-01-17,23926.52,open
CLM0003787,POL003815,2026-06-19,32637.68,DENIED
CLM0005838,POL002957,2026-05-04,1736.78,DENIED
CLM0002798,POL000555,2025-11-10,7480.87,in review
CLM0010502,POL000155,2026-03-29,57368.83,OPEN
CLM0010937,POL000149,2025-04-13,42873.63,DENIED
CLM0006289,POL003903,2025-08-20,62585.91,CLOSED
CLM0006919,POL002765,2025-12-25,73062.49,CLOSED
CLM0008691,POL001300,2024-09-21,52855.69,CLOSED
CLM0007286,POL001009,2026-03-04,11286.69,IN REVIEW
CLM0010895,POL925972,2025-06-27,51415.05,CLOSED
CLM0007838,POL002636,2026-06-05,41059.3,DENIED
CLM0008709,POL994393,2025-07-05,12866.76,CLOSED
CLM0002246,POL001379,2026-03-19,54255.36,CLOSED
CLM0009698,POL001935,2025-06-28,4208.03,OPEN
CLM0010927,POL003283,2025-09-30,7422.47,DENIED
CLM0004493,POL003496,2024-07-21,46925.35,CLOSED
CLM0008849,POL002975,2026-07-02,42055.38,DENIED
CLM0008609,POL004452,2025-06-13,71837.88,IN REVIEW
CLM0007366,POL001983,2025-08-04,53165.02,DENIED
CLM0001799,POL004340,2024-10-31,15224.33,CLOSED
CLM0005812,POL001263,2024-11-05,23558.45,OPEN
CLM0005442,POL003445,2025-03-30,40861.83,closed
CLM0001030,POL003086,2025-11-16,77048.41,CLOSED
CLM0011511,POL000577,2026-04-05,54661.15,OPEN
CLM0003258,POL003824,2024-12-15,54555.26,IN REVIEW
CLM0004633,POL004279,2025-06-30,23529.13,CLOSED
CLM0009135,POL002834,2025-09-02,9679.66,OPEN
CLM0008841,POL003087,2025-02-02,62652.78,IN REVIEW
CLM0002213,POL002946,2024-07-30,31514.69,CLOSED
CLM0008822,POL001937,2026-04-06,26760.35,OPEN
CLM0008891,POL004019,2026-01-17,23055.08,CLOSED
CLM0009377,POL001682,2025-08-21,63901.34,OPEN
CLM0001559,POL001162,2026-03-03,13400.03,DENIED
CLM0007262,POL001186,2025-10-08,41460.09,CLOSED
CLM0004858,POL000608,2024-11-09,66489.01,OPEN
CLM0008893,POL002656,2024-11-26,34788.14,DENIED
CLM0009236,POL002034,2025-02-23,20851.4,DENIED
CLM0002405,POL004007,2025-03-20,59664.38,DENIED
CLM0001246,POL000482,2025-07-12,52332.55,IN REVIEW
CLM0003160,POL004135,2026-02-15,60386.43,DENIED
CLM0003273,POL001961,2025-06-08,18789.21,DENIED
CLM0011058,POL004107,2025-03-25,32894.09,OPEN
CLM0000077,POL000449,2024-08-15,61236.2,DENIED
CLM0005805,POL004604,2026-02-25,70334.93,DENIED
CLM0001643,POL000167,2024-11-22,60448.61,OPEN
CLM0009710,POL003285,2024-08-26,54349.39,DENIED
CLM0006804,POL000823,2024-10-07,47640.1,OPEN
CLM0003541,POL944668,2024-12-12,79003.02,CLOSED
CLM0007126,POL949861,2025-07-21,49461.63,OPEN
CLM0003940,POL002974,2026-01-25,64594.42,CLOSED
CLM0004535,POL002320,2024-06-26,25731.71,DENIED
CLM0003704,POL003938,2024-10-24,71675.69,DENIED
CLM0003091,POL002139,2026-05-21,54013.42,DENIED
CLM0003409,POL003813,2026-06-14,22042.53,OPEN
CLM0003573,POL001611,2025-11-22,13524.11,DENIED
CLM0002039,POL003795,2025-10-04,3148.63,CLOSED
CLM0004426,POL000238,2025-12-25,29024.04,CLOSED
CLM0005518,POL001396,2024-06-12,33489.2,OPEN
CLM0003695,POL004852,2025-09-09,64017.1,IN REVIEW
CLM0003211,POL000671,2026-05-17,48019.35,denied
CLM0008826,POL003830,2025-02-02,66946.28,OPEN
CLM0000979,POL004333,2025-03-28,24229.07,CLOSED
CLM0010675,POL001553,2026-02-08,15824.99,DENIED
CLM0002677,POL002197,2025-07-15,32289.45,CLOSED
CLM0002976,POL004475,2026-04-19,70953.65,CLOSED
CLM0007668,POL003891,2025-11-29,11794.57,CLOSED
CLM0007259,POL002719,2026-04-02,23384.09,IN REVIEW
CLM0004470,POL004425,2024-12-12,16378.45,open
CLM0011802,POL004103,2024-06-19,74556.83,CLOSED
CLM0011099,POL004138,2025-04-07,55089.87,DENIED
CLM0009427,POL000839,2025-09-01,72467.59,IN REVIEW
CLM0009369,POL001622,2026-04-23,7426.37,OPEN
CLM0004642,POL000212,2024-07-15,0,IN REVIEW
CLM0010583,POL002949,2024-06-08,72986.58,IN REVIEW
CLM0004867,POL000068,2026-04-28,1489.14,OPEN
CLM0007960,POL000239,2025-02-28,11547.4,IN REVIEW
CLM0007690,POL003347,2025-08-16,62647.59,open
CLM0002570,POL001863,2025-11-18,48298.28,DENIED
CLM0007811,POL004140,2025-05-05,52183.98,OPEN
CLM0002946,POL000807,2024-12-12,74356.87,DENIED
CLM0003896,POL002733,2025-08-17,32756.01,CLOSED
CLM0008533,POL004450,2025-02-13,29609.06,DENIED
CLM0004891,POL003471,2024-07-02,60882.32,open
CLM0010914,POL001803,2025-08-09,1967.09,DENIED
CLM0005711,POL001167,2025-05-08,61326.38,OPEN
CLM0000543,POL003769,2025-12-24,67423.1,DENIED
CLM0005540,POL000611,2025-07-23,2706.16,CLOSED
CLM0008959,POL002724,2026-07-16,9438.17,IN REVIEW
CLM0004487,POL000842,2026-01-28,24647.16,OPEN
CLM0007577,POL002026,2025-11-30,28194.96,OPEN
CLM0001795,POL000581,2024-08-04,21946.19,IN REVIEW
CLM0000283,POL004745,2026-03-19,44688.22,IN REVIEW
CLM0006785,POL003453,2025-08-13,26697.32,in review
CLM0001666,POL000287,2025-10-04,28411.67,OPEN
CLM0000082,POL004980,2025-01-19,15544.51,DENIED
CLM0010599,POL000505,2025-01-17,34163.4,OPEN
CLM0004008,POL000158,2025-03-26,63462.39,CLOSED
CLM0006384,POL001333,2026-01-09,54089.72,DENIED
CLM0002258,POL003659,2026-04-26,803.84,DENIED
CLM0000117,POL003177,2025-01-22,53570.3,OPEN
CLM0002919,POL001316,2026-05-05,11802.03,DENIED
CLM0010114,POL002967,2024-11-26,43973.56,IN REVIEW
CLM0011337,POL003161,2026-05-25,36984.0,OPEN
CLM0002577,POL004724,2025-10-29,18543.06,IN REVIEW
CLM0007316,POL000479,2024-06-30,18298.8,CLOSED
CLM0009975,POL003876,2026-07-07,49549.28,CLOSED
CLM0005781,POL001943,2026-03-29,64502.55,IN REVIEW
CLM0006025,POL001706,2024-09-05,23903.25,OPEN
CLM0006660,POL000094,2025-02-06,17415.59,CLOSED
CLM0003999,POL000411,2025-04-25,28021.29,OPEN
CLM0007125,POL001448,2025-03-08,12528.04,CLOSED
CLM0004248,POL002946,2025-12-31,-44683.23,DENIED
CLM0003599,POL003081,2024-07-23,60742.75,CLOSED
CLM0002647,POL003018,2025-01-21,57642.67,CLOSED
CLM0000572,POL003666,2026-05-11,6776.58,CLOSED
CLM0001862,POL000522,2025-02-16,18274.75,OPEN
CLM0007405,POL001585,2026-04-27,29182.47,IN REVIEW
CLM0001652,POL002007,2024-11-10,17621.13,OPEN
CLM0008007,POL004947,2025-12-20,22658.39,IN REVIEW
CLM0004172,POL004967,2025-11-28,70575.88,CLOSED
CLM0000777,POL001481,2024-09-12,11366.7,IN REVIEW
CLM0010758,POL004182,2025-09-22,65195.25,DENIED
CLM0009197,POL004344,2025-03-25,19800.24,DENIED
CLM0003307,POL000886,2025-02-26,40441.53,IN REVIEW
CLM0004352,POL004519,2025-07-31,53668.19,OPEN
CLM0005746,POL002312,2026-05-16,69644.44,OPEN
CLM0002626,POL002568,2024-09-24,60454.91,CLOSED
CLM0009895,POL002445,2024-08-24,29159.04,CLOSED
CLM0008154,POL003755,2025-10-30,33316.93,  IN REVIEW 
CLM0003544,POL001580,2025-10-25,71605.69,DENIED
CLM0004355,POL001531,2026-04-01,28055.91,IN REVIEW
CLM0005462,POL001793,2026-05-23,9964.81,DENIED
CLM0000902,POL001494,2026-06-27,12087.91,OPEN
CLM0000595,POL003907,2025-10-19,70960.19,DENIED
CLM0006674,POL004061,2025-08-28,32170.73,DENIED
CLM0010799,POL002423,2025-06-06,40138.86,CLOSED
CLM0001187,POL004517,2025-04-24,22749.46,IN REVIEW
CLM0002004,POL000427,2024-06-20,47967.55,CLOSED
CLM0000088,POL001504,2024-12-30,53395.36,OPEN
CLM0002268,POL004872,2026-02-26,38019.49,DENIED
CLM0008911,POL004332,2026-05-10,8010.89,OPEN
CLM0006859,POL003808,2025-02-02,200.45,OPEN
CLM0001660,POL000680,2025-03-04,22119.59,IN REVIEW
CLM0004987,POL001965,2024-08-23,58993.81,CLOSED
CLM0004176,POL000824,2025-07-28,1688.87,DENIED
CLM0000137,POL000959,2026-03-08,45099.68,CLOSED
CLM0009625,POL000788,2024-07-19,11618.44,OPEN
CLM0000228,POL004596,,7930.95,OPEN
CLM0001535,POL000288,2025-10-19,6220.9,DENIED
CLM0002746,POL002111,2024-11-02,10544.04,IN REVIEW
CLM0002529,POL003267,2026-05-20,66604.76,CLOSED
CLM0008165,POL003461,2025-09-16,61459.56,OPEN
CLM0011585,POL002668,2024-09-04,18056.29,CLOSED
CLM0010618,POL002697,2025-02-10,78094.02,OPEN
CLM0007163,POL002486,2025-05-10,27172.58,IN REVIEW
CLM0005649,POL003020,2024-12-02,41139.15,OPEN
CLM0010193,POL000413,2024-10-10,22014.35,CLOSED
CLM0008898,POL004010,2025-10-11,15166.25,DENIED
CLM0009480,POL004527,2024-09-12,71462.46,OPEN
CLM0002052,POL001738,2024-07-22,3423.77,CLOSED
CLM0009261,POL000953,2026-06-12,55844.87,CLOSED
CLM0011460,POL000169,2026-04-08,15680.92,OPEN
CLM0007754,POL002044,2025-12-27,23395.9,IN REVIEW
CLM0006200,POL001896,2025-08-03,19398.47,OPEN
CLM0011173,POL004241,2025-05-23,27560.69,CLOSED
CLM0003116,POL000375,2024-08-28,21051.76,DENIED
CLM0000144,POL003301,2025-10-28,41240.29,DENIED
CLM0001605,POL003358,2025-07-25,34080.83,OPEN
CLM0004474,POL001963,2025-10-09,71172.2,IN REVIEW
CLM0005277,POL002368,2024-12-14,34794.27,DENIED
CLM0007696,POL001890,2026-05-06,72028.42,DENIED
CLM0008789,POL002044,2024-08-24,38907.54,IN REVIEW
CLM0007217,POL003785,2025-08-12,66492.38,CLOSED
CLM0003734,POL001574,2025-08-18,3125.51,IN REVIEW
CLM0007087,POL000617,2024-06-11,78139.3,DENIED
CLM0011546,POL000334,2026-07-07,9412.57,OPEN
CLM0005622,POL000570,2024-10-22,-58957.98,IN REVIEW
CLM0000419,POL000909,2026-07-11,19267.0,CLOSED
CLM0002581,POL001971,2026-03-15,23074.73,OPEN
CLM0000703,POL001299,2026-03-19,20504.38,OPEN
CLM0011116,POL004297,2025-07-07,55190.75,OPEN
CLM0007138,POL001869,2025-05-11,61863.69,DENIED
CLM0001108,POL002216,2025-12-20,56338.05,denied
CLM0009336,POL004266,2025-06-01,19174.79,IN REVIEW
CLM0002285,POL003530,2024-10-07,40234.25,DENIED
CLM0010261,POL001812,2026-07-16,9539.3,IN REVIEW
CLM0006174,POL003430,2024-08-14,58522.82,OPEN
CLM0008055,POL004321,2025-07-30,2109.05,DENIED
CLM0004482,POL003345,2025-03-30,74906.88,OPEN
CLM0001615,POL000739,2025-01-11,76259.56,DENIED
CLM0005727,POL000640,2025-05-25,4584.68,IN REVIEW
CLM0003352,POL001633,2024-09-26,9702.43,IN REVIEW
CLM0001818,POL000593,2025-10-19,28779.76,OPEN
CLM0006852,POL001390,2025-06-30,35873.54,IN REVIEW
CLM0005595,POL003507,2025-08-11,10775.84,CLOSED
CLM0004484,POL004389,2025-04-03,61622.62,OPEN
CLM0007313,POL002972,2024-08-21,25814.92,IN REVIEW
CLM0008888,POL000388,2025-04-17,23403.88,DENIED
CLM0003008,POL002702,2025-10-13,68212.72,CLOSED
CLM0005521,POL001610,2025-04-05,61206.36,DENIED
CLM0006362,POL000728,2025-10-19,32447.77,IN REVIEW
CLM0002122,POL003360,2025-02-14,38605.6,IN REVIEW
CLM0004460,POL001267,2025-05-11,67443.53,DENIED
CLM0007805,POL002661,2025-04-25,8199.3,CLOSED
CLM0000248,POL004946,2025-02-26,36020.37,OPEN
CLM0000051,POL001673,2026-01-28,22492.72,DENIED
CLM0008353,POL004730,2026-01-07,24263.51,OPEN
CLM0008798,POL001426,2025-07-29,48096.34,OPEN
CLM0007590,POL001789,2025-02-20,19185.6,DENIED
CLM0001676,POL001560,2026-02-12,10367.21,DENIED
CLM0000638,POL000367,2025-08-15,59102.69,OPEN
CLM0002566,POL001124,2025-06-09,9088.8,IN REVIEW
CLM0000547,POL002584,2026-01-20,55640.85,OPEN
CLM0000912,POL001936,2025-12-16,48222.27,IN REVIEW
CLM0001756,POL004124,2024-12-18,23377.65,CLOSED
CLM0007611,POL000697,2026-02-02,65107.12,IN REVIEW
CLM0004238,POL003107,2025-06-27,5027.0,IN REVIEW
CLM0004722,POL001549,2025-04-07,64602.63,DENIED
CLM0004203,POL002909,2025-04-14,79507.16,  CLOSED 
CLM0005635,POL002436,2024-08-27,50377.77,CLOSED
CLM0003771,POL002561,2026-01-14,44921.07,IN REVIEW
CLM0002439,POL000060,2026-01-09,5609.76,OPEN
CLM0003322,POL003327,2026-02-19,14936.85,DENIED
CLM0003756,POL002927,2025-12-28,25611.04,closed
CLM0000127,POL004082,2026-06-19,66545.97,CLOSED
CLM0002373,POL004178,2025-12-08,74966.74,OPEN
CLM0004369,POL001795,2024-09-19,3736.4,DENIED
CLM0005573,POL003645,2025-10-22,74298.26,IN REVIEW
CLM0006291,POL001883,2025-06-25,27228.06,OPEN
CLM0010975,POL001951,2025-10-19,44568.77,IN REVIEW
CLM0010438,POL001431,2026-04-09,29377.11,CLOSED
CLM0003811,POL003338,2026-06-07,50666.4,CLOSED
CLM0001753,POL004421,2026-06-22,1847.8,IN REVIEW
CLM0005011,POL003495,2026-02-04,49060.91,OPEN
CLM0009440,POL001760,2025-05-11,77047.63,IN REVIEW
CLM0007408,POL001261,2026-03-27,49643.68,OPEN
CLM0010982,POL003464,2025-09-28,56178.59,OPEN
CLM0009393,POL000371,2025-07-03,46010.73,OPEN
CLM0003443,POL004791,2026-03-21,17720.75,IN REVIEW
CLM0008382,POL004982,2026-06-01,47098.96,CLOSED
CLM0006401,POL000523,2026-02-03,77422.8,OPEN
CLM0011673,POL000670,2024-06-12,17948.14,OPEN
CLM0001069,POL002664,2024-06-14,58134.71,IN REVIEW
CLM0007532,POL000328,2025-11-03,33050.89,CLOSED
CLM0009872,POL000952,2026-06-02,31822.6,IN REVIEW
CLM0000874,POL000565,2025-01-14,25342.9,DENIED
CLM0002416,POL004377,2024-06-11,55518.24,  OPEN 
CLM0009302,POL003006,2025-03-15,2052.53,  DENIED 
CLM0000260,POL000279,2025-04-03,18639.37,OPEN
CLM0001671,POL003251,2025-12-22,43161.78,DENIED
CLM0006690,POL003458,2026-07-13,22802.89,DENIED
CLM0001894,POL000410,2025-05-17,4322.92,OPEN
CLM0001107,POL001230,2024-08-11,21664.17,OPEN
CLM0002143,POL003211,2024-07-07,15772.71,closed
CLM0008600,POL000913,2025-10-17,40341.36,CLOSED
CLM0000256,POL002124,2024-07-21,39340.02,DENIED
CLM0000277,POL000940,2025-07-01,49954.51,IN REVIEW
CLM0011822,POL003951,2025-06-21,38957.47,OPEN
CLM0011594,POL003240,2026-13-45,0,CLOSED
CLM0002481,POL001831,2024-07-04,11670.44,CLOSED
CLM0007792,POL003342,2025-10-07,21243.37,OPEN
CLM0002571,POL002128,2025-01-08,51272.19,DENIED
CLM0000263,POL000410,2025-06-02,43354.23,CLOSED
CLM0000681,POL004808,2024-08-29,59269.68,OPEN
CLM0003313,POL003605,2025-05-26,74759.71,IN REVIEW
CLM0008708,POL003076,2026-01-16,1392.09,DENIED
CLM0003558,POL004093,2024-12-13,66053.97,CLOSED
CLM0008639,POL003266,2025-06-18,47960.69,CLOSED
CLM0006325,POL000033,2026-07-03,6085.48,IN REVIEW
CLM0008301,POL003455,2026-06-04,16281.72,IN REVIEW
CLM0010924,POL001525,2025-09-21,60459.25,OPEN
CLM0007423,POL002732,2024-10-30,62953.16,IN REVIEW
CLM0003689,POL000784,2024-11-02,45881.23,OPEN
CLM0011923,POL004208,2025-01-30,65883.72,CLOSED
CLM0000302,POL000147,2026-04-07,77627.58,OPEN
CLM0007246,POL004591,2025-10-12,23375.64,DENIED
CLM0004785,POL000432,2025-02-22,14540.7,IN REVIEW
CLM0009473,POL001687,2025-08-21,54234.99,CLOSED
CLM0002576,POL003581,2025-03-04,41334.86,CLOSED
CLM0005285,POL003739,2024-06-20,63828.39,OPEN
CLM0009996,POL002701,2025-01-24,38854.64,OPEN
CLM0002482,POL001419,2026-07-15,695.36,CLOSED
CLM0007309,POL004859,2026-01-23,57150.43,CLOSED
CLM0009211,POL001972,2025-04-19,31606.89,OPEN
CLM0010197,POL003047,2026-01-10,35533.94,OPEN
CLM0011043,POL003832,2025-05-15,709.65,DENIED
CLM0001073,POL004789,2025-10-11,74452.73,IN REVIEW
CLM0004142,POL004911,2026-06-20,76212.34,OPEN
CLM0007318,POL002443,2025-01-07,40680.59,IN REVIEW
CLM0002882,POL000294,2025-08-12,7326.59,IN REVIEW
CLM0005177,POL002266,2024-11-03,29415.31,DENIED
CLM0005644,POL004452,2024-09-26,78001.64,IN REVIEW
CLM0001182,POL004175,N/A,14898.27,IN REVIEW
CLM0000765,POL973530,2024-12-01,2187.89,IN REVIEW
CLM0009656,POL004045,2026-06-22,30615.68,OPEN
CLM0005499,POL004296,2026-04-29,61335.95,IN REVIEW
CLM0001874,POL003150,2024-12-24,22195.35,OPEN
CLM0011698,POL004460,2026-01-31,62175.68,OPEN
CLM0011402,POL003420,2026-01-19,46556.96,CLOSED
CLM0009442,POL001689,2025-06-07,35344.29,OPEN
CLM0005302,POL004042,2025-04-08,65766.67,IN REVIEW
CLM0010670,POL000692,2026-03-26,23224.96,IN REVIEW
CLM0011017,POL003351,2024-06-05,14865.21,IN REVIEW
CLM0004587,POL003544,2026-02-07,79127.03,OPEN
CLM0006694,POL002989,2025-12-25,31750.22,IN REVIEW
CLM0002420,POL004306,2025-06-27,48177.33,OPEN
CLM0000562,POL004670,2026-03-18,39197.59,DENIED
CLM0002509,POL000693,2024-08-22,37521.76,CLOSED
CLM0004801,POL004925,2025-11-10,2095.47,OPEN
CLM0004617,POL001587,2025-08-04,15299.06,denied
CLM0003153,POL004954,0000-00-00,11143.54,OPEN
CLM0005460,POL002253,2024-12-26,8896.17,DENIED
CLM0000640,POL003561,2025-12-20,64509.89,DENIED
CLM0008198,POL002526,2026-07-19,71518.55,DENIED
CLM0006783,POL001936,2025-05-19,24914.46,CLOSED
CLM0004224,POL002278,2025-06-16,5894.14,DENIED
CLM0004386,POL003209,2025-10-23,12171.04,OPEN
CLM0008703,POL000692,2025-08-06,63510.2,OPEN
CLM0011618,POL000462,2024-08-01,25094.75,OPEN
CLM0004939,POL001148,2025-08-16,30260.91,DENIED
CLM0009416,POL001867,2024-10-07,22313.47,OPEN
CLM0009739,POL004728,2024-11-15,19381.24,CLOSED
CLM0007182,POL003002,2024-12-17,19966.86,DENIED
CLM0000864,POL001029,2025-06-16,39377.14,OPEN
CLM0008078,POL001542,2026-04-14,17039.21,OPEN
CLM0007584,POL000865,2026-03-24,44042.97,CLOSED
CLM0002159,POL000133,2024-07-07,34961.76,IN REVIEW
CLM0011914,POL003575,2025-09-04,76181.13,open
CLM0007364,POL001331,2025-10-23,39810.93,OPEN
CLM0006832,POL003438,2024-11-04,32903.35,CLOSED
CLM0009766,POL004568,2026-03-10,66231.89,IN REVIEW
CLM0000748,POL001461,2025-01-17,2027.24,DENIED
CLM0010028,POL003180,2025-09-28,57016.58,DENIED
CLM0011110,POL003393,2025-10-09,59266.74,CLOSED
CLM0006651,POL001895,2024-11-27,55769.23,IN REVIEW
CLM0009435,POL002997,2024-08-30,10741.46,DENIED
CLM0002586,POL002862,2025-08-18,62701.4,DENIED
CLM0011500,POL004081,2025-05-05,42949.98,OPEN
CLM0008482,POL000960,2026-01-25,11976.8,DENIED
CLM0000932,POL002173,2026-05-09,12482.83,DENIED
CLM0002323,POL001526,2025-05-26,890.44,IN REVIEW
CLM0011536,POL003123,2026-04-14,41310.79,OPEN
CLM0006092,POL001207,2024-06-06,59903.49,DENIED
CLM0009759,POL002585,2025-10-02,72240.65,DENIED
CLM0009175,POL003852,2025-12-26,17076.5,CLOSED
CLM0011623,POL003491,2025-07-22,58622.4,CLOSED
CLM0002359,POL002350,2025-12-20,51367.99,IN REVIEW
CLM0010508,POL000173,2025-11-09,78825.0,OPEN
CLM0010785,POL003807,2026-05-15,79226.52,IN REVIEW
CLM0011459,POL004027,2025-05-18,28704.1,CLOSED
CLM0002401,POL002655,2026-07-06,30115.63,CLOSED
CLM0004126,POL004193,2026-07-16,68996.21,DENIED
CLM0001257,POL004600,2025-09-17,75243.88,DENIED
CLM0011015,POL000491,2025-08-18,36013.89,IN REVIEW
CLM0005661,POL001699,2025-10-04,35280.04,IN REVIEW
CLM0000792,POL001587,2026-05-12,13282.45,IN REVIEW
CLM0010236,POL001594,2025-09-11,18227.44,OPEN
CLM0010044,POL002268,2025-07-08,29695.74,CLOSED
CLM0011400,POL907255,2025-11-12,9999999.99,OPEN
CLM0007402,POL000190,2025-10-09,26759.06,OPEN
CLM0009199,POL004015,2025-07-03,41340.89,IN REVIEW
CLM0005353,POL002150,2026-04-21,44217.13,CLOSED
CLM0000895,POL001457,2025-10-17,30404.54,DENIED
CLM0001218,POL000661,2026-04-13,49598.79,IN REVIEW
CLM0008294,POL004967,2025-03-29,30119.45,CLOSED
CLM0004561,POL001645,2026-04-20,58726.79,DENIED
CLM0000970,POL001665,2026-02-03,75554.71,IN REVIEW
CLM0010499,POL000999,2026-07-05,68671.92,IN REVIEW
CLM0002185,POL001706,2024-10-07,66031.06,OPEN
CLM0000038,POL002533,2024-08-24,39927.28,DENIED
CLM0010467,POL003738,2026-01-15,59742.47,OPEN
CLM0004560,POL002208,2025-09-24,72422.97,IN REVIEW
CLM0011901,POL004554,2024-10-22,34943.21,OPEN
CLM0004874,POL003707,2026-02-07,72419.42,DENIED
CLM0002782,POL000281,2026-07-15,70717.91,DENIED
CLM0004167,POL003659,2024-12-30,57045.21,IN REVIEW
CLM0007083,POL004195,2025-09-12,40838.38,OPEN
CLM0000834,POL001957,2025-08-20,6725.21,DENIED
CLM0010697,POL003915,2026-07-04,56750.58,OPEN
CLM0002330,POL000835,2026-06-30,9769.0,OPEN
CLM0000224,POL004676,2025-05-26,1483.1,OPEN
CLM0003019,POL001670,2024-11-14,13700.29,in review
CLM0008375,POL001225,2026-07-20,72820.28,DENIED
CLM0005922,POL001190,2025-06-13,2338.19,DENIED
CLM0011608,POL002670,2025-02-19,65659.06,OPEN
CLM0003604,POL004537,2024-08-25,25797.69,OPEN
CLM0008771,POL004471,2024-06-13,27412.14,OPEN
CLM0009559,POL001803,2026-07-13,40041.29,DENIED
CLM0007370,POL004157,2025-05-30,24190.43,DENIED
CLM0000343,POL004572,2026-03-21,12734.94,IN REVIEW
CLM0010746,POL002051,2025-10-24,47806.56,OPEN
CLM0005975,POL004444,2026-03-15,64825.38,IN REVIEW
CLM0005357,POL002602,2025-02-24,77909.57,CLOSED
CLM0007122,POL004686,2024-08-19,56085.94,DENIED
CLM0007016,POL001895,2026-04-28,25849.92,IN REVIEW
CLM0011107,POL000599,2025-05-03,21587.22,closed
CLM0005200,POL003648,2024-08-14,37770.97,closed
CLM0011572,POL002570,2025-01-02,41219.55,CLOSED
CLM0008094,POL003163,2025-08-09,58834.49,closed
CLM0002816,POL000954,2026-02-20,56450.55,OPEN
CLM0010436,POL001871,2024-07-25,49497.54,CLOSED
CLM0005523,POL001726,2025-06-19,57421.94,CLOSED
CLM0001918,POL000712,2025-09-21,42698.56,IN REVIEW
CLM0000752,POL001676,2025-08-03,53179.14,  CLOSED 
CLM0008872,POL004444,2025-03-25,35356.1,OPEN
CLM0003533,POL000908,2024-08-19,73338.38,IN REVIEW
CLM0009651,POL003269,2024-06-12,47240.75,IN REVIEW
CLM0011777,POL003053,2025-11-30,77068.52,IN REVIEW
CLM0010498,POL002229,2025-10-19,1616.93,DENIED
CLM0003502,POL004337,2025-06-18,57521.4,DENIED
CLM0009728,POL002093,2024-10-09,26829.61,CLOSED
CLM0006298,POL000392,2026-04-13,57846.45,CLOSED
CLM0005031,POL002560,2025-03-17,28573.84,CLOSED
CLM0008799,POL004816,2025-02-18,3770.7,DENIED
CLM0008107,POL002780,2026-06-17,71192.04,IN REVIEW
CLM0000106,POL001975,2026-06-14,33329.83,CLOSED
CLM0011942,POL003893,2025-03-03,77414.48,OPEN
CLM0002474,POL001138,2026-03-14,77988.99,CLOSED
CLM0006037,POL003180,2026-13-45,42562.66,CLOSED
CLM0007695,POL003911,2025-05-16,11105.99,IN REVIEW
CLM0005103,POL003789,2025-10-26,23295.67,DENIED
CLM0003508,POL001521,0000-00-00,49588.81,DENIED
CLM0003018,POL002005,2025-01-14,19352.36,OPEN
CLM0002101,POL004521,2024-08-12,47607.99,DENIED
CLM0006302,POL001965,2026-05-21,78784.58,DENIED
CLM0005390,POL002272,2024-11-12,12628.86,IN REVIEW
CLM0007198,POL003918,2025-07-11,42544.61,IN REVIEW
CLM0007291,POL004991,2026-04-02,10663.53,DENIED
CLM0003150,POL001008,2025-12-19,49027.88,CLOSED
CLM0006169,POL004061,2024-06-06,27131.19,CLOSED
CLM0007002,POL004930,2024-08-03,-64127.18,IN REVIEW
CLM0010921,POL002394,2026-01-12,53115.98,IN REVIEW
CLM0008720,POL001102,2025-06-09,43518.23,IN REVIEW
CLM0001532,POL001984,2024-07-18,33365.5,OPEN
CLM0005953,POL000217,2024-09-05,33204.28,OPEN
CLM0006168,POL004767,2025-08-04,38746.5,CLOSED
CLM0010455,POL004365,2024-12-08,64055.0,CLOSED
CLM0007176,POL004130,2025-06-18,20711.07,CLOSED
CLM0004843,POL963516,2026-07-10,28556.46,CLOSED
CLM0010275,POL002105,2024-11-12,36451.44,DENIED
CLM0007185,POL002131,2026-07-04,8891.81,IN REVIEW
CLM0009484,POL001165,2025-03-10,7068.48,IN REVIEW
CLM0004695,POL004493,2025-07-26,76291.81,OPEN
CLM0001981,POL000591,2024-09-12,37392.96,CLOSED
CLM0009088,POL003848,2025-03-17,18089.78,CLOSED
CLM0006285,POL003235,2024-06-12,15995.36,CLOSED
CLM0002040,POL002221,2026-02-15,74159.4,CLOSED
CLM0010425,POL003551,2025-12-07,66045.02,DENIED
CLM0007897,POL004804,2026-05-04,58524.19,OPEN
CLM0004836,POL000847,2024-10-28,38577.21,CLOSED
CLM0007278,POL001111,2025-05-27,63352.21,IN REVIEW
CLM0009939,POL003688,2025-03-11,44317.27,OPEN
CLM0004453,POL000428,2024-07-31,53194.31,CLOSED
CLM0000198,POL000765,2025-08-19,74134.95,DENIED
CLM0008990,POL003914,2024-07-07,27906.58,OPEN
CLM0010756,POL004011,2026-13-45,15916.75,DENIED
CLM0005449,POL000861,2025-06-21,65566.9,OPEN
CLM0007941,POL000029,2024-12-09,4348.02,DENIED
CLM0001431,POL001387,2025-10-27,24078.66,CLOSED
CLM0009196,POL001369,2025-03-17,19247.03,CLOSED
CLM0009627,POL001290,2026-03-04,48355.78,CLOSED
CLM0001267,POL004935,2025-05-18,69075.94,OPEN
CLM0002646,POL001922,2024-10-15,63800.19,OPEN
CLM0005324,POL000238,2024-11-16,41337.6,CLOSED
CLM0008803,POL004987,2025-06-13,722.52,OPEN
CLM0004829,POL001095,2026-06-27,5053.61,CLOSED
CLM0000119,POL003531,2026-07-19,2224.06,IN REVIEW
CLM0003289,POL001907,2026-04-06,73803.93,OPEN
CLM0004742,POL001132,2026-04-17,13479.27,CLOSED
CLM0000235,POL001224,2026-05-22,19047.88,OPEN
CLM0008202,POL001398,2024-07-09,64488.55,OPEN
CLM0008580,POL001240,2026-01-05,35835.73,CLOSED
CLM0005377,POL002284,2026-04-22,13696.38,OPEN
CLM0000443,POL004779,2025-11-20,10740.58,CLOSED
CLM0003900,POL004833,2026-03-06,69980.7,CLOSED
CLM0007726,POL003965,2024-08-30,51267.97,OPEN
CLM0002889,POL000644,2025-07-03,79181.26,DENIED
CLM0008664,POL001731,2024-07-13,32401.84,OPEN
CLM0011862,POL004354,2025-11-18,31882.99,DENIED
CLM0002089,POL003710,2024-11-07,0,CLOSED
CLM0007015,POL003360,2025-11-11,21671.16,DENIED
CLM0007254,POL002506,2025-09-09,25975.57,IN REVIEW
CLM0000743,POL004911,2026-02-26,74966.86,IN REVIEW
CLM0005646,POL002387,2024-09-29,61932.39,OPEN
CLM0002206,POL004382,2026-03-04,57480.66,CLOSED
CLM0005471,POL000304,2024-06-13,29501.12,CLOSED
CLM0001745,POL004506,2024-08-08,46801.49,OPEN
CLM0001317,POL002718,2024-11-03,59650.79,CLOSED
CLM0010858,POL004555,2026-07-14,71890.0,IN REVIEW
CLM0005467,POL003477,2026-02-17,77152.98,CLOSED
CLM0006045,POL000944,2025-07-26,49107.35,CLOSED
CLM0004145,POL000612,2025-01-03,25140.53,DENIED
CLM0006186,POL003695,2024-06-15,53995.37,IN REVIEW
CLM0003197,POL000894,2025-02-28,56261.27,OPEN
CLM0000886,POL002805,2026-01-13,50697.39,DENIED
CLM0003479,POL000983,2026-06-11,35558.4,CLOSED
CLM0005003,POL001092,2024-12-08,46916.45,DENIED
CLM0003654,POL002592,2025-08-18,2603.16,IN REVIEW
CLM0009582,POL001568,2026-04-23,58084.88,denied
CLM0010737,POL002437,2025-07-15,64027.03,CLOSED
CLM0003861,POL004261,2025-07-27,55680.69,CLOSED
CLM0011607,POL002024,2025-04-16,68021.6,CLOSED
CLM0008014,POL001447,2024-06-30,26671.73,OPEN
CLM0008831,POL000199,N/A,25532.47,IN REVIEW
CLM0001118,POL003117,,65724.28,CLOSED
CLM0009420,POL004277,2025-10-15,51141.89,OPEN
CLM0004704,POL003175,2025-09-23,66087.78,DENIED
CLM0010829,POL000222,2026-06-24,38664.03,CLOSED
CLM0003590,POL002145,2026-05-02,71192.07,OPEN
CLM0009114,POL003095,2025-06-01,1423.2,IN REVIEW
CLM0011241,POL001423,2025-06-08,54570.51,IN REVIEW
CLM0009753,POL003793,2024-10-11,64904.87,  CLOSED 
CLM0008598,POL004276,2025-02-09,67356.75,CLOSED
CLM0003246,POL003935,2024-08-27,18650.39,IN REVIEW
CLM0006145,POL003473,2025-04-03,899.89,OPEN
CLM0003917,POL003718,2025-05-12,69602.18,CLOSED
CLM0000442,POL004469,2025-10-24,8755.37,DENIED
CLM0002658,POL004983,2025-04-07,44857.75,OPEN
CLM0006047,POL000295,2026-13-45,54677.58,CLOSED
CLM0002789,POL001576,2025-09-11,22907.23,DENIED
CLM0010423,POL000894,2025-09-03,24722.67,IN REVIEW
CLM0001208,POL001777,2025-06-28,39110.2,  DENIED 
CLM0010371,POL003247,2024-12-12,0,OPEN
CLM0001734,POL002982,2025-12-25,49444.18,CLOSED
CLM0009252,POL002954,2026-05-03,11457.08,CLOSED
CLM0004608,POL000808,2026-05-30,35014.31,IN REVIEW
CLM0002616,POL000567,2025-08-04,53497.39,OPEN
CLM0010093,POL004436,2025-11-30,10517.57,OPEN
CLM0002710,POL001855,2026-06-12,63955.87,IN REVIEW
CLM0000185,POL002026,2026-01-06,66789.42,IN REVIEW
CLM0011924,POL004534,2025-02-17,12693.74,DENIED
CLM0009407,POL000502,2024-07-22,54584.27,IN REVIEW
CLM0001601,POL004142,2025-09-03,34718.35,OPEN
CLM0006252,POL002016,2024-09-12,46606.4,DENIED
CLM0000725,POL004132,2025-12-02,28405.81,IN REVIEW
CLM0002135,POL003124,2025-11-12,23242.76,CLOSED
CLM0004097,POL004443,2024-08-21,76236.78,DENIED
CLM0003391,POL001305,2025-01-02,4902.71,OPEN
CLM0006520,POL001682,2024-07-12,19569.7,OPEN
CLM0009244,POL001824,2025-02-02,23270.38,DENIED
CLM0011982,POL001945,2025-05-26,51123.38,IN REVIEW
CLM0009170,POL000294,2026-05-08,63908.7,open
CLM0001587,POL004705,2025-09-27,4695.34,IN REVIEW
CLM0009375,POL002257,2026-04-20,59946.34,IN REVIEW
CLM0007142,POL003712,2026-02-03,33091.41,DENIED
CLM0000213,POL000644,2025-12-16,72813.44,OPEN
CLM0003372,POL000236,2025-09-05,51842.54,CLOSED
CLM0009999,POL004131,2025-11-30,70082.26,DENIED
CLM0009932,POL000765,2025-09-14,27275.38,DENIED
CLM0005640,POL001929,2024-08-01,6484.55,DENIED
CLM0005183,POL002432,2025-06-02,19759.36,OPEN
CLM0009600,POL003769,2026-05-13,22499.43,OPEN
CLM0009732,POL003955,0000-00-00,63613.63,CLOSED
CLM0004146,POL002057,2026-06-25,31356.12,IN REVIEW
CLM0002345,POL001671,2025-02-04,17483.61,CLOSED
CLM0007734,POL002690,2026-04-13,72301.28,DENIED
CLM0001334,POL002735,2024-08-10,36782.92,DENIED
CLM0007617,POL003911,2024-07-18,33368.73,IN REVIEW
CLM0003949,POL001367,2025-08-09,69930.5,CLOSED
CLM0005971,POL001556,2025-10-29,47259.4,  OPEN 
CLM0002797,POL003131,2025-11-17,53603.4,CLOSED
CLM0010215,POL003505,2025-07-12,3681.13,CLOSED
CLM0006575,POL003547,2025-04-19,35899.84,DENIED
CLM0002120,POL001380,2026-01-04,18627.79,CLOSED
CLM0003664,POL004154,2025-03-11,72454.8,in review
CLM0002902,POL001416,2025-03-14,42441.67,DENIED
CLM0000737,POL002393,2024-08-01,31591.72,OPEN
CLM0002872,POL004898,2024-08-04,11395.23,IN REVIEW
CLM0009548,POL002757,2024-06-18,24126.31,CLOSED
CLM0005924,POL003750,2025-09-08,8735.15,IN REVIEW
CLM0007917,POL001882,2025-01-15,45267.28,CLOSED
CLM0008504,POL003036,2026-05-03,53768.55,CLOSED
CLM0000245,POL960062,2024-07-05,46939.03,IN REVIEW
CLM0004924,POL003513,2026-04-12,16030.15,CLOSED
CLM0010199,POL002341,2026-01-21,58140.04,IN REVIEW
CLM0011671,POL004704,2025-09-28,41548.16,DENIED
CLM0002402,POL003997,2025-12-25,65626.76,OPEN
CLM0010705,POL003461,2025-08-02,30553.69,DENIED
CLM0011070,POL001844,2024-07-22,23719.68,DENIED
CLM0006609,POL004394,2025-05-31,6664.78,IN REVIEW
CLM0001893,POL003671,2024-12-25,2967.83,OPEN
CLM0005306,POL000628,2024-06-01,982.83,CLOSED
CLM0002504,POL000791,2025-10-29,56641.4,OPEN
CLM0004254,POL001817,2024-08-28,12107.86,IN REVIEW
CLM0009345,POL003756,2024-12-15,55524.0,DENIED
CLM0006962,POL004926,2026-13-45,46741.77,IN REVIEW
CLM0004854,POL003499,2025-08-19,62545.93,CLOSED
CLM0002468,POL003972,2026-07-11,1532.32,DENIED
CLM0005173,POL004099,2026-03-16,4845.06,OPEN
CLM0010437,POL001494,2025-05-12,31044.42,IN REVIEW
CLM0003667,POL000367,2026-05-24,13979.25,CLOSED
CLM0004806,POL004458,2026-04-25,39630.16,DENIED
CLM0011798,POL004700,2025-02-28,12677.66,DENIED
CLM0006030,POL000262,2026-04-17,16161.02,DENIED
CLM0007214,POL001399,2026-05-31,22555.05,DENIED
CLM0008471,POL004548,2024-06-01,22514.96,OPEN
CLM0004078,POL001855,2024-12-07,57330.08,CLOSED
CLM0001508,POL002824,2024-11-29,68656.33,OPEN
CLM0010048,POL003455,2024-08-06,56573.86,IN REVIEW
CLM0010202,POL004547,2025-06-22,51071.69,  CLOSED 
CLM0002016,POL003384,2026-01-07,36200.99,IN REVIEW
CLM0006235,POL000261,2025-04-23,56926.58,IN REVIEW
CLM0006017,POL000847,2024-08-15,62919.4,CLOSED
CLM0001308,POL002223,2025-03-22,42773.11,DENIED
CLM0009957,POL004979,2024-10-06,22066.29,CLOSED
CLM0002108,POL003162,2026-02-08,73199.29,IN REVIEW
CLM0008568,POL004442,2025-10-06,51189.22,CLOSED
CLM0007616,POL004088,2026-07-10,23458.83,DENIED
CLM0011469,POL002002,2024-10-23,39664.11,OPEN
CLM0007938,POL002701,2025-02-06,20562.83,DENIED
CLM0011950,POL000036,0000-00-00,53078.17,CLOSED
CLM0006841,POL004032,2026-07-02,9728.31,OPEN
CLM0000420,POL002927,2024-10-13,66050.04,OPEN
CLM0000523,POL002650,2024-12-25,861.47,CLOSED
CLM0010592,POL000491,2026-06-26,41934.15,CLOSED
CLM0003370,POL004869,2025-09-13,54696.04,IN REVIEW
CLM0001443,POL004188,2025-02-14,35978.76,IN REVIEW
CLM0010534,POL002583,2025-09-01,8519.62,CLOSED
CLM0007059,POL003962,2024-08-28,39761.54,CLOSED
CLM0010118,POL003013,2025-02-17,12601.54,DENIED
CLM0011724,POL000849,2026-06-09,47821.58,IN REVIEW
CLM0011746,POL004702,2024-07-28,53419.34,OPEN
CLM0000570,POL000567,2025-10-07,62266.15,OPEN
CLM0001225,POL000908,2025-11-03,3611.32,IN REVIEW
CLM0005114,POL001941,2025-11-29,23997.46,CLOSED
CLM0006622,POL002291,2025-09-06,38258.88,IN REVIEW
CLM0008873,POL000052,2025-01-11,11739.71,IN REVIEW
CLM0005849,POL004210,2024-10-16,36721.96,OPEN
CLM0002698,POL000310,2026-03-03,31139.52,IN REVIEW
CLM0009512,POL002506,2025-02-04,17416.32,DENIED
CLM0000555,POL004172,2026-02-14,63383.09,OPEN
CLM0009772,POL000547,2025-12-31,38754.69,IN REVIEW
CLM0009259,POL002857,2025-01-16,10245.52,CLOSED
CLM0011941,POL002888,2025-10-17,54884.53,  IN REVIEW 
CLM0008750,POL000783,2025-10-21,30742.79,DENIED
CLM0004942,POL001150,31/12/2025,5906.87,IN REVIEW
CLM0009062,POL002882,2025-08-17,74796.96,CLOSED
CLM0011179,POL004616,2025-02-20,38678.67,DENIED
CLM0001657,POL003583,2026-02-07,78495.79,CLOSED
CLM0003111,POL000461,2025-12-29,65552.12,IN REVIEW
CLM0001341,POL002634,2026-06-15,32952.31,CLOSED
CLM0009714,POL000125,2024-09-06,44224.11,OPEN
CLM0010349,POL003934,2025-05-24,12492.52,CLOSED
CLM0003909,POL003245,2024-10-07,38679.1,OPEN
CLM0004607,POL002851,2025-11-09,47573.59,DENIED
CLM0005447,POL000379,2026-07-03,20617.15,IN REVIEW
CLM0003572,POL002900,2025-06-01,33127.78,DENIED
CLM0005681,POL000138,2024-11-25,69638.45,DENIED
CLM0008611,POL003988,2025-10-05,20228.62,CLOSED
CLM0008800,POL003912,2026-01-12,-19786.52,CLOSED
CLM0001774,POL000767,2025-08-13,55918.14,OPEN
CLM0003013,POL000092,2025-10-02,70635.01,OPEN
CLM0002355,POL000238,2025-12-27,8221.83,IN REVIEW
CLM0011919,POL003533,2024-12-20,45806.35,DENIED
CLM0002518,POL001729,2024-07-28,5470.14,CLOSED
CLM0005484,POL000505,2025-01-15,25090.61,OPEN
CLM0011100,POL000980,2026-04-04,23630.92,  CLOSED 
CLM0006238,POL001274,2024-06-20,7176.17,CLOSED
CLM0009501,POL001559,2024-11-28,44446.01,DENIED
CLM0004754,POL001517,2026-04-02,20602.64,OPEN
CLM0010148,POL004105,2024-09-08,79787.57,DENIED
CLM0004962,POL903428,2025-05-07,19122.72,IN REVIEW
CLM0006492,POL003078,2025-07-14,77556.86,OPEN
CLM0002835,POL004149,2024-09-28,45135.79,OPEN
CLM0001409,POL002970,2025-12-06,73657.21,OPEN
CLM0008356,POL003070,2024-09-21,68007.47,IN REVIEW
CLM0011648,POL003818,2025-04-10,40936.53,CLOSED
CLM0000538,POL004079,2026-02-25,17263.43,DENIED
CLM0003244,POL001910,2025-02-22,68463.83,IN REVIEW
CLM0006741,POL002395,2024-08-11,42902.16,DENIED
CLM0002209,POL002597,2026-07-03,24221.08,OPEN
CLM0011217,POL003173,2024-10-30,72952.93,OPEN
CLM0001892,POL004615,2024-11-23,49164.32,IN REVIEW
CLM0009775,POL003404,2024-06-03,40113.88,DENIED
CLM0003131,POL004178,2025-03-01,46509.25,CLOSED
CLM0000802,POL001492,2024-06-06,30772.44,OPEN
CLM0001695,POL003052,2025-04-13,3258.43,IN REVIEW
CLM0005695,POL004511,2025-12-02,20728.59,DENIED
CLM0007810,POL001466,2025-10-07,59973.65,CLOSED
CLM0007062,POL003842,2024-11-17,-25394.13,IN REVIEW
CLM0008672,POL003205,2026-04-10,25433.95,DENIED
CLM0009368,POL000170,2026-01-04,11893.98,IN REVIEW
CLM0004658,POL002383,2026-01-24,72183.59,DENIED
CLM0010329,POL001053,2026-03-25,63477.27,CLOSED
CLM0009922,POL002927,2024-08-23,21520.07,IN REVIEW
CLM0005784,POL002554,2025-01-17,49368.02,DENIED
CLM0004089,POL002405,2026-05-11,75118.03,IN REVIEW
CLM0000855,POL000869,2024-10-27,10776.76,OPEN
CLM0003260,POL001128,2025-09-22,47660.22,DENIED
CLM0003223,POL004402,2026-04-24,56760.28,OPEN
CLM0001527,POL003867,2025-12-31,65484.26,IN REVIEW
CLM0002681,POL001461,2025-11-09,67243.68,CLOSED
CLM0005539,POL000862,2025-08-24,66571.06,IN REVIEW
CLM0004074,POL003967,2025-01-18,55214.17,CLOSED
CLM0006645,POL002448,2024-12-30,76417.68,DENIED
CLM0006966,POL000895,2025-03-26,52338.35,CLOSED
CLM0002867,POL904327,2024-06-10,51822.13,OPEN
CLM0003873,POL001670,2025-07-17,37361.46,OPEN
CLM0009765,POL002148,2024-10-31,32708.88,IN REVIEW
CLM0008515,POL002912,2024-12-20,67733.86,OPEN
CLM0009913,POL001847,2026-01-18,11368.92,CLOSED
CLM0007476,POL001404,2025-02-07,66615.42,OPEN
CLM0006324,POL004732,2024-09-29,17142.16,CLOSED
CLM0005151,POL004215,2025-11-17,7037.28,DENIED
CLM0007619,POL002756,2025-04-17,10830.98,IN REVIEW
CLM0005382,POL004066,2025-01-28,50399.96,DENIED
CLM0006912,POL000987,2026-04-02,22162.18,IN REVIEW
CLM0007671,POL000332,2025-06-27,26952.77,IN REVIEW
CLM0010958,POL000553,2026-03-04,19739.15,DENIED
CLM0001540,POL001321,0000-00-00,-36957.98,  OPEN 
CLM0001805,POL000524,2026-02-14,5953.93,IN REVIEW
CLM0010073,POL003508,2025-03-14,25606.65,CLOSED
CLM0008578,POL000475,2024-11-03,18023.49,CLOSED
CLM0005444,POL001623,2026-03-05,47185.37,CLOSED
CLM0009192,POL000355,2025-02-28,71848.88,OPEN
CLM0004076,POL001574,2025-07-26,61161.96,OPEN
CLM0007110,POL000662,2025-06-02,39522.65,DENIED
CLM0005986,POL002150,2025-01-06,3684.18,DENIED
CLM0007341,POL004682,2026-06-17,15855.4,OPEN
CLM0005039,POL003634,2024-12-22,60021.22,DENIED
CLM0005807,POL003721,2024-06-02,73171.33,  OPEN 
CLM0008167,POL000052,2024-08-09,53146.36,DENIED
CLM0005365,POL001588,2024-10-06,23670.16,CLOSED
CLM0001046,POL001438,2026-03-09,79665.69,  IN REVIEW 
CLM0011257,POL002260,2024-09-19,2585.17,OPEN
CLM0000241,POL001331,2024-10-20,17494.45,DENIED
CLM0010700,POL001686,2024-11-08,16819.49,DENIED
CLM0011711,POL003469,2024-07-25,49647.6,CLOSED
CLM0007160,POL003393,2026-04-08,1983.74,IN REVIEW
CLM0010831,POL002009,2025-11-19,65475.28,IN REVIEW
CLM0011672,POL003949,2026-05-02,23105.26,IN REVIEW
CLM0006299,POL000222,2026-04-26,67243.07,CLOSED
CLM0005135,POL000022,2026-07-11,25511.2,DENIED
CLM0001201,POL000408,2025-02-20,34236.55,DENIED
CLM0006595,POL000611,2024-07-30,34634.44,closed
CLM0002692,POL001329,2025-07-22,72431.48,IN REVIEW
CLM0005733,POL004323,2025-09-19,34485.27,CLOSED
CLM0009768,POL001407,2024-09-02,51028.5,DENIED
CLM0005856,POL001971,2024-08-10,12101.25,IN REVIEW
CLM0006521,POL004090,2025-01-16,31682.62,CLOSED
CLM0009387,POL000990,0000-00-00,22648.61,CLOSED
CLM0007395,POL003288,2024-06-24,18005.56,DENIED
CLM0002104,POL003973,2025-10-11,60314.64,CLOSED
CLM0005754,POL000388,2025-01-16,78620.34,DENIED
CLM0007060,POL002354,2026-03-02,22994.08,IN REVIEW
CLM0003102,POL001103,2025-08-03,50861.98,OPEN
CLM0001858,POL000348,2025-07-04,43021.61,DENIED
CLM0001237,POL004708,2025-10-20,21999.15,DENIED
CLM0001550,POL001319,2025-07-17,13211.42,DENIED
CLM0004275,POL002256,2024-08-13,0,CLOSED
CLM0011165,POL002911,2025-10-03,10985.43,DENIED
CLM0006361,POL002968,2024-12-12,57482.43,CLOSED
CLM0002619,POL002124,2026-06-23,46830.17,CLOSED
CLM0010351,POL004156,2024-10-13,72147.88,DENIED
CLM0001817,POL004430,2025-04-23,63911.72,CLOSED
CLM0005246,POL001019,2025-08-24,28446.34,IN REVIEW
CLM0008749,POL003414,2025-07-06,15939.36,CLOSED
CLM0006208,POL001658,2024-08-09,13952.79,CLOSED
CLM0003567,POL002527,N/A,65982.8,DENIED
CLM0001270,POL003079,2026-06-03,7416.04,DENIED
CLM0006273,POL001079,2025-05-16,0,DENIED
CLM0005231,POL004212,2025-12-15,6899.03,CLOSED
CLM0009346,POL003799,2025-03-18,66324.49,IN REVIEW
CLM0002111,POL002393,2024-12-23,46882.06,CLOSED
CLM0009242,POL004520,2024-08-29,1020.95,CLOSED
CLM0004216,POL001398,2025-10-28,62604.93,  DENIED 
CLM0011486,POL004932,2025-02-24,15973.49,CLOSED
CLM0009830,POL003322,2024-09-02,48155.14,OPEN
CLM0006062,POL003209,2025-03-20,77641.9,CLOSED
CLM0008223,POL003687,2024-12-30,46502.1,CLOSED
CLM0003315,POL004462,2025-12-28,59130.71,DENIED
CLM0001230,POL004269,2026-03-20,52254.33,OPEN
CLM0005641,POL003314,2025-04-15,72626.16,IN REVIEW
CLM0003042,POL003228,2024-10-21,14177.11,IN REVIEW
CLM0004405,POL004141,2026-01-11,77917.59,DENIED
CLM0010563,POL004566,2024-07-20,25745.64,IN REVIEW
CLM0011826,POL004322,2025-08-16,17679.96,CLOSED
CLM0010567,POL004969,2024-07-25,66543.88,IN REVIEW
CLM0001899,POL000404,2025-01-03,34575.18,OPEN
CLM0000520,POL000953,2026-02-11,30139.46,CLOSED
CLM0011414,POL004468,2026-04-05,56167.63,OPEN
CLM0011498,POL002525,2025-07-24,50436.34,IN REVIEW
CLM0003469,POL000289,2025-03-02,75351.27,OPEN
CLM0002701,POL002589,2026-07-08,1943.96,IN REVIEW
CLM0006593,POL000665,2025-12-06,37153.68,IN REVIEW
CLM0002009,POL000838,2025-11-05,75613.49,IN REVIEW
CLM0008242,POL001433,2024-12-12,29973.71,CLOSED
CLM0006002,POL002349,2025-03-08,77790.84,IN REVIEW
CLM0001178,POL000750,2026-02-13,78111.18,OPEN
CLM0004010,POL003813,2024-10-13,17893.6,DENIED
CLM0004792,POL001479,2026-03-25,32945.89,CLOSED
CLM0010343,POL001007,2026-05-15,27589.58,DENIED
CLM0011522,POL001878,2026-06-16,12800.34,OPEN
CLM0011840,POL001024,2024-11-18,78011.14,OPEN
CLM0006323,POL001670,2024-11-12,55590.04,IN REVIEW
CLM0011189,POL001168,2025-03-10,30492.75,OPEN
CLM0001052,POL001277,2025-08-31,39747.7,CLOSED
CLM0011306,POL003262,2026-03-22,12011.95,IN REVIEW
CLM0007766,POL000593,2024-11-28,25243.75,OPEN
CLM0000713,POL000093,2024-06-21,11508.06,OPEN
CLM0010766,POL002007,2024-09-29,35415.83,OPEN
CLM0007916,POL001363,2024-07-06,69924.54,IN REVIEW
CLM0004119,POL002162,2025-12-20,30710.45,DENIED
CLM0006529,POL004502,2026-05-06,65340.81,DENIED
CLM0011782,POL004878,2024-10-13,49665.34,OPEN
CLM0004071,POL004840,2025-04-12,7695.6,OPEN
CLM0001269,POL000287,2026-05-21,34837.13,IN REVIEW
CLM0010506,POL003798,2025-09-25,33761.24,CLOSED
CLM0005808,POL000889,2026-06-16,34523.57,CLOSED
CLM0000181,POL000056,2024-07-25,18150.01,DENIED
CLM0009936,POL004982,2024-06-04,59969.14,DENIED
CLM0006276,POL000590,2024-12-02,-39100.11,DENIED
CLM0009877,POL004171,2025-06-07,30996.13,IN REVIEW
CLM0006194,POL000814,2025-12-23,18298.4,DENIED
CLM0003632,POL004507,2025-12-10,13097.39,DENIED
CLM0002987,POL000082,2026-04-05,67402.08,  CLOSED 
CLM0004328,POL000946,2024-08-03,9999999.99,OPEN
CLM0001767,POL004458,2024-10-30,15848.39,open
CLM0005498,POL002595,2024-07-17,16188.39,IN REVIEW
CLM0005384,POL002839,2025-10-18,64351.02,OPEN
CLM0006620,POL004546,2025-02-01,35308.53,DENIED
CLM0000230,POL001803,2025-06-05,10814.23,OPEN
CLM0003794,POL001048,2024-08-28,63697.52,OPEN
CLM0008001,POL000793,2025-09-21,34690.34,OPEN
CLM0011229,POL004980,2025-07-30,60409.42,IN REVIEW
CLM0011117,POL000259,2024-10-30,56195.33,  OPEN 
CLM0002062,POL004495,2025-05-16,24299.34,DENIED
CLM0009172,POL003363,2025-06-25,39395.31,DENIED
CLM0000799,POL000936,2025-05-02,37049.87,CLOSED
CLM0009328,POL004377,2024-09-09,9999999.99,IN REVIEW
CLM0005533,POL001009,2025-10-31,12915.73,IN REVIEW
CLM0011021,POL004427,2025-09-18,30160.94,OPEN
CLM0004628,POL001503,2025-04-25,32590.25,  IN REVIEW 
CLM0001593,POL003608,2024-06-16,60922.41,CLOSED
CLM0004347,POL002394,2024-12-25,1504.3,DENIED
CLM0001586,POL004432,2025-09-16,37776.49,CLOSED
CLM0005634,POL001784,2025-02-25,1289.0,DENIED
CLM0000783,POL000083,2024-11-29,32486.52,IN REVIEW
CLM0006322,POL003658,2025-10-29,57083.46,CLOSED
CLM0004244,POL003477,2024-09-17,18339.21,IN REVIEW
CLM0002556,POL002547,2024-09-28,37850.44,OPEN
CLM0010268,POL928160,2025-05-27,8226.01,  DENIED 
CLM0010006,POL001475,2026-05-24,19185.12,CLOSED
CLM0006016,POL000401,2026-05-07,55484.44,DENIED
CLM0008507,POL004427,2026-01-06,9336.67,OPEN
CLM0003609,POL003860,2025-06-10,56050.53,IN REVIEW
CLM0004212,POL002405,2026-07-19,-54899.55,DENIED
CLM0010158,POL003075,2026-13-45,57052.51,DENIED
CLM0003920,POL000115,2026-04-07,73877.65,IN REVIEW
CLM0000854,POL002105,2026-05-10,13593.06,DENIED
CLM0010424,POL002506,2026-05-15,46290.18,DENIED
CLM0005627,POL003700,2025-07-28,71901.94,DENIED
CLM0001688,POL001036,2024-09-05,67712.08,IN REVIEW
CLM0005087,POL000437,2024-08-25,47710.61,CLOSED
CLM0002442,POL003301,2026-01-20,60717.81,CLOSED
CLM0009585,POL003205,2025-01-19,64840.24,IN REVIEW
CLM0000651,POL004611,2025-10-24,75057.68,OPEN
CLM0001350,POL000689,2024-12-13,19021.06,  OPEN 
CLM0002988,POL004717,2025-03-14,53850.35,CLOSED
CLM0010874,POL923590,2024-11-03,35205.09,OPEN
CLM0004868,POL003233,2025-05-10,55196.61,CLOSED
CLM0005693,POL004223,2026-03-02,3647.51,CLOSED
CLM0008767,POL001428,2025-05-06,41138.72,closed
CLM0005997,POL004393,2024-08-21,37283.66,IN REVIEW
CLM0000601,POL003930,2026-05-12,43406.33,CLOSED
CLM0001882,POL000074,2025-11-07,49602.09,  OPEN 
CLM0009836,POL000721,0000-00-00,47048.8,DENIED
CLM0008299,POL003537,2026-03-17,47027.7,IN REVIEW
CLM0004403,POL004669,2026-01-19,47084.88,CLOSED
CLM0001439,POL000278,2024-12-27,67334.3,DENIED
CLM0001661,POL001155,2026-03-24,62827.0,CLOSED
CLM0001504,POL003760,2026-03-25,7531.43,IN REVIEW
CLM0000424,POL002203,2024-07-22,67744.14,OPEN
CLM0010012,POL003995,2026-02-26,9999999.99,IN REVIEW
CLM0002831,POL004343,2024-06-26,29506.84,  DENIED 
CLM0003619,POL001647,2024-08-14,18268.08,CLOSED
CLM0005113,POL002633,2026-05-25,38184.05,DENIED
CLM0009639,POL002691,2026-06-05,65060.09,CLOSED
CLM0007290,POL002305,2026-03-05,35207.46,CLOSED
CLM0010828,POL003168,2024-12-16,23975.14,closed
CLM0007872,POL001711,2024-08-06,7325.09,CLOSED
CLM0010190,POL000127,2024-09-25,4700.15,CLOSED
CLM0007603,POL003277,2025-02-28,23248.31,DENIED
CLM0001485,POL003807,2024-09-22,40964.39,OPEN
CLM0001610,POL002563,2024-07-28,47527.31,DENIED
CLM0009832,POL000961,2024-08-22,20084.63,DENIED
CLM0002980,POL000916,2025-02-11,32573.19,CLOSED
CLM0001060,POL003940,2025-03-27,15122.88,CLOSED
CLM0001261,POL000534,2025-04-24,57587.94,OPEN
CLM0011516,POL000639,2024-10-22,70637.63,OPEN
CLM0007312,POL000482,2025-10-13,32837.5,OPEN
CLM0009890,POL003782,2026-05-26,35440.88,OPEN
CLM0008985,POL000515,2024-10-20,69830.71,OPEN
CLM0006507,POL002848,2025-10-10,28407.28,IN REVIEW
CLM0003226,POL003791,2025-02-16,5692.02,CLOSED
CLM0009525,POL004892,2025-04-12,14731.05,CLOSED
CLM0008519,POL001288,2026-03-05,29000.97,  IN REVIEW 
CLM0004848,POL003735,2025-01-26,47034.12,OPEN
CLM0005822,POL004318,2025-11-20,79958.03,CLOSED
CLM0005180,POL002955,2025-11-25,17453.23,DENIED
CLM0004177,POL001676,2024-10-01,45916.25,OPEN
CLM0009824,POL001800,2026-01-07,35062.23,OPEN
CLM0003958,POL000738,2025-07-18,54680.21,DENIED
CLM0005950,POL001479,2025-11-11,31922.72,DENIED
CLM0000001,POL002944,2025-02-02,5502.76,DENIED
CLM0003054,POL004741,2026-04-06,45585.94,DENIED
CLM0005875,POL002080,2026-06-24,72676.34,OPEN
CLM0006029,POL000975,2025-02-19,35724.43,DENIED
CLM0011262,POL000845,2025-03-15,12205.85,CLOSED
CLM0002216,POL002359,2026-06-11,76501.83,CLOSED
CLM0009724,POL004571,2025-06-25,1511.37,DENIED
CLM0007563,POL000776,2024-10-16,59652.83,IN REVIEW
CLM0000527,POL003719,2026-03-26,53950.12,  DENIED 
CLM0003514,POL002853,2025-01-25,4464.52,CLOSED
CLM0003279,POL000172,2026-03-10,59361.59,IN REVIEW
CLM0001572,POL003090,2024-07-06,74411.11,IN REVIEW
CLM0000563,POL004322,2026-04-17,74481.58,IN REVIEW
CLM0001362,POL004426,2026-03-31,7195.28,IN REVIEW
CLM0002426,POL004385,2026-02-22,35598.07,DENIED
CLM0002457,POL002836,2025-06-10,24188.4,CLOSED
CLM0011405,POL002246,2025-02-09,24766.03,CLOSED
CLM0009644,POL003937,2026-07-12,69238.47,CLOSED
CLM0000606,POL003805,2026-04-25,36558.81,  OPEN 
CLM0000585,POL002698,2024-10-14,42901.71,DENIED
CLM0004550,POL004692,2025-01-03,38652.38,OPEN
CLM0011123,POL001047,2025-07-20,36572.84,CLOSED
CLM0005160,POL000167,2025-04-28,23474.55,IN REVIEW
CLM0006390,POL003135,2026-01-18,13859.92,CLOSED
CLM0009886,POL001604,2026-02-19,13441.63,OPEN
CLM0005083,POL000533,2025-12-09,61819.7,DENIED
CLM0003241,POL003869,2024-06-21,40669.41,IN REVIEW
CLM0008582,POL971899,2024-07-04,6969.85,IN REVIEW
CLM0001181,POL001344,2024-10-05,15508.39,CLOSED
CLM0010015,POL002967,2025-08-23,1150.9,  DENIED 
CLM0009462,POL003826,2024-06-29,3493.66,DENIED
CLM0010625,POL004137,2025-05-28,62213.65,  CLOSED 
CLM0008988,POL000034,2025-05-17,35993.18,CLOSED
CLM0010615,POL003006,2025-10-15,75153.26,IN REVIEW
CLM0002242,POL003361,2026-01-03,19652.87,DENIED
CLM0003105,POL001765,2026-01-31,4689.51,closed
CLM0011596,POL002225,2024-12-30,76267.89,OPEN
CLM0005851,POL000589,2024-07-16,63370.34,DENIED
CLM0008588,POL002012,2025-05-15,654.57,DENIED
CLM0001297,POL002095,2024-11-04,78697.46,IN REVIEW
CLM0007355,POL002096,2024-08-09,11010.44,IN REVIEW
CLM0003938,POL001983,2024-10-12,77394.05,OPEN
CLM0005013,POL004684,2025-02-26,26446.95,CLOSED
CLM0006147,POL001408,2024-09-18,39263.47,DENIED
CLM0011162,POL004005,2024-07-06,34723.59,OPEN
CLM0002134,POL003921,2025-11-18,33906.74,OPEN
CLM0008518,POL968553,2025-08-19,42947.32,DENIED
CLM0011611,POL002521,2026-01-18,28921.81,DENIED
CLM0001662,POL001542,2025-02-15,13169.96,CLOSED
CLM0009166,POL001096,2025-11-29,67331.97,CLOSED
CLM0004118,POL003571,2025-08-05,67613.18,DENIED
CLM0008787,POL000732,2026-06-25,51576.92,OPEN
CLM0003210,POL002260,2025-05-31,58838.37,OPEN
CLM0001018,POL004830,2024-12-24,27230.99,CLOSED
CLM0005563,POL004115,2025-01-06,43084.97,OPEN
CLM0007952,POL000934,2024-06-23,33887.45,OPEN
CLM0004350,POL004346,2024-10-11,33991.56,DENIED
CLM0005273,POL003275,2026-04-22,21150.69,IN REVIEW
CLM0002183,POL003381,2024-07-10,38852.24,DENIED
CLM0000645,POL004297,2024-08-21,783.21,DENIED
CLM0008267,POL002727,2024-12-25,79816.21,open
CLM0010923,POL002880,2026-03-06,38045.82,CLOSED
CLM0010530,POL001848,2025-03-16,14303.46,CLOSED
CLM0000171,POL003092,2026-01-14,15938.41,CLOSED
CLM0004943,POL000386,2025-04-24,2352.88,OPEN
CLM0003014,POL004325,2024-09-22,44511.12,denied
CLM0007096,POL002515,2025-09-07,17282.09,OPEN
CLM0011534,POL004886,2025-06-16,56263.22,OPEN
CLM0011497,POL000380,2026-01-18,13167.99,  CLOSED 
CLM0005600,POL004112,2025-05-26,16067.43,CLOSED
CLM0001665,POL002067,2026-07-01,27773.06,DENIED
CLM0010843,POL000805,2025-12-10,48020.34,  CLOSED 
CLM0009755,POL001539,2025-07-13,14618.34,DENIED
CLM0010606,POL004231,2024-09-08,36598.24,OPEN
CLM0007842,POL000746,2025-07-11,69527.72,DENIED
CLM0011808,POL002155,2025-12-20,6497.72,OPEN
CLM0010279,POL002287,2025-11-13,73022.62,DENIED
CLM0008034,POL002341,2025-09-11,28410.36,IN REVIEW
CLM0002194,POL002005,2025-05-08,73793.35,OPEN
CLM0008111,POL001911,2025-07-22,76764.62,IN REVIEW
CLM0000021,POL000436,2024-10-13,7590.65,IN REVIEW
CLM0011869,POL003366,2025-07-31,76380.75,DENIED
CLM0009527,POL003231,2024-11-27,45226.35,OPEN
CLM0001145,POL003918,2024-12-31,1257.22,IN REVIEW
CLM0000987,POL002656,2025-10-02,20769.51,CLOSED
CLM0005979,POL002580,2025-12-02,12778.03,OPEN
CLM0010468,POL000084,2026-04-30,517.25,CLOSED
CLM0010060,POL004632,2026-01-11,11348.37,OPEN
CLM0006848,POL002903,2026-03-02,11561.6,OPEN
CLM0001475,POL001749,2025-01-11,34179.13,OPEN
CLM0003743,POL003686,2024-10-26,2785.8,IN REVIEW
CLM0005297,POL003499,2025-01-14,47425.09,DENIED
CLM0003257,POL000273,2025-12-10,57813.29,IN REVIEW
CLM0004933,POL003900,2024-08-12,59193.1,OPEN
CLM0008667,POL004474,2025-10-18,74182.03,CLOSED
CLM0010698,POL004020,2025-12-06,77173.65,DENIED
CLM0010993,POL003981,2025-06-11,48892.65,OPEN
CLM0005577,POL002869,2024-10-25,61348.88,DENIED
CLM0008349,POL001932,2024-12-06,28024.81,DENIED
CLM0010719,POL000567,2024-09-05,68850.29,DENIED
CLM0001715,POL002163,2025-03-22,13911.7,IN REVIEW
CLM0008860,POL002045,2025-05-06,42549.07,OPEN
CLM0002592,POL001338,2025-01-14,20800.1,OPEN
CLM0003669,POL004025,2024-10-15,12663.53,DENIED
CLM0011776,POL000776,2025-09-14,67106.51,DENIED
CLM0005308,POL003362,2025-12-30,67140.98,OPEN
CLM0010910,POL004555,2025-10-10,52188.34,DENIED
CLM0004332,POL003878,2025-10-10,78156.77,DENIED
CLM0000656,POL000663,2025-12-04,78559.31,DENIED
CLM0005691,POL000543,2025-05-09,22274.88,IN REVIEW
CLM0005792,POL004486,2025-06-03,41378.83,OPEN
CLM0011269,POL002934,2026-05-28,79420.25,IN REVIEW
CLM0011324,POL004879,2025-09-27,75099.8,DENIED
CLM0011317,POL000091,2025-03-10,29793.78,IN REVIEW
CLM0007919,POL004191,2024-12-17,61669.11,DENIED
CLM0004218,POL002551,2024-09-22,8322.91,DENIED
CLM0009701,POL001603,2026-07-01,32171.31,DENIED
CLM0008967,POL000726,2026-04-28,14149.53,OPEN
CLM0010413,POL002089,2026-05-18,65512.28,IN REVIEW
CLM0003268,POL002154,2024-06-29,51798.38,CLOSED
CLM0007478,POL001857,2025-03-13,11389.07,IN REVIEW
CLM0005095,POL000888,2025-03-01,14610.15,IN REVIEW
CLM0011267,POL003440,2025-02-20,55742.95,IN REVIEW
CLM0004485,POL002165,2025-03-24,49893.52,DENIED
CLM0009401,POL000994,2024-12-16,73660.62,IN REVIEW
CLM0005049,POL001060,2025-11-17,79243.13,DENIED
CLM0001282,POL000583,2026-07-11,20814.53,CLOSED
CLM0009826,POL002412,2026-04-06,8188.56,IN REVIEW
CLM0003636,POL004581,2025-07-09,35633.89,DENIED
CLM0009305,POL004124,2026-03-01,59134.32,CLOSED
CLM0006654,POL002124,2025-06-17,79044.2,IN REVIEW
CLM0005926,POL003402,2024-09-16,76371.09,denied
CLM0009262,POL000323,2024-06-09,79808.49,IN REVIEW
CLM0010463,POL004262,2025-03-08,2184.54,OPEN
CLM0011183,POL003522,2025-01-23,28380.48,DENIED
CLM0010515,POL000393,2025-05-17,41363.56,CLOSED
CLM0009959,POL000556,2026-01-24,71582.96,IN REVIEW
CLM0001771,POL002869,2025-08-10,51476.96,IN REVIEW
CLM0010901,POL003463,2025-01-02,63478.24,DENIED
CLM0009227,POL003121,2026-02-07,76707.36,OPEN
CLM0010702,POL001090,2026-05-10,8767.88,IN REVIEW
CLM0005229,POL003273,2024-10-09,6307.01,DENIED
CLM0010940,POL003570,2024-12-30,5249.74,CLOSED
CLM0000477,POL000834,2025-10-20,57067.7,OPEN
CLM0006229,POL003260,2024-09-05,44967.22,OPEN
CLM0002435,POL003697,2025-11-17,31259.88,CLOSED
CLM0007407,POL003098,2026-02-03,65514.59,CLOSED
CLM0000535,POL002898,2024-08-01,11627.09,DENIED
CLM0008814,POL000552,N/A,12664.31,DENIED
CLM0009904,POL000569,2025-07-18,22110.66,DENIED
CLM0008174,POL004621,2026-06-11,74497.63,DENIED
CLM0008938,POL003507,2024-12-25,19124.29,CLOSED
CLM0011612,POL004937,2025-01-24,12154.33,CLOSED
CLM0005074,POL002775,2026-03-20,7357.3,IN REVIEW
CLM0011231,POL002291,2026-03-10,60845.88,IN REVIEW
CLM0011261,POL000620,2025-09-01,2477.1,OPEN
CLM0003876,POL002929,2025-12-31,62530.73,IN REVIEW
CLM0005104,POL004328,2025-07-26,16413.45,CLOSED
CLM0001289,POL001543,2024-08-24,41350.19,DENIED
CLM0001827,POL000156,2024-11-05,48578.13,OPEN
CLM0000699,POL958303,2026-03-30,63078.3,OPEN
CLM0003230,POL001296,2026-06-01,31891.29,DENIED
CLM0002774,POL000277,2025-02-14,37765.96,OPEN
CLM0011222,POL001813,2025-01-03,32881.45,IN REVIEW
CLM0001780,POL003878,2025-05-06,71314.08,OPEN
CLM0011828,POL002949,2024-07-15,31500.92,IN REVIEW
CLM0011393,POL001753,2024-07-29,14902.58,DENIED
CLM0005886,POL003697,2026-06-24,74886.37,OPEN
CLM0006039,POL004682,2025-01-16,66367.72,CLOSED
CLM0008012,POL001079,2026-03-02,43244.68,IN REVIEW
CLM0006306,POL000761,2024-06-24,46114.45,DENIED
CLM0007656,POL002342,2024-06-05,39540.14,  OPEN 
CLM0008919,POL003250,2024-08-01,47180.59,DENIED
CLM0001923,POL003875,2024-12-02,38081.43,DENIED
CLM0010040,POL001109,2024-09-13,42457.75,  OPEN 
CLM0007790,POL003146,2025-11-04,40928.32,DENIED
CLM0004201,POL002674,2025-04-07,69780.36,CLOSED
CLM0009477,POL003622,2025-09-27,9999999.99,DENIED
CLM0008414,POL004388,2026-01-13,46718.98,  CLOSED 
CLM0003007,POL000542,2026-01-21,32976.38,CLOSED
CLM0002241,POL001319,2024-11-11,35518.79,CLOSED
CLM0003624,POL001339,2025-06-14,65945.85,DENIED
CLM0001786,POL003811,2026-01-26,69435.23,OPEN
CLM0003353,POL004241,2025-09-05,2681.79,IN REVIEW
CLM0009280,POL000325,2025-01-27,55651.38,CLOSED
CLM0000328,POL001415,2024-12-07,0,CLOSED
CLM0007493,POL004387,2024-06-15,10256.29,IN REVIEW
CLM0007678,POL001636,2025-09-09,32156.21,OPEN
CLM0003036,POL920793,2025-09-10,70230.42,DENIED
CLM0001139,POL002196,2024-09-22,5701.68,IN REVIEW
CLM0002700,POL000069,2024-06-30,49148.18,IN REVIEW
CLM0007253,POL003543,2025-10-11,64853.89,in review
CLM0001697,POL000670,2026-07-04,34957.1,DENIED
CLM0000726,POL002074,2026-05-29,18928.16,CLOSED
CLM0004469,POL000562,2026-03-25,67816.51,CLOSED
CLM0002990,POL000517,2024-09-20,64434.55,DENIED
CLM0000447,POL004406,2025-02-18,60007.66,IN REVIEW
CLM0009108,POL001225,2025-09-09,12637.66,DENIED
CLM0009188,POL000718,2024-07-01,62442.2,IN REVIEW
CLM0007849,POL003558,2026-06-04,31530.69,closed
CLM0005058,POL003679,2025-03-30,69761.09,DENIED
CLM0010151,POL001935,2024-07-23,-5926.73,CLOSED
CLM0003224,POL001926,2026-04-13,38661.55,OPEN
CLM0000354,POL002486,,42624.44,DENIED
CLM0002838,POL004555,2024-10-23,12814.94,DENIED
CLM0003537,POL002531,2025-11-18,54260.58,DENIED
CLM0009591,POL004610,2025-06-30,74763.57,CLOSED
CLM0010504,POL003212,2025-02-10,39137.5,OPEN
CLM0009487,POL003268,2026-01-12,19796.77,DENIED
CLM0002292,POL000242,2026-02-12,71871.66,OPEN
CLM0004260,POL000322,2025-09-03,43040.09,IN REVIEW
CLM0005989,POL002879,2025-07-01,24233.16,CLOSED
CLM0009896,POL001780,2026-06-11,1559.87,DENIED
CLM0009127,POL003454,2026-06-02,69032.36,CLOSED
CLM0001548,POL000426,2025-05-22,54979.45,DENIED
CLM0000157,POL001689,2026-01-13,76569.65,OPEN
CLM0002657,POL003041,2024-08-02,78005.07,DENIED
CLM0006403,POL000558,2024-07-01,1477.1,DENIED
CLM0007821,POL003505,2026-06-12,22613.23,DENIED
CLM0006277,POL002212,2024-08-08,57707.62,CLOSED
CLM0011480,POL001228,0000-00-00,58052.66,IN REVIEW
CLM0005127,POL002038,2024-09-15,32647.94,closed
CLM0009655,POL000374,2025-10-28,63291.17,IN REVIEW
CLM0005736,POL003527,2025-02-18,47129.65,CLOSED
CLM0002309,POL003805,2025-08-23,10768.86,CLOSED
CLM0003161,POL000333,2026-05-09,29690.32,OPEN
CLM0005698,POL000526,2025-04-28,79216.7,DENIED
CLM0009245,POL001187,2025-01-30,30721.69,IN REVIEW
CLM0003470,POL002185,2026-03-08,48337.36,IN REVIEW
CLM0011007,POL003931,2025-05-03,10471.49,CLOSED
CLM0010441,POL003941,2026-04-27,35475.35,OPEN
CLM0004751,POL000246,2025-03-20,47494.69,IN REVIEW
CLM0005033,POL003068,2026-05-18,35390.38,DENIED
CLM0009414,POL002525,2026-06-29,33347.22,DENIED
CLM0010305,POL002522,2026-04-28,66611.68,OPEN
CLM0004217,POL000549,2025-02-27,11344.22,DENIED
CLM0002335,POL003065,2024-09-24,7891.65,DENIED
CLM0006964,POL000222,2026-06-26,57341.37,OPEN
CLM0005090,POL002270,2025-09-04,73476.11,CLOSED
CLM0000584,POL000185,2025-11-27,65494.29,IN REVIEW
CLM0007406,POL002285,2026-07-05,38901.1,OPEN
CLM0007780,POL003847,2025-01-07,51926.78,DENIED
CLM0011470,POL003179,2024-11-26,9369.27,IN REVIEW
CLM0005843,POL001191,2026-01-22,75950.24,IN REVIEW
CLM0009013,POL000322,2024-07-29,2843.93,OPEN
CLM0002979,POL003871,2024-08-05,18715.96,closed
CLM0002166,POL004487,2025-02-04,45538.49,IN REVIEW
CLM0011282,POL004787,2025-11-16,56293.98,IN REVIEW
CLM0005336,POL003048,2024-11-13,69821.71,open
CLM0007229,POL003544,2025-09-02,63897.86,DENIED
CLM0005820,POL000358,2024-11-23,60150.45,IN REVIEW
CLM0010834,POL001066,2025-11-13,28416.5,CLOSED
CLM0005758,POL004677,2025-01-04,62854.99,OPEN
CLM0010177,POL000869,2024-09-14,57662.4,CLOSED
CLM0007565,POL001633,2025-06-10,5584.81,IN REVIEW
CLM0011121,POL003194,2024-11-22,9512.12,DENIED
CLM0006003,POL004691,2026-04-22,18388.57,DENIED
CLM0008417,POL004417,2024-12-05,1104.02,IN REVIEW
CLM0011259,POL003332,2025-09-05,22529.32,OPEN
CLM0008221,POL004072,2024-11-30,68270.76,CLOSED
CLM0000362,POL001519,2026-06-05,12207.87,IN REVIEW
CLM0011880,POL004849,2025-11-18,55843.51,CLOSED
CLM0002751,POL002366,2025-06-11,76580.01,DENIED
CLM0002496,POL000936,2025-09-24,13001.46,DENIED
CLM0005818,POL003895,2024-09-25,64159.01,CLOSED
CLM0007972,POL002189,2025-04-24,29696.93,DENIED
CLM0000944,POL003270,2026-13-45,40395.74,DENIED
CLM0008361,POL002350,2026-06-29,14251.55,DENIED
CLM0010134,POL000125,2026-06-14,21211.22,OPEN
CLM0011372,POL000649,2025-11-18,48573.75,denied
CLM0007551,POL004677,2025-02-26,70345.48,open
CLM0010967,POL001939,2026-07-05,16290.83,DENIED
CLM0006134,POL004692,2025-11-17,5948.72,CLOSED
CLM0010225,POL002788,2025-11-20,41543.43,  DENIED 
CLM0004839,POL000945,2026-04-18,11399.68,IN REVIEW
CLM0004864,POL002107,2025-11-12,15031.02,closed
CLM0000774,POL000357,2024-09-26,39260.35,OPEN
CLM0005625,POL002350,2026-05-17,77032.24,DENIED
CLM0009007,POL002436,2025-10-09,38728.49,DENIED
CLM0010269,POL000329,2024-11-18,17962.22,OPEN
CLM0007588,POL001816,2025-03-11,18035.37,OPEN
CLM0003361,POL000139,2024-07-27,999.07,CLOSED
CLM0005921,POL004647,2025-03-26,69357.15,CLOSED
CLM0011628,POL002641,2026-01-17,5076.84,IN REVIEW
CLM0008367,POL001165,2024-11-11,49529.92,IN REVIEW
CLM0007851,POL000779,2024-10-05,8563.14,IN REVIEW
CLM0002349,POL004190,2024-11-13,9999999.99,OPEN
CLM0000867,POL004941,2024-07-20,74264.44,open
CLM0001033,POL001676,31/12/2025,14681.03,CLOSED
CLM0005915,POL004233,2025-10-16,51659.17,CLOSED
CLM0006286,POL001536,2026-05-10,66049.28,OPEN
CLM0011304,POL000277,2024-12-18,42351.17,DENIED
CLM0001489,POL980082,2026-02-22,60930.77,DENIED
CLM0006835,POL003298,2024-12-27,59895.49,OPEN
CLM0007812,POL002269,2024-07-19,5480.51,DENIED
CLM0007310,POL004995,2025-08-28,55473.33,OPEN
CLM0007717,POL001985,2025-08-30,43320.95,IN REVIEW
CLM0004402,POL002443,2024-08-11,11047.75,CLOSED
CLM0006977,POL001262,2025-12-23,447.66,IN REVIEW
CLM0000592,POL004633,2025-04-15,68273.28,DENIED
CLM0010816,POL000347,2024-09-09,64647.4,OPEN
CLM0006329,POL002259,2025-01-06,31240.88,CLOSED
CLM0000740,POL002386,2025-10-16,48295.1,CLOSED
CLM0006152,POL002508,2025-06-23,11831.08,OPEN
CLM0004619,POL001032,2024-09-25,8551.06,IN REVIEW
CLM0008203,POL004988,2025-09-03,7910.23,DENIED
CLM0000992,POL003422,2025-10-19,52141.61,IN REVIEW
CLM0002949,POL000931,2024-07-31,34360.11,OPEN
CLM0009777,POL000528,2025-08-22,24279.98,DENIED
CLM0010687,POL000670,2024-09-21,29749.28,IN REVIEW
CLM0011003,POL001341,2024-12-22,58884.36,IN REVIEW
CLM0008137,POL004661,2025-05-18,53638.77,DENIED
CLM0006423,POL000004,2026-13-45,54641.75,DENIED
CLM0006754,POL001703,2026-02-05,73467.74,OPEN
CLM0011207,POL004602,2025-09-25,-23959.39,DENIED
CLM0008513,POL002849,2024-07-30,27703.17,OPEN
CLM0008648,POL001589,2025-02-12,9454.48,DENIED
CLM0004334,POL002349,2026-01-04,27988.59,CLOSED
CLM0003476,POL000240,2025-11-03,70350.49,IN REVIEW
CLM0002432,POL000021,2024-08-11,7156.1,open
CLM0000697,POL002294,2024-12-11,31756.68,OPEN
CLM0006204,POL002942,2025-03-03,63132.18,OPEN
CLM0002024,POL002065,2025-03-12,1730.58,CLOSED
CLM0010819,POL003511,2025-09-30,22852.96,CLOSED
CLM0000631,POL002640,2025-07-02,22368.07,CLOSED
CLM0005253,POL002307,2024-11-17,11643.47,CLOSED
CLM0011964,POL004939,2025-02-25,36191.35,OPEN
CLM0008690,POL002075,2025-06-24,74457.83,OPEN
CLM0001859,POL001246,2024-09-28,52591.08,CLOSED
CLM0006705,POL004186,2026-02-04,22168.0,DENIED
CLM0000732,POL000463,2025-12-31,59798.43,CLOSED
CLM0004840,POL004785,2025-11-20,59554.29,DENIED
CLM0011888,POL002772,2025-03-05,25538.21,IN REVIEW
CLM0006237,POL002033,2024-06-13,43056.8,CLOSED
CLM0009537,POL000874,2025-11-08,43602.78,IN REVIEW
CLM0007658,POL004833,2024-08-18,4136.12,DENIED
CLM0007106,POL000144,2026-03-30,5546.11,IN REVIEW
CLM0004365,POL000174,2026-05-26,66485.59,CLOSED
CLM0008599,POL004277,2024-12-01,73384.14,DENIED
CLM0000914,POL003838,2024-12-30,45356.7,IN REVIEW
CLM0001250,POL000116,2025-02-20,22728.81,IN REVIEW
CLM0007252,POL002482,2026-02-19,75213.92,OPEN
CLM0001932,POL004238,2024-09-05,50915.66,IN REVIEW
CLM0002875,POL003936,2025-08-06,24552.02,DENIED
CLM0007255,POL003818,2026-03-15,1538.69,DENIED
CLM0006898,POL003881,2024-08-22,66373.68,DENIED
CLM0003489,POL001025,2024-10-21,77442.64,DENIED
CLM0001542,POL003957,2025-12-24,79644.09,IN REVIEW
CLM0000404,POL002267,2025-06-04,28097.4,OPEN
CLM0007977,POL001631,2026-01-16,28061.64,  DENIED 
CLM0002535,POL000425,2024-09-23,66465.5,DENIED
CLM0011255,POL004869,31/12/2025,25859.31,CLOSED
CLM0002270,POL001494,2025-03-23,54674.73,IN REVIEW
CLM0011867,POL003036,2024-07-28,71464.4,IN REVIEW
CLM0006906,POL001606,2026-05-14,21039.66,OPEN
CLM0008540,POL003908,2025-08-20,31173.94,DENIED
CLM0001634,POL000946,2025-01-24,13301.26,OPEN
CLM0011158,POL000497,2025-04-20,16883.16,CLOSED
CLM0002981,POL003026,2024-09-14,38332.62,DENIED
CLM0011593,POL000007,2025-10-17,4333.38,OPEN
CLM0009090,POL002512,2025-02-23,20988.95,DENIED
CLM0010298,POL003574,2025-01-13,46863.02,DENIED
CLM0003147,POL003432,2024-10-05,58164.57,IN REVIEW
CLM0001517,POL003582,2026-01-28,18413.25,CLOSED
CLM0011976,POL001140,2026-05-06,43757.86,DENIED
CLM0001459,POL002184,2025-05-23,18749.16,DENIED
CLM0000269,POL002558,2024-12-06,78229.91,IN REVIEW
CLM0005724,POL002196,2026-07-20,1807.86,DENIED
CLM0001227,POL000527,2024-08-17,45071.2,open
CLM0000583,POL002729,2026-07-12,72380.83,OPEN
CLM0011682,POL003692,2026-01-21,67883.04,DENIED
CLM0010838,POL003886,2025-05-19,13390.85,DENIED
CLM0011836,POL001191,2025-01-22,60419.62,DENIED
CLM0000178,POL001528,2025-09-07,35308.12,DENIED
CLM0010090,POL003152,2026-07-14,40120.3,OPEN
CLM0011910,POL002069,2025-05-03,43536.47,CLOSED
CLM0008303,POL002221,2025-06-27,50609.44,IN REVIEW
CLM0006087,POL004204,2024-07-08,55290.74,IN REVIEW
CLM0000301,POL003609,2025-05-28,45497.42,  DENIED 
CLM0000612,POL002453,2026-01-03,39006.39,DENIED
CLM0010650,POL000571,2026-03-21,56066.77,DENIED
CLM0002994,POL002251,2025-02-28,19168.64,IN REVIEW
CLM0004018,POL001348,2026-05-17,11903.83,DENIED
CLM0002188,POL000189,2025-06-03,76985.34,CLOSED
CLM0011954,POL003363,2025-08-04,78182.19,CLOSED
CLM0001672,POL962994,2025-07-29,1417.81,DENIED
CLM0007024,POL004654,2024-11-03,70832.33,CLOSED
CLM0002157,POL002647,2025-11-18,50907.57,CLOSED
CLM0003140,POL002115,2026-05-05,6166.84,OPEN
CLM0002036,POL004502,2026-01-21,13011.67,IN REVIEW
CLM0009586,POL972681,2024-09-15,16462.32,CLOSED
CLM0004466,POL002164,2024-06-22,37205.17,OPEN
CLM0003603,POL001478,2024-08-28,29197.96,IN REVIEW
CLM0009337,POL004284,2025-11-28,65628.94,CLOSED
CLM0002542,POL001240,2024-09-20,30450.32,in review
CLM0001719,POL000229,2024-08-31,50975.65,CLOSED
CLM0009171,POL003951,2025-04-12,44928.99,IN REVIEW
CLM0007112,POL000311,2024-07-28,49559.13,IN REVIEW
CLM0001042,POL004533,2024-06-26,48670.03,OPEN
CLM0008550,POL002612,2025-02-26,31896.0,CLOSED
CLM0007556,POL002439,2025-02-04,16001.01,IN REVIEW
CLM0011365,POL000288,2024-12-04,19793.9,OPEN
CLM0003033,POL000487,2025-10-17,28394.78,OPEN
CLM0007308,POL000122,2025-06-06,42360.16,DENIED
CLM0004258,POL003616,2024-08-07,55743.62,CLOSED
CLM0009217,POL001143,2024-06-13,55125.45,OPEN
CLM0009027,POL000322,2025-12-08,8194.28,OPEN
CLM0008261,POL000599,2025-12-19,39725.99,DENIED
CLM0004314,POL002942,2024-07-25,12056.91,OPEN
CLM0009972,POL003340,2024-10-20,66914.53,IN REVIEW
CLM0000216,POL002104,2025-05-20,72912.0,IN REVIEW
CLM0001560,POL000780,2026-03-17,4908.48,CLOSED
CLM0009257,POL001755,2025-06-16,46499.94,OPEN
CLM0006935,POL004768,2025-01-10,59887.36,OPEN
CLM0002162,POL004993,2024-10-20,19076.28,DENIED
CLM0003801,POL001034,2026-02-17,18925.25,CLOSED
CLM0007458,POL000232,2026-02-09,30736.46,  OPEN 
CLM0003385,POL004483,2024-09-12,66837.9,CLOSED
CLM0002479,POL004481,2025-04-25,14937.29,IN REVIEW
CLM0007932,POL004913,2026-02-05,35140.18,DENIED
CLM0000017,POL003536,2024-08-15,18818.05,OPEN
CLM0006255,POL001855,2026-07-12,14165.74,CLOSED
CLM0004624,POL003452,2025-09-12,52719.05,CLOSED
CLM0008323,POL004035,2025-01-10,64052.17,OPEN
CLM0001493,POL000426,2025-04-03,41683.96,OPEN
CLM0001522,POL001218,2025-11-14,15895.23,CLOSED
CLM0010398,POL001467,2024-10-29,71257.56,OPEN
CLM0003417,POL001195,2025-09-14,9778.11,DENIED
CLM0006587,POL002351,2024-07-31,50175.44,OPEN
CLM0001752,POL003987,2025-01-02,41764.98,OPEN
CLM0010201,POL004729,2025-04-24,33162.76,OPEN
CLM0000483,POL002036,2026-04-09,71563.26,CLOSED
CLM0009151,POL003246,2024-06-28,10465.45,IN REVIEW
CLM0006750,POL002946,2024-11-21,68591.81,OPEN
CLM0002766,POL000562,2025-06-29,67536.12,CLOSED
CLM0009835,POL001896,2026-07-11,69890.83,DENIED
CLM0001106,POL004459,2024-07-25,43633.39,DENIED
CLM0007033,POL004318,2025-04-28,11230.39,DENIED
CLM0002226,POL002336,2025-02-28,65703.09,CLOSED
CLM0004653,POL001474,2026-04-10,69670.59,OPEN
CLM0011139,POL000518,2026-02-21,25264.08,IN REVIEW
CLM0001933,POL004101,2025-08-30,7730.63,DENIED
CLM0005602,POL003844,2026-07-21,64002.38,IN REVIEW
CLM0000309,POL003454,2024-09-14,58820.87,CLOSED
CLM0002628,POL000010,2025-02-16,17577.49,CLOSED
CLM0011969,POL003778,2026-06-19,15618.56,OPEN
CLM0009532,POL004959,2025-02-27,76135.0,OPEN
CLM0004399,POL002217,2026-04-23,1623.55,OPEN
CLM0005132,POL004138,2025-04-08,65938.08,IN REVIEW
CLM0011458,POL001973,2025-05-06,74946.11,CLOSED
CLM0003889,POL000108,2025-06-30,8381.0,IN REVIEW
CLM0004805,POL001500,2025-07-27,6472.87,IN REVIEW
CLM0000693,POL002061,2024-12-18,61912.58,OPEN
CLM0005603,POL002176,2025-09-22,6928.32,OPEN
CLM0006133,POL001435,2024-08-20,44128.81,OPEN
CLM0005957,POL002567,2025-03-19,33310.6,  IN REVIEW 
CLM0006551,POL001784,2025-03-25,5395.62,CLOSED
CLM0000383,POL002862,2026-05-16,67783.48,CLOSED
CLM0009735,POL003702,2025-04-22,15964.03,IN REVIEW
CLM0005009,POL000807,2026-03-12,21267.79,CLOSED
CLM0000126,POL000910,2025-05-04,10295.76,DENIED
CLM0006639,POL003627,2026-03-19,-75580.71,OPEN
CLM0009269,POL003257,2026-06-19,32898.96,DENIED
CLM0011429,POL000030,2026-13-45,15319.54,OPEN
CLM0006451,POL001572,2025-12-17,32313.18,CLOSED
CLM0004622,POL002945,2025-02-28,19954.27,IN REVIEW
CLM0005582,POL000942,2025-11-07,51356.79,CLOSED
CLM0001823,POL003602,2026-01-30,47228.33,OPEN
CLM0010825,POL003750,2026-06-22,4388.69,IN REVIEW
CLM0008722,POL000705,2026-03-09,35835.04,IN REVIEW
CLM0006597,POL004351,2024-09-03,50936.42,CLOSED
CLM0006571,POL003028,2025-02-17,72257.45,OPEN
CLM0001220,POL985481,2025-09-09,55618.79,IN REVIEW
CLM0008694,POL002261,2025-05-30,22938.92,OPEN
CLM0010357,POL001609,2024-07-05,44433.99,DENIED
CLM0001087,POL000974,2025-12-15,68597.83,CLOSED
CLM0001890,POL003432,2025-12-19,53194.89,DENIED
CLM0000953,POL004084,2026-07-17,26514.64,OPEN
CLM0008377,POL000680,2026-01-13,29531.35,OPEN
CLM0000414,POL001225,2025-01-17,18288.85,CLOSED
CLM0003487,POL002566,2026-02-27,52339.28,CLOSED
CLM0000597,POL001232,2024-10-15,17262.24,OPEN
CLM0005798,POL001916,2025-07-26,59318.88,CLOSED
CLM0005313,POL000899,2024-10-17,10509.07,CLOSED
CLM0011011,POL000767,2024-09-26,67585.46,DENIED
CLM0008421,POL003714,2025-01-22,18981.63,CLOSED
CLM0003803,POL001610,2026-05-12,66124.66,CLOSED
CLM0010624,POL000097,2026-02-24,61818.36,DENIED
CLM0004783,POL002670,2024-10-01,20692.96,CLOSED
CLM0010728,POL000857,2024-10-20,66018.7,CLOSED
CLM0006337,POL002849,2024-09-23,61325.85,OPEN
CLM0007329,POL003181,2025-02-16,10477.61,  OPEN 
CLM0003672,POL004447,0000-00-00,79499.8,CLOSED
CLM0001503,POL004330,2025-05-17,76175.57,DENIED
CLM0002081,POL001086,2026-06-01,46934.08,DENIED
CLM0004528,POL003822,2026-01-01,54037.3,IN REVIEW
CLM0010025,POL002627,2026-03-18,15915.11,DENIED
CLM0004323,POL003113,2025-03-09,74926.25,OPEN
CLM0001296,POL004783,2024-06-30,14942.51,OPEN
CLM0003491,POL003438,2025-12-24,68261.26,DENIED
CLM0001438,POL003232,2025-09-02,45731.72,OPEN
CLM0008268,POL002001,2025-11-03,6207.87,CLOSED
CLM0010979,POL003365,2024-09-06,9999999.99,DENIED
CLM0001326,POL001892,2025-09-15,67041.09,DENIED
CLM0000138,POL001964,2026-01-17,27704.82,OPEN
CLM0008155,POL002398,2025-07-25,55599.2,CLOSED
CLM0010372,POL000441,2026-07-18,17021.58,DENIED
CLM0006552,POL004350,2024-07-24,28671.18,OPEN
CLM0007462,POL003463,2024-06-12,32301.8,CLOSED
CLM0008184,POL003956,2025-07-14,72869.91,DENIED
CLM0004473,POL001197,2025-01-03,45411.75,DENIED
CLM0006100,POL001224,2024-06-24,7046.81,CLOSED
CLM0000173,POL001786,2025-03-09,20102.11,DENIED
CLM0007743,POL002646,2024-08-11,11994.65,OPEN
CLM0009178,POL001008,2025-04-06,15222.84,OPEN
CLM0010691,POL004230,2024-07-16,10455.74,IN REVIEW
CLM0001099,POL002159,2026-01-25,11845.98,OPEN
CLM0006891,POL003767,2026-05-03,2324.98,OPEN
CLM0004140,POL004283,2025-06-27,66505.64,OPEN
CLM0008092,POL003651,2025-12-24,57668.28,IN REVIEW
CLM0005855,POL004812,2026-02-07,69572.82,IN REVIEW
CLM0004596,POL001385,2024-07-07,5910.55,DENIED
CLM0002725,POL000667,2024-12-23,42956.17,DENIED
CLM0010736,POL004244,2025-12-24,21701.06,DENIED
CLM0010653,POL002148,2026-06-16,0,IN REVIEW
CLM0009378,POL004570,2026-05-19,20504.78,IN REVIEW
CLM0006709,POL002604,2026-05-14,31153.02,IN REVIEW
CLM0007169,POL002870,2025-01-02,57988.35,CLOSED
CLM0009991,POL000280,2026-05-11,69529.09,CLOSED
CLM0005335,POL001525,31/12/2025,23634.76,IN REVIEW
CLM0004080,POL002187,2026-01-27,38683.26,CLOSED
CLM0003159,POL000549,2026-05-13,16693.68,DENIED
CLM0011235,POL003252,2026-07-18,5563.29,CLOSED
CLM0003474,POL002726,2026-01-15,24836.92,OPEN
CLM0007190,POL002965,2024-10-02,12414.93,IN REVIEW
CLM0003163,POL004511,2026-02-08,77909.25,OPEN
CLM0003001,POL002964,2025-07-24,70151.19,CLOSED
CLM0004336,POL002598,2025-09-01,79458.89,OPEN
CLM0005125,POL001315,2025-03-17,72670.09,OPEN
CLM0006369,POL000720,2024-11-29,39374.38,DENIED
CLM0010399,POL000212,2026-05-30,38154.28,CLOSED
CLM0006893,POL004503,2026-03-14,39576.64,OPEN
CLM0010462,POL001143,2026-06-21,63904.69,IN REVIEW
CLM0003747,POL002207,,65248.24,IN REVIEW
CLM0002398,POL001609,2024-09-28,79387.61,DENIED
CLM0008169,POL004926,2026-03-21,3942.24,OPEN
CLM0010055,POL003151,2026-01-07,79675.64,OPEN
CLM0001609,POL002210,2024-12-30,74494.92,CLOSED
CLM0002408,POL000948,2025-05-09,32429.68,CLOSED
CLM0001098,POL002163,2024-12-06,65366.58,IN REVIEW
CLM0003394,POL000862,2025-09-29,11072.33,IN REVIEW
CLM0010674,POL000509,2025-03-16,70250.53,OPEN
CLM0000870,POL002017,2025-10-14,13129.69,OPEN
CLM0003092,POL004014,2026-05-16,18899.18,OPEN
CLM0009293,POL002511,2026-04-10,34465.4,OPEN
CLM0005804,POL000963,2025-03-18,-10048.54,OPEN
CLM0003693,POL002693,2024-09-11,33077.88,DENIED
CLM0002093,POL001985,2026-03-18,43991.89,CLOSED
CLM0007786,POL000430,2025-09-13,38148.48,IN REVIEW
CLM0000207,POL003604,2026-02-15,60382.77,IN REVIEW
CLM0004685,POL003336,2026-03-11,25449.98,CLOSED
CLM0011637,POL002792,2026-03-26,24528.45,CLOSED
CLM0010383,POL003089,2025-12-17,76283.25,DENIED
CLM0005571,POL003899,2025-08-04,38306.07,IN REVIEW
CLM0006476,POL003187,2025-05-17,55617.59,IN REVIEW
CLM0002236,POL000627,2026-01-08,37548.55,IN REVIEW
CLM0008534,POL004125,2026-03-09,1745.92,IN REVIEW
CLM0009113,POL000100,2026-05-08,76667.18,DENIED
CLM0009080,POL003182,2026-02-24,79070.26,CLOSED
CLM0007256,POL000818,2024-12-01,36857.52,  CLOSED 
CLM0001804,POL000794,2025-08-11,9034.29,DENIED
CLM0002555,POL001015,2024-09-13,25412.86,DENIED
CLM0008379,POL002355,2025-11-17,64534.67,CLOSED
CLM0008877,POL004721,2025-12-06,77687.42,DENIED
CLM0010367,POL003929,2024-06-10,70340.58,OPEN
CLM0003066,POL001810,2025-01-07,48367.76,closed
CLM0000489,POL000913,2024-06-16,40012.73,OPEN
CLM0002617,POL004959,2026-06-30,49039.0,IN REVIEW
CLM0011677,POL002929,2025-05-15,74670.4,DENIED
CLM0009631,POL004870,2026-03-12,75697.18,CLOSED
CLM0001905,POL001946,2025-10-21,33644.26,CLOSED
CLM0001916,POL000469,2026-05-06,68659.78,OPEN
CLM0008313,POL001551,2024-10-07,41688.74,CLOSED
CLM0005193,POL001941,2024-12-23,18496.56,IN REVIEW
CLM0004152,POL001374,2025-11-22,36617.28,DENIED
CLM0005734,POL001326,2024-08-06,57244.74,DENIED
CLM0006658,POL001559,2026-01-16,75433.68,OPEN
CLM0006250,POL001285,2024-08-29,61637.58,OPEN
CLM0006473,POL001199,2024-10-13,46516.05,OPEN
CLM0011022,POL000437,2025-10-30,63328.47,CLOSED
CLM0004612,POL001849,2025-06-08,41029.24,CLOSED
CLM0009352,POL001852,2025-02-08,32866.2,IN REVIEW
CLM0004250,POL002944,2026-01-30,36665.46,OPEN
CLM0007555,POL002118,2024-09-29,60956.33,DENIED
CLM0011894,POL004128,2024-11-13,63182.52,DENIED
CLM0009641,POL001190,2024-10-28,57073.16,OPEN
CLM0005025,POL004058,2025-11-07,75211.46,CLOSED
CLM0007605,POL001232,2025-04-19,70982.51,CLOSED
CLM0006510,POL003674,2026-05-10,43415.13,OPEN
CLM0000923,POL001522,2025-11-05,14942.79,IN REVIEW
CLM0002786,POL000768,2026-06-26,45124.22,CLOSED
CLM0010566,POL001662,2025-10-28,13289.28,DENIED
CLM0005086,POL004983,2026-04-22,1147.99,CLOSED
CLM0010485,POL004679,2025-11-05,11204.85,IN REVIEW
CLM0010168,POL004073,2024-12-25,79661.83,CLOSED
CLM0002453,POL004443,2025-11-27,63418.98,DENIED
CLM0005345,POL003545,2026-06-17,36173.41,OPEN
CLM0003183,POL002048,2024-06-03,79986.61,IN REVIEW
CLM0004915,POL002105,2025-02-01,14661.09,OPEN
CLM0003719,POL003419,2024-11-20,9366.8,OPEN
CLM0010657,POL002513,2026-02-12,47492.84,DENIED
CLM0005431,POL002388,2025-09-30,16805.53,IN REVIEW
CLM0004251,POL004973,2026-03-14,44908.09,IN REVIEW
CLM0006798,POL004968,2026-06-02,10301.67,IN REVIEW
CLM0001059,POL000459,2026-07-15,65505.13,CLOSED
CLM0000793,POL000066,2024-12-28,65813.62,  OPEN 
CLM0006537,POL003124,2024-08-03,14530.51,DENIED
CLM0001511,POL004440,2024-08-04,74690.05,IN REVIEW
CLM0003845,POL000695,2024-10-19,46803.26,DENIED
CLM0006559,POL001819,2024-07-20,50745.56,CLOSED
CLM0010801,POL004278,2025-04-23,54899.4,IN REVIEW
CLM0007250,POL002962,2026-07-06,15129.44,open
CLM0010690,POL001149,2025-01-28,12160.55,OPEN
CLM0006937,POL001263,2026-05-27,22776.57,IN REVIEW
CLM0003901,POL001072,2024-12-13,21043.93,CLOSED
CLM0004502,POL003021,2025-12-10,28750.85,IN REVIEW
CLM0010987,POL004478,2025-08-31,1828.91,IN REVIEW
CLM0001075,POL001458,2025-06-12,1947.32,IN REVIEW
CLM0003646,POL003968,2025-10-31,46327.35,DENIED
CLM0002106,POL001496,2024-12-25,19573.12,DENIED
CLM0010388,POL004746,2024-06-03,16162.15,CLOSED
CLM0005274,POL000566,2026-07-01,55949.13,OPEN
CLM0004291,POL000286,2024-06-02,45454.3,CLOSED
CLM0009821,POL002489,2025-11-05,50916.08,CLOSED
CLM0008744,POL000087,2025-05-14,69902.26,IN REVIEW
CLM0006904,POL001174,2024-08-31,14181.09,OPEN
CLM0002503,POL001435,2025-08-12,74668.78,CLOSED
CLM0001414,POL002758,2025-01-24,78392.68,OPEN
CLM0001430,POL004774,2025-06-04,41870.36,IN REVIEW
CLM0006668,POL002133,2025-08-06,78322.27,OPEN
CLM0001248,POL000632,2025-01-21,53732.42,OPEN
CLM0002066,POL000079,2025-03-31,21002.6,IN REVIEW
CLM0002228,POL002337,2026-04-22,42327.59,CLOSED
CLM0000190,POL000973,2026-02-14,48300.25,CLOSED
CLM0007222,POL002651,2025-10-21,37501.39,DENIED
CLM0007710,POL001692,2026-04-06,72171.74,DENIED
CLM0007915,POL002471,2025-03-25,8032.2,IN REVIEW
CLM0003639,POL002028,2026-02-25,63362.97,DENIED
CLM0007410,POL000029,2025-02-19,11667.34,DENIED
CLM0008200,POL000312,2025-12-31,47269.7,CLOSED
CLM0006059,POL003369,2026-03-18,42360.7,OPEN
CLM0001704,POL002765,2024-06-13,60418.5,DENIED
CLM0002760,POL002230,N/A,44920.97,OPEN
CLM0004326,POL001319,2026-04-13,41081.9,  IN REVIEW 
CLM0001298,POL000743,2026-01-12,24163.76,CLOSED
CLM0000266,POL004103,2024-10-07,57680.88,OPEN
CLM0009035,POL001526,2025-02-10,51368.85,IN REVIEW
CLM0011280,POL002006,2025-09-22,52795.71,IN REVIEW
CLM0004729,POL001263,2025-12-05,18235.83,CLOSED
CLM0007871,POL000307,2025-09-18,56810.56,IN REVIEW
CLM0010104,POL002929,2025-04-21,70035.69,OPEN
CLM0000600,POL002293,2025-05-13,51230.03,IN REVIEW
CLM0002163,POL003275,2026-06-09,55712.2,OPEN
CLM0000918,POL003101,2026-05-13,53546.4,OPEN
CLM0006757,POL002236,2026-02-15,743.82,IN REVIEW
CLM0000290,POL002671,2024-06-27,48464.2,IN REVIEW
CLM0008663,POL003494,2024-08-13,70319.31,DENIED
CLM0011531,POL004715,2026-05-29,63188.37,IN REVIEW
CLM0009209,POL004885,2024-11-19,42569.97,CLOSED
CLM0007789,POL004042,2026-02-09,40814.9,DENIED
CLM0002807,POL000516,2025-03-23,25454.82,IN REVIEW
CLM0001716,POL001298,2024-08-03,5413.49,DENIED
CLM0006554,POL001593,N/A,75946.16,open
CLM0011478,POL002428,2025-11-23,65146.32,OPEN
CLM0005006,POL003095,2025-08-13,38503.64,OPEN
CLM0003030,POL001112,2024-08-13,18742.9,IN REVIEW
CLM0007689,POL001819,2026-07-01,66130.71,IN REVIEW
CLM0008957,POL000637,2025-12-22,51213.32,CLOSED
CLM0011712,POL001712,2025-12-28,40729.01,OPEN
CLM0005407,POL004506,2024-07-01,45025.26,DENIED
CLM0007241,POL002951,2026-07-10,52300.31,DENIED
CLM0005536,POL000236,2026-13-45,76500.02,DENIED
CLM0004346,POL001396,2024-11-10,47048.02,IN REVIEW
CLM0000456,POL001903,2025-08-22,20839.12,DENIED
CLM0001179,POL003911,2026-03-16,72220.75,DENIED
CLM0000940,POL001948,2025-02-17,42919.55,IN REVIEW
CLM0007081,POL000188,2026-02-14,33310.78,IN REVIEW
CLM0006001,POL000341,2025-12-01,39565.33,OPEN
CLM0007636,POL001660,2025-12-15,22989.22,IN REVIEW
CLM0000398,POL000072,2025-10-24,40763.05,CLOSED
CLM0002748,POL003519,2024-11-06,27883.25,CLOSED
CLM0011233,POL001748,2025-03-23,62344.38,CLOSED
CLM0003774,POL003816,2026-04-14,23006.12,OPEN
CLM0007302,POL003931,2024-07-31,767.95,OPEN
CLM0003110,POL002365,2025-12-26,40525.59,OPEN
CLM0004830,POL004410,2026-03-03,42109.45,IN REVIEW
CLM0005557,POL002787,2025-05-06,40176.27,CLOSED
CLM0000980,POL002563,2025-01-15,28434.88,CLOSED
CLM0009654,POL004241,2024-10-21,10964.78,in review
CLM0010913,POL004927,2026-02-25,34209.74,OPEN
CLM0000557,POL001449,2025-02-07,20350.54,CLOSED
CLM0008279,POL002674,2024-11-15,16179.89,OPEN
CLM0010942,POL003450,2024-08-11,73000.16,CLOSED
CLM0011087,POL001914,2026-01-17,36537.57,open
CLM0001406,POL000567,2026-05-18,40029.69,OPEN
CLM0003996,POL002727,2025-02-05,16274.49,OPEN
CLM0003488,POL002120,2025-12-04,40072.7,closed
CLM0009871,POL003955,2025-11-16,31942.11,IN REVIEW
CLM0007677,POL003246,2025-07-18,6784.43,DENIED
CLM0004304,POL000425,2025-11-29,79316.21,CLOSED
CLM0000755,POL003375,2024-06-03,41913.35,IN REVIEW
CLM0005198,POL004838,2025-08-20,3583.89,IN REVIEW
CLM0001850,POL000340,2025-04-09,59306.06,DENIED
CLM0007692,POL002337,2025-07-01,50647.61,DENIED
CLM0004897,POL001252,2025-08-23,7495.04,OPEN
CLM0006598,POL003983,2024-06-14,28368.78,DENIED
CLM0010396,POL001582,2026-04-21,70235.05,DENIED
CLM0005268,POL000789,2024-09-16,6484.42,IN REVIEW
CLM0010897,POL003673,2026-02-17,5099.59,OPEN
CLM0001275,POL001275,2026-03-03,6549.82,CLOSED
CLM0001884,POL001544,2025-08-01,46059.78,DENIED
CLM0003263,POL001657,2024-09-16,28946.51,IN REVIEW
CLM0007946,POL004969,2024-11-04,29461.08,OPEN
CLM0009660,POL003306,2025-09-13,76959.88,IN REVIEW
CLM0006091,POL003583,2025-12-04,10348.81,CLOSED
CLM0004969,POL004205,2026-05-08,27384.41,OPEN
CLM0007592,POL000370,2025-08-07,62580.47,DENIED
CLM0003109,POL002764,2024-09-13,70497.77,DENIED
CLM0006967,POL003574,2025-11-18,76490.88,OPEN
CLM0010454,POL003682,2024-07-28,-10896.92,OPEN
CLM0009118,POL002372,2025-03-10,9671.63,IN REVIEW
CLM0006348,POL997078,2025-02-20,28382.89,OPEN
CLM0004363,POL001450,2025-09-29,67820.42,CLOSED
CLM0006865,POL004842,2024-09-19,39705.45,IN REVIEW
CLM0011943,POL001655,2025-01-14,10113.39,IN REVIEW
CLM0003355,POL000049,2025-11-24,76669.12,  CLOSED 
CLM0002794,POL001063,2026-01-18,11640.12,OPEN
CLM0002876,POL002668,2026-04-27,58162.91,IN REVIEW
CLM0008460,POL002758,2026-06-25,44570.74,IN REVIEW
CLM0000148,POL002572,2025-12-02,34558.47,DENIED
CLM0000089,POL003222,2024-08-09,19318.43,DENIED
CLM0010963,POL002736,2025-06-05,39027.67,OPEN
CLM0002058,POL001553,2025-10-18,27203.57,OPEN
CLM0000575,POL004618,2025-04-29,61055.76,IN REVIEW
CLM0007564,POL003866,2025-11-09,34887.4,IN REVIEW
CLM0010120,POL001305,31/12/2025,59061.97,CLOSED
CLM0011332,POL004760,2025-07-25,50804.84,CLOSED
CLM0000403,POL003586,2025-07-26,78110.53,CLOSED
CLM0010260,POL000186,2025-01-28,3457.02,DENIED
CLM0007573,POL003038,2025-12-30,5375.81,OPEN
CLM0000832,POL000841,2025-05-17,12740.52,CLOSED
CLM0006819,POL003110,2025-01-28,67371.57,DENIED
CLM0007801,POL004379,2024-08-04,5927.87,  CLOSED 
CLM0010849,POL004116,2026-01-12,43276.8,CLOSED
CLM0006890,POL004334,2026-04-15,77477.03,CLOSED
CLM0001985,POL003348,2026-04-26,17564.19,IN REVIEW
CLM0003729,POL004032,2025-10-17,69927.99,IN REVIEW
CLM0009520,POL001162,2026-05-15,66877.86,DENIED
CLM0000130,POL001070,2025-03-30,23948.75,DENIED
CLM0005205,POL001390,2024-07-04,32437.7,IN REVIEW
CLM0005497,POL003234,2025-11-18,61285.11,DENIED
CLM0007467,POL000040,2024-12-19,68947.96,IN REVIEW
CLM0001399,POL001193,2026-04-27,55241.98,DENIED
CLM0004166,POL003763,2024-07-17,59054.22,IN REVIEW
CLM0011385,POL003055,2025-07-04,35959.28,IN REVIEW
CLM0003087,POL000910,2025-04-12,40023.53,DENIED
CLM0007494,POL003836,2025-01-18,66186.15,IN REVIEW
CLM0007360,POL001980,2025-09-03,30741.23,DENIED
CLM0011292,POL001021,2024-08-23,64171.07,IN REVIEW
CLM0003870,POL001787,2024-12-15,25361.23,OPEN
CLM0011541,POL000750,2026-05-19,28393.75,IN REVIEW
CLM0001720,POL002531,2025-05-13,5080.11,OPEN
CLM0001713,POL002416,2024-11-23,64930.91,OPEN
CLM0010954,POL004763,2025-05-13,30017.07,IN REVIEW
CLM0003381,POL001280,2026-01-28,17147.51,CLOSED
CLM0001741,POL002690,2025-07-25,70067.82,IN REVIEW
CLM0005893,POL004814,2025-04-26,8578.57,CLOSED
CLM0001067,POL002327,2025-12-30,26517.86,IN REVIEW
CLM0008807,POL003720,2024-06-26,34019.3,CLOSED
CLM0010332,POL004079,2024-11-02,67172.64,IN REVIEW
CLM0009976,POL000068,2025-06-15,44534.3,IN REVIEW
CLM0008159,POL002199,2026-05-06,67128.26,OPEN
CLM0009846,POL004587,2025-09-04,73687.01,OPEN
CLM0001109,POL000830,2025-07-15,1935.73,CLOSED
CLM0010605,POL004016,2024-10-23,60612.99,IN REVIEW
CLM0008025,POL001083,2024-12-12,52936.0,IN REVIEW
CLM0007939,POL001797,2025-01-23,79456.73,OPEN
CLM0002613,POL003836,2024-10-11,60312.43,OPEN
CLM0009338,POL001917,2025-09-02,25881.06,CLOSED
CLM0002350,POL002306,N/A,24203.58,IN REVIEW
CLM0005932,POL003376,2025-11-20,72328.15,CLOSED
CLM0007492,POL000380,2024-11-08,12868.11,DENIED
CLM0006695,POL003232,2024-12-12,70691.5,IN REVIEW
CLM0002750,POL000515,2025-07-25,48229.87,CLOSED
CLM0000675,POL003588,2025-08-02,56183.18,OPEN
CLM0008678,POL976591,2026-07-16,63637.15,DENIED
CLM0007875,POL000967,2024-09-01,64979.04,IN REVIEW
CLM0006707,POL002318,2025-11-30,74968.21,IN REVIEW
CLM0006926,POL003161,2024-07-27,52802.68,IN REVIEW
CLM0007624,POL001846,2024-11-09,11875.29,IN REVIEW
CLM0002691,POL001624,2024-06-14,9825.2,IN REVIEW
CLM0002326,POL001402,2026-03-23,54934.68,CLOSED
CLM0007967,POL003020,2025-04-19,55274.14,OPEN
CLM0000182,POL004081,2025-02-23,24941.18,OPEN
CLM0003692,POL003921,2024-07-09,59619.47,CLOSED
CLM0000997,POL004546,2024-09-07,7942.55,IN REVIEW
CLM0002344,POL001189,2024-11-25,62799.6,OPEN
CLM0004974,POL002019,2024-09-24,5488.77,IN REVIEW
CLM0009494,POL000246,2024-12-03,16426.29,DENIED
CLM0002031,POL004341,2026-06-23,9999999.99,OPEN
CLM0008989,POL004739,2026-07-19,13621.0,IN REVIEW
CLM0007503,POL001235,2024-10-03,28545.11,CLOSED
CLM0006584,POL004286,2026-01-31,5473.91,OPEN
CLM0003237,POL004673,2025-09-22,65283.35,OPEN
CLM0001400,POL003888,2024-09-12,69622.36,OPEN
CLM0000385,POL000113,2025-07-19,24721.4,  CLOSED 
CLM0003098,POL002214,2025-02-13,18903.97,IN REVIEW
CLM0011113,POL001070,2025-11-17,75852.24,IN REVIEW
CLM0001954,POL002908,2026-05-28,76854.25,OPEN
CLM0000168,POL003181,2025-06-29,953.75,OPEN
CLM0009381,POL000345,2026-02-12,34362.25,DENIED
CLM0006456,POL001243,2026-05-23,38787.99,IN REVIEW
CLM0011278,POL002996,2025-12-28,53553.78,IN REVIEW
CLM0005882,POL004747,2024-12-21,6105.11,CLOSED
CLM0004077,POL001001,2025-05-17,22456.99,IN REVIEW
CLM0003376,POL004042,2024-11-24,37097.46,DENIED
CLM0005192,POL003493,2025-12-11,8942.63,closed
CLM0009469,POL002906,2025-07-02,50229.33,IN REVIEW
CLM0011565,POL004519,2026-02-15,54422.65,DENIED
CLM0006931,POL001622,2025-09-20,23336.05,DENIED
CLM0010381,POL002786,2026-07-19,66723.9,IN REVIEW
CLM0001991,POL003601,2026-01-03,67178.82,CLOSED
CLM0000492,POL002223,2025-12-03,45693.55,IN REVIEW
CLM0004219,POL002769,2026-07-16,45521.15,DENIED
CLM0009716,POL003790,2026-07-03,51993.35,CLOSED
CLM0001446,POL004802,2026-04-02,61502.14,OPEN
CLM0011214,POL004102,2025-07-22,46317.36,OPEN
CLM0008634,POL000413,2026-07-06,23160.99,IN REVIEW
CLM0005238,POL001515,2025-02-13,12427.46,DENIED
CLM0007648,POL002544,2024-06-29,65819.83,  OPEN 
CLM0011340,POL001681,2025-12-25,73860.38,CLOSED
CLM0002705,POL002378,2026-06-19,69127.22,OPEN
CLM0003690,POL001200,2026-05-09,66330.56,IN REVIEW
CLM0001913,POL001502,2025-03-09,-77991.96,OPEN
CLM0008792,POL000958,2026-05-04,63216.61,CLOSED
CLM0003083,POL001397,2026-07-12,69366.84,  IN REVIEW 
CLM0007548,POL001507,2025-01-27,38726.45,IN REVIEW
CLM0011998,POL003578,2024-06-21,48696.0,DENIED
CLM0010204,POL004678,2025-12-09,23770.69,DENIED
CLM0009681,POL000726,2024-11-07,66064.1,IN REVIEW
CLM0006185,POL000888,2025-08-09,12480.79,CLOSED
CLM0007431,POL000572,2026-04-09,4690.74,CLOSED
CLM0001578,POL003514,2025-11-16,48434.53,IN REVIEW
CLM0003965,POL004468,2025-01-31,15309.36,CLOSED
CLM0002978,POL003363,2025-06-22,73399.84,CLOSED
CLM0003659,POL001188,2026-04-16,31350.69,DENIED
CLM0004311,POL002504,2026-02-13,10412.47,IN REVIEW
CLM0006682,POL004513,2025-07-17,8916.97,OPEN
CLM0011633,POL002010,2024-07-12,14425.21,CLOSED
CLM0011823,POL004665,2026-05-22,65279.49,DENIED
CLM0004855,POL004280,2024-11-14,29209.18,CLOSED
CLM0011816,POL002985,2025-01-20,32734.95,OPEN
CLM0006334,POL003596,2025-05-24,68623.66,IN REVIEW
CLM0004944,POL002135,2025-07-20,2777.49,DENIED
CLM0003648,POL002997,2026-07-03,35057.35,CLOSED
CLM0004228,POL001589,2025-12-03,65123.29,OPEN
CLM0011544,POL972052,2024-06-01,51582.23,DENIED
CLM0004062,POL000723,2025-10-14,56271.96,DENIED
CLM0009398,POL004940,2024-09-02,23182.37,DENIED
CLM0009266,POL002718,2026-07-11,18001.46,DENIED
CLM0000472,POL001502,2025-10-26,63823.81,OPEN
CLM0004481,POL000362,2026-06-14,10359.88,IN REVIEW
CLM0006084,POL001996,2026-06-21,69396.29,DENIED
CLM0000687,POL004163,2025-11-26,75107.83,DENIED
CLM0010030,POL000191,2026-05-03,16799.27,CLOSED
CLM0004185,POL949800,2025-04-21,8788.57,DENIED
CLM0010452,POL001962,2024-12-02,32909.88,CLOSED
CLM0001419,POL002151,2025-08-15,47613.18,CLOSED
CLM0005643,POL000451,2026-01-15,44179.23,open
CLM0006336,POL003035,2025-02-13,46018.02,OPEN
CLM0009047,POL003630,2026-05-21,54820.86,CLOSED
CLM0003697,POL004769,2024-09-15,45591.24,  CLOSED 
CLM0008136,POL001323,2024-07-23,73304.82,OPEN
CLM0010075,POL000640,2025-11-01,51865.55,IN REVIEW
CLM0006112,POL002674,2026-01-19,3312.53,OPEN
CLM0003504,POL001412,2024-12-08,49413.33,CLOSED
CLM0011858,POL000853,2025-03-06,31842.62,IN REVIEW
CLM0003379,POL001890,2025-01-19,34849.36,DENIED
CLM0002863,POL004274,2026-04-06,37703.32,OPEN
CLM0010992,POL003705,2024-11-25,18582.88,DENIED
CLM0005527,POL003653,2024-11-29,49621.66,IN REVIEW
CLM0004557,POL000017,2025-08-26,49849.36,OPEN
CLM0011586,POL003666,2026-06-13,10297.86,OPEN
CLM0006712,POL000541,2024-10-30,2432.28,DENIED
CLM0006527,POL002464,2025-01-07,45727.53,IN REVIEW
CLM0003928,POL003635,2025-08-02,27940.79,IN REVIEW
CLM0004447,POL003075,2025-02-08,72184.09,CLOSED
CLM0000464,POL002378,2026-04-25,22686.96,DENIED
CLM0007921,POL003165,2024-09-23,78787.82,CLOSED
CLM0003778,POL000452,2024-10-22,10299.85,OPEN
CLM0011198,POL000168,2025-05-05,16450.17,CLOSED
CLM0008659,POL001219,2024-06-15,26275.51,IN REVIEW
CLM0003850,POL004201,2026-07-06,15829.92,IN REVIEW
CLM0009523,POL003618,2025-07-12,46644.46,OPEN
CLM0001811,POL001763,2024-12-02,29327.95,DENIED
CLM0008670,POL003265,2026-07-01,69628.18,DENIED
CLM0008224,POL002258,2024-12-07,59144.87,DENIED
CLM0005760,POL002814,2026-05-23,4703.04,open
CLM0001558,POL002003,2025-11-20,73395.27,OPEN
CLM0010447,POL003671,2025-02-08,76093.24,OPEN
CLM0000894,POL003439,2025-09-09,73885.12,CLOSED
CLM0004225,POL003516,2026-13-45,-44288.74,CLOSED
CLM0001222,POL002537,2026-05-05,52484.3,CLOSED
CLM0011619,POL002861,2025-01-26,77621.49,IN REVIEW
CLM0006479,POL003308,2024-08-26,27412.05,IN REVIEW
CLM0008052,POL002533,2025-05-14,15006.3,DENIED
CLM0010397,POL003055,2024-10-01,42984.12,DENIED
CLM0005369,POL002164,2024-06-01,36490.65,IN REVIEW
CLM0002820,POL002215,2026-06-12,69384.75,IN REVIEW
CLM0001853,POL002029,2024-09-07,69253.97,OPEN
CLM0008866,POL003355,2025-02-20,54420.67,OPEN
CLM0008489,POL004794,0000-00-00,9526.83,IN REVIEW
CLM0007828,POL001604,2025-10-30,31132.11,IN REVIEW
CLM0011772,POL003627,2025-04-22,63802.03,DENIED
CLM0000175,POL001972,2025-05-25,4452.2,DENIED
CLM0003005,POL003574,2025-08-30,9500.9,DENIED
CLM0005740,POL003252,2025-11-17,3177.2,DENIED
CLM0004581,POL000289,2025-11-07,1659.91,CLOSED
CLM0000255,POL001450,2026-01-29,9999999.99,CLOSED
CLM0003067,POL000547,2026-04-09,24282.59,in review
CLM0006702,POL002582,2025-03-31,8317.14,IN REVIEW
CLM0000096,POL001913,2026-02-21,57012.19,DENIED
CLM0007839,POL003988,2024-06-20,64072.54,DENIED
CLM0011184,POL001946,2025-07-27,64604.98,DENIED
CLM0005908,POL003297,2025-05-19,61189.32,  DENIED 
CLM0001316,POL001921,2024-10-27,59624.8,OPEN
CLM0005551,POL000572,2026-06-25,7623.21,OPEN
CLM0010986,POL003833,2024-10-29,54552.23,CLOSED
CLM0008737,POL003765,2025-11-12,65974.22,IN REVIEW
CLM0002141,POL000086,2025-12-13,22967.4,OPEN
CLM0006895,POL004325,2026-02-05,23539.0,DENIED
CLM0011609,POL002170,2025-09-18,69591.15,IN REVIEW
CLM0007085,POL003311,2025-04-05,74088.57,IN REVIEW
CLM0009323,POL003040,2024-09-20,17221.08,OPEN
CLM0004345,POL000499,2024-09-20,20622.11,OPEN
CLM0011072,POL004577,2024-10-07,2503.71,DENIED
CLM0005624,POL000817,2024-09-06,39868.26,IN REVIEW
CLM0000753,POL004540,2025-06-29,71834.02,DENIED
CLM0008733,POL001776,2026-06-16,72622.15,OPEN
CLM0003052,POL002051,2026-03-17,76289.77,IN REVIEW
CLM0002424,POL001497,2025-04-21,19251.51,DENIED
CLM0006146,POL003875,2024-07-15,4084.19,OPEN
CLM0001651,POL003943,2025-08-08,13861.67,DENIED
CLM0003118,POL905491,2024-08-03,49982.76,CLOSED
CLM0008699,POL001774,2024-07-16,6351.28,IN REVIEW
CLM0011785,POL002050,2025-12-17,61547.76,IN REVIEW
CLM0006822,POL002176,2025-05-09,41560.74,OPEN
CLM0002802,POL004828,2025-03-28,56220.32,IN REVIEW
CLM0011621,POL004356,2024-10-19,34260.16,IN REVIEW
CLM0007884,POL003659,2026-02-19,19364.61,OPEN
CLM0006318,POL003167,2026-06-29,2285.15,IN REVIEW
CLM0000349,POL000916,2024-06-11,66893.57,DENIED
CLM0002852,POL002974,2025-05-01,79890.0,DENIED
CLM0009574,POL001183,2025-04-06,36338.31,OPEN
CLM0002314,POL002899,2024-06-30,7661.89,IN REVIEW
CLM0002485,POL000168,2024-11-26,17577.94,IN REVIEW
CLM0005495,POL000976,2026-05-13,63949.96,DENIED
CLM0007562,POL003932,2024-06-27,45860.7,OPEN
CLM0003455,POL001519,2025-03-14,60145.09,denied
CLM0008870,POL004327,2025-01-08,33981.45,DENIED
CLM0011750,POL000820,2026-01-25,42412.83,OPEN
CLM0010538,POL000584,2024-10-09,57644.23,DENIED
CLM0010580,POL003786,2026-07-01,45630.17,DENIED
CLM0000049,POL001947,2026-02-12,15083.86,IN REVIEW
CLM0000462,POL001319,2026-03-27,38031.76,IN REVIEW
CLM0001494,POL004268,2025-01-26,23801.81,OPEN
CLM0011401,POL001764,2024-06-23,55840.47,in review
CLM0009899,POL001444,2024-08-09,62268.53,OPEN
CLM0006267,POL003501,2025-08-07,51676.72,IN REVIEW
CLM0006427,POL001366,2025-11-21,63678.91,CLOSED
CLM0002668,POL003136,2025-01-19,73583.39,DENIED
CLM0005441,POL002169,2025-10-14,39577.98,DENIED
CLM0005850,POL001644,2024-08-23,1459.15,CLOSED
CLM0011464,POL004879,2026-01-17,3462.03,CLOSED
CLM0006097,POL002872,2025-03-15,41929.34,DENIED
CLM0010054,POL004128,2025-07-05,39861.61,OPEN
CLM0004668,POL003064,2026-02-05,29598.09,OPEN
CLM0011570,POL002695,2026-05-18,2940.89,CLOSED
CLM0002689,POL004044,2025-06-08,59471.89,IN REVIEW
CLM0000712,POL002398,2025-10-18,23360.18,CLOSED
CLM0001447,POL002972,2025-08-10,70306.54,  DENIED 
CLM0003063,POL003389,2025-01-24,39915.93,IN REVIEW
CLM0010925,POL001574,2026-05-27,66199.36,OPEN
CLM0006631,POL002117,2025-10-20,75401.03,closed
CLM0003006,POL000978,2025-11-30,49139.49,OPEN
CLM0009799,POL000822,2024-08-17,58122.68,DENIED
CLM0008088,POL001325,2025-05-28,28427.58,OPEN
CLM0011587,POL001857,2024-12-22,6940.09,DENIED
CLM0011904,POL004957,,35573.28,in review
CLM0003133,POL001902,2024-09-20,2314.22,CLOSED
CLM0010585,POL004150,2024-06-24,47407.83,DENIED
CLM0006315,POL000883,2025-03-18,24463.05,IN REVIEW
CLM0008422,POL002825,2026-05-16,10540.88,OPEN
CLM0000617,POL003202,2025-09-02,55103.31,IN REVIEW
CLM0007961,POL000964,2025-09-25,47567.01,IN REVIEW
CLM0004640,POL000511,2026-02-14,51249.89,CLOSED
CLM0010752,POL003341,2024-07-17,64388.58,IN REVIEW
CLM0005358,POL002233,2025-10-31,5765.93,IN REVIEW
CLM0001094,POL001365,2025-12-03,55455.44,CLOSED
CLM0007870,POL003739,2024-09-25,47100.42,DENIED
CLM0006099,POL000373,2024-06-04,70380.27,CLOSED
CLM0003601,POL004211,2025-06-24,36273.08,DENIED
CLM0011686,POL001756,2024-07-22,28202.61,DENIED
CLM0009384,POL001008,2026-01-09,60109.29,OPEN
CLM0006389,POL003825,2026-06-25,74523.8,CLOSED
CLM0001663,POL003666,2025-01-11,51068.99,IN REVIEW
CLM0011239,POL000958,2025-12-28,23713.41,CLOSED
CLM0008285,POL001630,2024-07-25,42122.2,IN REVIEW
CLM0010210,POL002872,2025-09-08,41685.15,DENIED
CLM0011049,POL002500,2025-01-02,12179.22,DENIED
CLM0000167,POL004898,2024-06-01,48477.42,OPEN
CLM0005550,POL002200,2026-05-09,45028.9,DENIED
CLM0006924,POL002653,2025-12-07,50956.91,OPEN
CLM0000026,POL001629,2025-04-11,67515.69,DENIED
CLM0006064,POL002475,2024-12-17,57960.92,IN REVIEW
CLM0011852,POL000485,2025-01-04,4165.23,OPEN
CLM0006855,POL004779,2026-05-05,72115.73,DENIED
CLM0000085,POL003902,2025-08-22,69471.07,IN REVIEW
CLM0007031,POL002207,2025-04-12,46299.8,OPEN
CLM0003078,POL002879,2026-04-19,46767.9,OPEN
CLM0000820,POL004701,2024-06-01,49438.16,DENIED
CLM0003699,POL003182,2024-11-06,64038.03,IN REVIEW
CLM0002632,POL000546,2026-04-10,26580.93,CLOSED
CLM0001670,POL003729,2024-11-27,18358.17,DENIED
CLM0000794,POL004519,2025-06-20,78306.8,CLOSED
CLM0003387,POL000587,2024-06-02,79234.15,OPEN
CLM0000407,POL001081,2026-06-05,52755.8,IN REVIEW
CLM0002060,POL000955,2026-03-30,74805.37,IN REVIEW
CLM0000370,POL002708,2025-10-19,76203.21,IN REVIEW
CLM0008416,POL003363,2025-10-18,11081.57,CLOSED
CLM0011764,POL004175,2026-06-03,62482.09,DENIED
CLM0008867,POL003872,2024-08-27,33156.65,CLOSED
CLM0001441,POL000725,2025-04-27,61975.58,CLOSED
CLM0001865,POL002749,2025-05-10,62889.58,IN REVIEW
CLM0009164,POL000296,2025-02-27,16747.47,CLOSED
CLM0010727,POL002581,2026-02-09,46571.43,OPEN
CLM0009343,POL001420,2026-04-07,32640.4,OPEN
CLM0006055,POL002870,2024-10-01,46871.3,OPEN
CLM0005410,POL003045,2026-07-03,75393.95,OPEN
CLM0008895,POL000936,2026-01-16,71059.47,IN REVIEW
CLM0007447,POL002613,2025-09-09,56191.19,IN REVIEW
CLM0007585,POL004388,2024-10-10,65197.65,OPEN
CLM0007271,POL004828,2024-10-12,22780.81,CLOSED
CLM0004758,POL004554,2026-01-28,37291.83,OPEN
CLM0004003,POL002175,2025-12-08,41801.37,CLOSED
CLM0008718,POL001456,2024-06-25,19874.47,IN REVIEW
CLM0002012,POL002350,2024-10-15,73918.11,  DENIED 
CLM0010031,POL002068,2024-10-06,47246.98,CLOSED
CLM0011662,POL003038,2025-08-17,60992.28,IN REVIEW
CLM0008765,POL001958,2025-04-27,17473.2,OPEN
CLM0007944,POL001118,2026-06-17,14069.7,IN REVIEW
CLM0007240,POL004082,2025-08-29,19869.52,IN REVIEW
CLM0000279,POL002162,2024-06-01,1953.32,OPEN
CLM0010227,POL002427,2025-09-25,61437.62,DENIED
CLM0000636,POL003126,2025-11-13,7224.25,denied
CLM0003735,POL001244,0000-00-00,44957.94,DENIED
CLM0006776,POL004972,2025-09-12,62832.18,OPEN
CLM0009819,POL002492,2024-12-10,69105.9,CLOSED
CLM0007280,POL004927,2024-09-16,60432.06,IN REVIEW
CLM0010561,POL001706,2025-03-29,57639.49,DENIED
CLM0011706,POL000755,2025-06-20,65941.63,IN REVIEW
CLM0003309,POL003293,2024-06-29,9999999.99,CLOSED
CLM0007427,POL004573,2024-08-03,30039.74,CLOSED
CLM0011780,POL003137,2025-05-24,32036.41,CLOSED
CLM0008300,POL001484,2024-06-14,42473.2,CLOSED
CLM0004160,POL920773,2026-04-07,3871.72,IN REVIEW
CLM0010761,POL004510,2025-12-12,23698.61,IN REVIEW
CLM0008257,POL000885,2025-04-22,38373.95,CLOSED
CLM0011342,POL002642,2025-10-28,52261.93,CLOSED
CLM0001298,POL000743,2026-01-12,24163.76,CLOSED
CLM0000544,POL001045,2024-12-31,27050.34,CLOSED
CLM0009258,POL004354,2024-12-29,2375.1,DENIED
CLM0004909,POL003630,2026-07-20,32407.5,CLOSED
CLM0004770,POL003948,2024-10-24,21640.62,DENIED
CLM0003986,POL001705,2025-04-26,12659.13,CLOSED
CLM0002917,POL004938,2024-12-31,46328.15,CLOSED
CLM0008716,POL002237,2026-01-13,62016.03,CLOSED
CLM0009718,POL003586,2025-09-03,68634.09,DENIED
CLM0003090,POL000833,2025-05-10,8902.74,OPEN
CLM0009970,POL000448,2025-06-21,1718.62,OPEN
CLM0005670,POL004750,2024-12-05,17092.35,CLOSED
CLM0008813,POL000116,2024-06-27,37439.07,DENIED
CLM0001277,POL002939,2026-07-01,75783.03,IN REVIEW
CLM0011787,POL000650,2026-06-19,2927.62,CLOSED
CLM0007120,POL000980,2026-07-05,18165.26,DENIED
CLM0002032,POL004481,2025-01-25,52183.21,IN REVIEW
CLM0008665,POL002403,2025-12-24,9523.43,IN REVIEW
CLM0010891,POL002350,2025-08-04,110.05,DENIED
CLM0000033,POL933858,2026-04-14,8409.01,OPEN
CLM0007998,POL001462,2025-08-21,15386.45,OPEN
CLM0007969,POL003714,2025-12-31,45568.79,CLOSED
CLM0009025,POL003853,2026-01-26,22501.39,CLOSED
CLM0005070,POL002018,2025-09-22,41713.57,IN REVIEW
CLM0002035,POL003652,2026-04-16,54394.14,IN REVIEW
CLM0010660,POL002549,2026-01-26,23721.54,OPEN
CLM0001444,POL001911,2024-07-22,71263.17,OPEN
CLM0005395,POL000705,2025-04-18,14004.46,CLOSED
CLM0000749,POL003739,2024-10-19,47896.58,CLOSED
CLM0010428,POL004147,2024-12-04,65384.19,CLOSED
CLM0008060,POL002542,2026-05-08,6278.91,DENIED
CLM0001938,POL001176,2025-12-23,1307.72,OPEN
CLM0008745,POL002986,2025-08-20,22890.34,CLOSED
CLM0009406,POL002652,2024-07-30,13016.33,IN REVIEW
CLM0008715,POL003396,2025-09-21,31313.42,OPEN
CLM0001175,POL923179,2026-01-27,77437.28,OPEN
CLM0004471,POL003960,2024-07-25,43739.81,IN REVIEW
CLM0000829,POL002022,2026-01-16,71212.89,DENIED
CLM0004445,POL001835,2024-08-01,20041.38,CLOSED
CLM0010806,POL004026,2026-03-14,26810.42,CLOSED
CLM0002974,POL004533,2026-05-05,47599.61,IN REVIEW
CLM0009610,POL003975,2025-07-29,11917.33,DENIED
CLM0004274,POL003730,2026-06-30,58519.61,DENIED
CLM0002991,POL001145,2024-11-25,37469.53,IN REVIEW
CLM0009228,POL003812,2025-10-27,17814.12,OPEN
CLM0002116,POL000857,2025-05-27,36695.69,OPEN
CLM0008328,POL001740,2025-03-12,2535.07,IN REVIEW
CLM0009864,POL001668,2024-07-19,61919.15,CLOSED
CLM0006856,POL001181,2026-01-04,71707.77,DENIED
CLM0008675,POL003773,2025-03-21,61310.22,IN REVIEW
CLM0007502,POL003677,2024-12-01,57242.48,OPEN
CLM0011285,POL000621,2024-09-09,32779.7,IN REVIEW
CLM0005782,POL001104,2026-04-05,37875.02,CLOSED
CLM0004691,POL002988,2026-04-20,20170.52,IN REVIEW
CLM0008696,POL001109,2024-10-15,15341.68,OPEN
CLM0008502,POL002310,2026-04-10,60134.94,  DENIED 
CLM0000863,POL000931,2024-10-20,33684.35,CLOSED
CLM0004585,POL004352,2025-10-08,26746.08,OPEN
CLM0005461,POL004139,2025-05-31,34577.75,DENIED
CLM0010309,POL000996,2025-09-21,64056.63,DENIED
CLM0001855,POL000650,2025-08-11,47305.84,CLOSED
CLM0004002,POL000553,2024-06-10,67008.93,IN REVIEW
CLM0009551,POL004032,2026-06-09,52563.51,DENIED
CLM0008943,POL003468,2025-05-20,56917.1,DENIED
CLM0000607,POL002136,2025-08-13,70719.08,IN REVIEW
CLM0003221,POL001300,2026-04-02,8298.22,OPEN
CLM0005731,POL003370,2026-05-13,46657.27,OPEN
CLM0011972,POL003052,2026-01-31,78678.63,OPEN
CLM0007609,POL004247,31/12/2025,57861.92,IN REVIEW
CLM0005448,POL003270,2024-12-19,12876.19,DENIED
CLM0005559,POL002303,2026-03-18,32394.71,IN REVIEW
CLM0002620,POL004995,2026-05-30,68005.15,CLOSED
CLM0003977,POL002986,2025-06-08,34310.7,IN REVIEW
CLM0006421,POL004696,2024-11-12,75109.25,CLOSED
CLM0008069,POL003252,2026-07-12,37968.68,OPEN
CLM0002937,POL002928,2024-09-13,27654.08,CLOSED
CLM0010445,POL004615,2025-08-25,60065.85,OPEN
CLM0004593,POL000796,2025-04-12,6341.09,DENIED
CLM0008488,POL004181,2026-03-16,65744.27,OPEN
CLM0007391,POL003915,2024-08-10,18531.16,DENIED
CLM0007676,POL004843,2025-01-03,1736.9,DENIED
CLM0009880,POL001264,2026-02-19,66311.03,OPEN
CLM0006655,POL004921,2024-10-13,69932.79,CLOSED
CLM0008772,POL004486,2024-09-17,78322.01,DENIED
CLM0007721,POL002973,2026-03-09,22932.86,IN REVIEW
CLM0000022,POL004851,2025-11-05,77736.2,OPEN
CLM0007154,POL001859,2025-08-09,18836.98,OPEN
CLM0001357,POL000506,2024-12-01,6325.23,CLOSED
CLM0002808,POL004854,31/12/2025,22908.61,IN REVIEW
CLM0007047,POL000044,2024-07-20,78335.86,CLOSED
CLM0005612,POL002429,2026-04-19,69205.52,DENIED
CLM0003364,POL000009,2026-04-17,8129.6,OPEN
CLM0003959,POL000947,N/A,34777.95,DENIED
CLM0010272,POL003835,2025-01-19,42471.49,CLOSED
CLM0004186,POL000525,2024-11-04,79058.27,OPEN
CLM0005873,POL003599,2025-06-05,48365.19,DENIED
CLM0001271,POL003154,2024-06-18,61908.52,OPEN
CLM0008918,POL000711,2025-06-01,13064.96,OPEN
CLM0001367,POL003117,2024-07-01,76189.53,CLOSED
CLM0011873,POL004541,2025-01-03,38467.03,OPEN
CLM0009993,POL931890,2026-04-05,31533.63,IN REVIEW
CLM0005493,POL004039,2026-03-04,59665.35,CLOSED
CLM0002256,POL003338,2026-05-30,64755.11,IN REVIEW
CLM0007463,POL003299,2025-01-04,9855.96,DENIED
CLM0000319,POL004809,2025-11-16,33255.12,OPEN
CLM0008256,POL002206,2025-09-24,59108.32,OPEN
CLM0010645,POL003677,2024-10-21,45798.09,CLOSED
CLM0008616,POL001465,2024-06-21,70557.68,IN REVIEW
CLM0006874,POL003696,2024-12-01,8967.77,IN REVIEW
CLM0001617,POL000650,2026-07-13,73462.16,CLOSED
CLM0005933,POL001655,2026-03-19,12752.4,OPEN
CLM0000044,POL001302,2025-05-21,66553.0,IN REVIEW
CLM0010491,POL004994,2024-06-14,39643.03,IN REVIEW
CLM0004841,POL001226,2025-05-23,74849.94,IN REVIEW
CLM0006349,POL001214,2025-11-27,34395.71,DENIED
CLM0001986,POL003091,2025-02-25,52122.41,OPEN
CLM0000578,POL004640,2025-01-01,43035.02,IN REVIEW
CLM0011663,POL002359,2024-11-14,3327.8,DENIED
CLM0007157,POL001985,2025-04-14,41762.19,DENIED
CLM0008551,POL001097,2024-08-10,67680.78,CLOSED
CLM0007866,POL004042,2025-10-30,9862.75,CLOSED
CLM0009782,POL001948,2025-03-31,54325.53,OPEN
CLM0004370,POL002292,2025-11-05,6764.99,CLOSED
CLM0006162,POL000454,2024-10-28,58023.07,CLOSED
CLM0001788,POL001850,2025-02-11,41784.07,IN REVIEW
CLM0008714,POL003945,2025-02-22,36607.11,IN REVIEW
CLM0009167,POL001652,2025-05-08,23154.1,DENIED
CLM0000890,POL004093,2024-08-22,8838.48,DENIED
CLM0002648,POL003292,2025-06-03,70752.89,DENIED
CLM0009987,POL004064,2026-04-01,3905.25,CLOSED
CLM0011721,POL002206,2024-08-26,42089.07,CLOSED
CLM0009770,POL003436,2026-06-27,60311.45,OPEN
CLM0002630,POL000192,2026-03-28,47519.08,DENIED
CLM0008117,POL003698,2025-12-31,65768.91,DENIED
CLM0002708,POL003088,2026-07-07,41262.25,IN REVIEW
CLM0009273,POL004614,31/12/2025,21013.59,OPEN
CLM0001650,POL001745,2024-10-20,25624.86,IN REVIEW
CLM0002443,POL004107,2025-08-20,12920.38,DENIED
CLM0003422,POL003586,2024-10-07,42185.8,CLOSED
CLM0003255,POL000769,2024-11-23,17415.46,CLOSED
CLM0000939,POL000154,2026-01-14,61161.84,CLOSED
CLM0010059,POL000515,2025-04-02,26459.97,CLOSED
CLM0004991,POL000595,2026-04-03,37578.15,OPEN
CLM0007526,POL003417,2025-07-02,22721.87,IN REVIEW
CLM0005064,POL004105,2025-03-25,75560.65,DENIED
CLM0007387,POL001367,2024-11-04,42479.91,DENIED
CLM0005157,POL001797,2025-07-03,33808.72,CLOSED
CLM0000573,POL000264,2025-02-08,75262.87,DENIED
CLM0004438,POL004870,N/A,54556.78,IN REVIEW
CLM0006913,POL004650,2024-08-31,28018.69,DENIED
CLM0006769,POL003744,2024-10-26,12962.96,DENIED
CLM0007965,POL004815,2024-10-21,79126.43,CLOSED
CLM0000445,POL003514,2024-12-19,66455.69,CLOSED
CLM0007323,POL001650,2026-01-04,21803.93,CLOSED
CLM0005424,POL004680,2024-11-06,5220.3,OPEN
CLM0005072,POL002069,2025-12-11,32866.89,IN REVIEW
CLM0006596,POL000129,2024-10-08,15258.4,OPEN
CLM0003911,POL000899,2026-05-06,43113.61,OPEN
CLM0003085,POL001623,2025-07-23,55151.9,IN REVIEW
CLM0008885,POL003509,2025-10-19,57895.35,CLOSED
CLM0002475,POL000949,2026-06-29,68577.85,IN REVIEW
CLM0002633,POL001124,2025-03-12,42106.64,CLOSED
CLM0005821,POL002692,2025-01-18,39144.32,CLOSED
CLM0010516,POL004402,2025-01-29,55480.06,CLOSED
CLM0006316,POL001095,2025-04-16,9172.24,IN REVIEW
CLM0010184,POL004372,2026-05-26,6079.98,CLOSED
CLM0004906,POL000267,2024-08-10,65849.99,DENIED
CLM0000790,POL001479,2026-03-19,79191.1,CLOSED
CLM0006438,POL000438,2026-05-13,27209.04,CLOSED
CLM0006009,POL004543,2026-03-02,53606.11,OPEN
CLM0006402,POL003365,2025-03-29,14912.5,DENIED
CLM0007028,POL003155,2025-02-08,35523.3,IN REVIEW
CLM0010146,POL003638,2024-11-12,75373.38,IN REVIEW
CLM0011456,POL001358,2025-05-21,53858.44,DENIED
CLM0011312,POL000588,2025-12-07,11305.29,IN REVIEW
CLM0009662,POL004886,2025-03-01,56520.82,IN REVIEW
CLM0002192,POL002799,2025-12-24,361.25,CLOSED
CLM0002769,POL001716,2026-03-19,77013.09,IN REVIEW
CLM0002262,POL002452,2025-02-18,30112.84,OPEN
CLM0006006,POL000656,2025-02-03,18754.13,IN REVIEW
CLM0004926,POL004364,2026-03-18,11279.38,DENIED
CLM0000150,POL000111,2026-07-19,66967.58,DENIED
CLM0011945,POL004057,2025-09-02,45460.0,IN REVIEW
CLM0002469,POL004039,2024-10-10,49374.31,CLOSED
CLM0011065,POL004081,2026-03-27,18593.87,OPEN
CLM0008936,POL001505,2025-08-29,48784.63,OPEN
CLM0009630,POL002231,2024-07-31,17695.37,OPEN
CLM0002674,POL001947,2026-03-17,21847.02,OPEN
CLM0008804,POL001721,2024-12-29,5923.59,OPEN
CLM0000342,POL000540,2026-06-15,75935.81,DENIED
CLM0011895,POL001386,2025-01-06,9999999.99,IN REVIEW
CLM0001374,POL000498,2024-10-18,56960.34,CLOSED
CLM0003431,POL001868,2024-06-20,35679.39,IN REVIEW
CLM0006524,POL000543,2024-09-27,548.77,DENIED
CLM0003630,POL001747,2025-05-25,37958.51,IN REVIEW
CLM0002458,POL000002,2025-03-12,64209.37,DENIED
CLM0001097,POL001035,2024-10-25,49688.68,CLOSED
CLM0003144,POL003357,2024-11-16,79465.45,CLOSED
CLM0011936,POL001799,2025-01-27,521.79,OPEN
CLM0002318,POL003483,2026-02-08,78091.6,DENIED
CLM0011209,POL001704,2024-06-08,25279.31,DENIED
CLM0001579,POL000498,2025-11-20,59742.3,IN REVIEW
CLM0011859,POL004838,2025-10-02,2749.25,IN REVIEW
CLM0007487,POL002553,2026-05-02,23625.36,closed
CLM0000771,POL000453,2025-09-11,54359.08,IN REVIEW
CLM0006429,POL002591,2026-01-12,44353.32,OPEN
CLM0008084,POL003832,2026-06-22,5600.26,OPEN
CLM0009363,POL002727,2025-12-31,36624.4,DENIED
CLM0006094,POL001961,2026-01-01,16510.4,OPEN
CLM0008795,POL002429,2024-08-04,22914.78,CLOSED
CLM0004568,POL004968,2025-11-11,23798.06,OPEN
CLM0010938,POL000021,2026-01-24,7272.66,OPEN
CLM0005739,POL003594,2026-07-03,32824.89,CLOSED
CLM0004540,POL002767,2026-06-23,69510.92,IN REVIEW
CLM0010208,POL003531,2024-10-14,55197.58,OPEN
CLM0011133,POL004838,2025-08-20,57839.85,CLOSED
CLM0000177,POL001905,2025-12-12,23291.83,OPEN
CLM0004753,POL003505,2025-09-19,1425.02,OPEN
CLM0004382,POL000942,2025-08-16,20421.24,OPEN
CLM0005549,POL001155,2024-08-25,30498.67,OPEN
CLM0007013,POL002070,2026-01-31,30007.82,OPEN
CLM0006749,POL001605,2024-07-19,44541.32,CLOSED
CLM0006482,POL002623,2025-07-19,37303.96,CLOSED
CLM0007992,POL004722,2025-04-21,54063.08,DENIED
CLM0009508,POL004669,2024-10-02,11404.61,CLOSED
CLM0001851,POL001075,2025-12-02,23023.93,IN REVIEW
CLM0008113,POL001831,2025-04-04,49126.03,CLOSED
CLM0007985,POL003955,2024-07-08,65532.63,OPEN
CLM0002552,POL004421,2024-12-16,882.97,IN REVIEW
CLM0009966,POL003324,2024-10-08,22758.94,CLOSED
CLM0006214,POL004393,2026-03-04,21868.84,OPEN
CLM0003614,POL001374,2025-11-07,16049.56,CLOSED
CLM0000491,POL003133,2025-04-29,26696.51,IN REVIEW
CLM0010678,POL000681,2025-08-01,58773.13,OPEN
CLM0004278,POL004722,2024-08-06,56304.07,DENIED
CLM0000338,POL001486,2025-12-10,24669.44,OPEN
CLM0007798,POL001888,2026-06-08,7731.7,IN REVIEW
CLM0007328,POL000504,2024-06-21,78208.53,IN REVIEW
CLM0003915,POL003322,2024-09-09,61208.19,DENIED
CLM0009332,POL004074,2025-11-05,717.95,DENIED
CLM0001337,POL004645,2025-11-29,39003.27,CLOSED
CLM0002381,POL003919,2025-02-23,50399.98,CLOSED
CLM0006801,POL003735,2025-07-07,18983.85,IN REVIEW
CLM0006366,POL002882,2026-05-24,49100.6,IN REVIEW
CLM0000294,POL004571,2026-05-23,69867.47,CLOSED
CLM0000100,POL001096,2025-06-19,21110.72,IN REVIEW
CLM0007629,POL000141,2025-06-08,9816.57,IN REVIEW
CLM0008865,POL000290,2026-04-07,68996.96,CLOSED
CLM0011435,POL002239,2026-06-26,12243.88,CLOSED
CLM0004065,POL001541,2026-03-11,35198.44,OPEN
CLM0003432,POL002990,2024-08-08,63949.02,DENIED
CLM0005428,POL003117,2025-01-22,44428.83,IN REVIEW
CLM0010533,POL002304,2025-11-23,70564.32,DENIED
CLM0007008,POL004742,2026-04-13,42799.56,OPEN
CLM0007674,POL001265,2025-11-22,36397.11,DENIED
CLM0009588,POL002666,2026-01-10,12667.13,IN REVIEW
CLM0008032,POL002948,2026-05-26,46949.42,OPEN
CLM0008114,POL002548,2025-05-07,48015.22,DENIED
CLM0011806,POL002401,2024-10-19,72578.25,CLOSED
CLM0008698,POL000791,2026-03-24,66737.34,OPEN
CLM0007094,POL002741,2026-02-12,61568.68,  OPEN 
CLM0005553,POL002295,2024-09-04,44194.29,DENIED
CLM0005837,POL003482,2026-04-27,7780.23,IN REVIEW
CLM0008512,POL001663,2024-10-05,4103.83,CLOSED
CLM0002985,POL000559,2024-08-08,16347.57,CLOSED
CLM0001848,POL003703,2025-02-21,65138.28,DENIED
CLM0006182,POL002140,2025-12-04,65489.42,DENIED
CLM0001904,POL000854,2026-05-13,27439.42,CLOSED
CLM0003436,POL000835,2025-04-04,66535.23,CLOSED
CLM0000298,POL003686,2025-04-15,79799.22,DENIED
CLM0010480,POL003557,2024-08-15,39684.4,CLOSED
CLM0002028,POL001001,2026-01-23,43685.75,CLOSED
CLM0003663,POL000565,2024-07-29,71086.77,CLOSED
CLM0000756,POL003741,2026-01-28,60634.0,CLOSED
CLM0003944,POL004631,2026-01-01,37839.62,IN REVIEW
CLM0005323,POL001915,2026-04-07,21994.02,DENIED
CLM0008331,POL003843,2024-07-17,35890.61,DENIED
CLM0000957,POL000728,2026-05-14,64539.17,OPEN
CLM0000458,POL000160,31/12/2025,26118.44,OPEN
CLM0006963,POL004138,2024-09-01,34463.61,IN REVIEW
CLM0009834,POL001669,2024-12-20,78256.58,DENIED
CLM0003855,POL002078,2024-08-12,38560.66,CLOSED
CLM0006411,POL000531,2026-04-20,42035.51,OPEN
CLM0005584,POL003635,2025-01-27,36857.21,OPEN
CLM0005757,POL001399,2025-03-03,13503.05,OPEN
CLM0004794,POL004942,2025-11-21,9999999.99,OPEN
CLM0002775,POL002519,2024-08-27,19674.54,OPEN
CLM0005904,POL001438,2024-11-02,15317.97,DENIED
CLM0006138,POL002473,2024-11-17,74981.92,DENIED
CLM0004985,POL002087,2025-07-03,47122.2,OPEN
CLM0004895,POL000601,2024-06-06,11487.63,CLOSED
CLM0008112,POL004323,2025-01-14,52956.17,CLOSED
CLM0006887,POL001060,2024-09-20,69925.34,IN REVIEW
CLM0010163,POL002043,2025-06-23,68405.21,OPEN
CLM0010460,POL002301,2024-10-06,3209.39,  OPEN 
CLM0003683,POL002262,2026-05-09,1124.29,DENIED
CLM0010292,POL004791,2026-04-27,54197.0,IN REVIEW
CLM0002156,POL000040,2024-07-22,12641.41,CLOSED
CLM0002841,POL004981,2025-02-04,35082.55,IN REVIEW
CLM0005053,POL002571,2025-10-10,67216.87,DENIED
CLM0000186,POL000640,2025-10-17,46459.76,IN REVIEW
CLM0010911,POL001095,2026-02-15,51637.4,CLOSED
CLM0011450,POL988394,2024-07-28,19189.39,DENIED
CLM0010953,POL000411,2026-04-08,56444.81,OPEN
CLM0008541,POL000642,2025-07-22,55740.46,OPEN
CLM0008021,POL003445,2025-10-24,13121.76,CLOSED
CLM0000417,POL001040,2025-04-05,14198.75,DENIED
CLM0008378,POL003775,2026-06-22,20015.62,OPEN
CLM0008458,POL000201,2025-10-15,9060.88,IN REVIEW
CLM0009109,POL002872,2026-02-26,54738.83,IN REVIEW
CLM0009968,POL002628,2025-11-14,25272.5,CLOSED
CLM0001770,POL000263,2025-10-29,36424.39,OPEN
CLM0011008,POL001559,2024-09-15,17420.5,IN REVIEW
CLM0008192,POL004495,2025-11-24,25787.74,IN REVIEW
CLM0004724,POL004656,2025-01-06,19232.84,OPEN
CLM0011720,POL001616,2025-10-03,77285.23,OPEN
CLM0002263,POL004396,2026-04-25,79816.88,OPEN
CLM0001722,POL002259,2025-07-04,59691.75,DENIED
CLM0004894,POL004570,2024-08-08,59170.48,DENIED
CLM0001561,POL002851,2026-01-12,56339.65,DENIED
CLM0000125,POL004108,2026-06-24,40195.43,  CLOSED 
CLM0007549,POL003315,2026-01-18,47207.77,  IN REVIEW 
CLM0004876,POL003484,2024-09-23,76865.93,OPEN
CLM0011854,POL001054,2024-07-20,79122.68,CLOSED
CLM0006020,POL003623,2025-12-28,65947.71,OPEN
CLM0004004,POL000286,2025-11-28,31523.47,OPEN
CLM0009314,POL003842,2025-11-07,62208.46,OPEN
CLM0002792,POL003002,2024-06-06,32122.87,CLOSED
CLM0007420,POL000796,2025-03-23,71959.81,CLOSED
CLM0008762,POL000676,2026-02-24,60133.68,DENIED
CLM0011106,POL001152,2025-12-15,36377.85,CLOSED
CLM0000116,POL004160,2025-11-04,28381.06,IN REVIEW
CLM0005871,POL004338,2025-08-05,20055.01,CLOSED
CLM0005458,POL000702,2024-10-29,45223.41,DENIED
CLM0010876,POL002988,2026-03-17,34338.95,IN REVIEW
CLM0004155,POL003532,2026-07-10,23830.16,CLOSED
CLM0008387,POL003041,2026-05-14,68112.52,IN REVIEW
CLM0011645,POL000609,2024-07-30,57326.5,CLOSED
CLM0007050,POL003147,2025-01-18,18952.58,OPEN
CLM0008096,POL004116,2025-04-20,17330.1,OPEN
CLM0011759,POL003376,2025-08-13,65081.47,DENIED
CLM0000400,POL002537,2024-11-24,54347.66,OPEN
CLM0004664,POL000350,2025-11-07,65670.15,DENIED
CLM0002375,POL001430,2024-07-31,77116.74,OPEN
CLM0003536,POL002158,2024-06-14,9110.36,OPEN
CLM0000650,POL004870,2025-12-15,59990.0,OPEN
CLM0009555,POL003737,2026-05-08,43528.11,OPEN
CLM0009937,POL001303,2026-03-05,6123.52,DENIED
CLM0010861,POL002514,2024-09-09,68496.08,CLOSED
CLM0005237,POL003641,2024-09-15,61896.74,IN REVIEW
CLM0011549,POL000654,2024-12-05,12023.43,OPEN
CLM0003621,POL000750,2025-01-11,26201.2,CLOSED
CLM0008987,POL002081,2025-08-08,9260.48,OPEN
CLM0009816,POL003963,2024-09-12,23601.36,CLOSED
CLM0005985,POL001221,2024-07-22,72397.95,OPEN
CLM0009043,POL002459,2026-02-24,21644.05,DENIED
CLM0008644,POL000949,2025-11-07,14191.2,open
CLM0006589,POL003367,2024-08-28,689.44,CLOSED
CLM0002627,POL002721,2025-02-22,34889.08,  OPEN 
CLM0004313,POL000175,2025-08-26,48084.81,IN REVIEW
CLM0011707,POL001096,2025-11-13,42871.47,CLOSED
CLM0008322,POL003497,2024-08-03,69970.63,DENIED
CLM0000411,POL003872,2025-10-07,42953.11,CLOSED
CLM0001385,POL004962,2025-02-13,61666.05,IN REVIEW
CLM0001188,POL002633,2026-06-13,23624.92,CLOSED
CLM0009695,POL001632,2026-03-31,9999999.99,DENIED
CLM0011977,POL000965,2025-05-14,58132.06,OPEN
CLM0006254,POL004280,2026-07-03,11599.1,DENIED
CLM0001164,POL004281,2026-01-25,78053.05,IN REVIEW
CLM0003126,POL002976,2026-04-05,74563.32,OPEN
CLM0010147,POL004853,2026-05-13,73404.83,IN REVIEW
CLM0011182,POL003273,2026-06-18,22399.69,CLOSED
CLM0002699,POL004767,2025-01-28,40612.21,OPEN
CLM0007685,POL004662,2025-08-21,40119.35,OPEN
CLM0000921,POL002221,2024-08-29,10414.59,IN REVIEW
CLM0007817,POL002995,2026-05-29,61341.54,CLOSED
CLM0009144,POL003336,2025-05-18,3394.84,DENIED
CLM0001789,POL000930,2024-12-14,49628.41,open
CLM0009405,POL000680,2025-12-22,71578.77,DENIED
CLM0007599,POL002552,2025-07-04,48749.49,DENIED
CLM0009965,POL000548,2024-10-08,8116.09,IN REVIEW
CLM0011865,POL003819,2025-12-25,50999.56,CLOSED
CLM0010100,POL004914,2025-06-12,24798.36,CLOSED
CLM0002924,POL003687,2026-02-01,21722.17,IN REVIEW
CLM0003106,POL003323,2025-09-23,40237.81,OPEN
CLM0010178,POL003415,2025-05-03,8477.39,OPEN
CLM0005983,POL001337,2025-12-08,15531.85,OPEN
CLM0009233,POL001729,2026-01-10,2772.95,DENIED
CLM0004222,POL003606,2026-02-19,9623.89,CLOSED
CLM0011689,POL002359,2025-07-25,36640.37,DENIED
CLM0011067,POL002779,2026-03-11,18953.57,OPEN
CLM0007840,POL003014,2025-06-10,23633.29,DENIED
CLM0005679,POL004808,2026-01-16,4905.94,DENIED
CLM0011446,POL001562,2024-06-14,51437.95,CLOSED
CLM0010988,POL001186,2026-07-05,9861.12,IN REVIEW
CLM0005918,POL001325,2024-06-29,67847.24,OPEN
CLM0010649,POL004963,2025-11-27,16907.36,IN REVIEW
CLM0001370,POL000775,2024-08-13,70440.19,CLOSED
CLM0006706,POL003060,2025-06-06,57400.09,OPEN
CLM0005312,POL000556,2026-06-03,31167.03,OPEN
CLM0006795,POL000113,2024-06-11,59517.6,CLOSED
CLM0011829,POL002455,2025-01-12,46753.4,CLOSED
CLM0005411,POL003683,2025-04-04,13713.02,DENIED
CLM0006561,POL001307,2026-07-07,56667.38,OPEN
CLM0007202,POL000079,2025-09-23,1418.51,DENIED
CLM0010767,POL000147,2025-03-03,65320.36,OPEN
CLM0007043,POL001449,,7152.48,IN REVIEW
CLM0010489,POL003105,2025-04-20,15909.28,DENIED
CLM0008834,POL003221,2024-09-30,-24346.52,IN REVIEW
CLM0000275,POL001813,2024-09-21,43403.43,IN REVIEW
CLM0004808,POL001670,2026-06-25,35333.41,DENIED
CLM0011128,POL001959,2025-12-08,63800.16,DENIED
CLM0001760,POL001518,2025-06-07,67894.27,IN REVIEW
CLM0000751,POL001417,2026-06-15,16702.78,OPEN
CLM0008045,POL000073,2024-10-11,55207.28,CLOSED
CLM0009702,POL001201,2025-05-26,26841.11,DENIED
CLM0011160,POL000411,2025-09-21,66981.4,IN REVIEW
CLM0002322,POL000262,2025-11-03,1729.55,OPEN
CLM0002734,POL001445,2025-06-06,44515.79,IN REVIEW
CLM0010482,POL000979,2025-09-22,43248.18,DENIED
CLM0002261,POL003464,2025-02-06,62766.18,OPEN
CLM0009774,POL004603,2025-08-04,77921.07,CLOSED
CLM0001412,POL001661,2024-10-12,52932.19,DENIED
CLM0002218,POL003544,2026-02-02,64622.05,IN REVIEW
CLM0008538,POL004482,2026-06-09,2929.84,IN REVIEW
CLM0010749,POL004202,2025-12-12,35511.35,DENIED
CLM0007331,POL004116,2024-06-24,40856.26,IN REVIEW
CLM0004259,POL002350,2025-11-23,35255.06,DENIED
CLM0005802,POL003429,2025-01-18,46458.13,OPEN
CLM0010851,POL001413,2026-06-29,49264.93,OPEN
CLM0011403,POL001348,2024-08-08,70689.56,closed
CLM0000878,POL004885,2024-07-29,78409.26,DENIED
CLM0010557,POL001451,2024-07-05,17055.25,DENIED
CLM0001276,POL000370,2025-01-27,54661.43,DENIED
CLM0006465,POL003961,2026-06-09,15661.08,DENIED
CLM0000484,POL002205,2026-01-05,70431.99,IN REVIEW
CLM0004087,POL003838,2024-10-06,53692.33,IN REVIEW
CLM0003341,POL003605,2024-06-05,46484.7,CLOSED
CLM0011305,POL001144,2026-07-20,17179.85,OPEN
CLM0001520,POL002310,2026-05-18,35784.9,CLOSED
CLM0000289,POL000494,2026-01-11,30103.23,DENIED
CLM0007374,POL001443,2024-07-29,52628.65,IN REVIEW
CLM0010213,POL001961,2025-12-18,75252.39,IN REVIEW
CLM0003543,POL001849,2024-12-04,8316.32,in review
CLM0009307,POL000305,2025-04-16,55770.17,OPEN
CLM0002390,POL000492,2024-08-16,15543.35,IN REVIEW
CLM0000426,POL003128,2025-11-02,38690.51,DENIED
CLM0009142,POL001983,2025-01-17,76320.71,CLOSED
CLM0001128,POL004786,2025-03-13,61176.18,CLOSED
CLM0010247,POL001267,2026-03-09,30753.06,OPEN
CLM0004429,POL001953,2025-12-17,35656.84,OPEN
CLM0001463,POL002066,2025-11-10,14592.05,DENIED
CLM0000212,POL002194,2026-01-08,62904.23,CLOSED
CLM0003676,POL003661,2025-07-09,25619.98,DENIED
CLM0003642,POL003987,2026-01-17,61441.53,CLOSED
CLM0001029,POL000366,2024-07-26,8735.74,CLOSED
CLM0008753,POL003487,2025-04-19,25559.87,CLOSED
CLM0002202,POL001039,2026-05-09,62055.09,OPEN
CLM0006773,POL001684,2025-07-30,55530.98,IN REVIEW
CLM0003347,POL003189,2025-01-08,30618.72,DENIED
CLM0008926,POL000996,N/A,31893.06,DENIED
CLM0005201,POL000870,2025-10-17,47398.1,IN REVIEW
CLM0008583,POL002685,2026-04-12,65164.26,DENIED
CLM0001071,POL004842,2025-05-04,43400.72,OPEN
CLM0004542,POL003052,2025-10-26,66501.82,DENIED
CLM0010972,POL906878,2024-06-19,20484.97,IN REVIEW
CLM0007276,POL001841,2025-12-01,32322.91,CLOSED
CLM0002883,POL001388,2026-07-10,27865.57,IN REVIEW
CLM0003948,POL000218,2024-10-02,26847.67,CLOSED
CLM0009983,POL000348,2025-06-15,9999999.99,OPEN
CLM0004344,POL002950,2026-01-04,43215.7,CLOSED
CLM0011421,POL002891,2024-09-03,5701.29,CLOSED
CLM0005721,POL003691,2024-12-30,8123.28,OPEN
CLM0000550,POL004334,2025-07-19,73854.19,DENIED
CLM0008306,POL002722,2025-02-07,0,DENIED
CLM0006567,POL002253,2024-12-23,40315.95,CLOSED
CLM0004270,POL004348,2025-04-19,38377.65,DENIED
CLM0011044,POL000394,2024-12-05,57585.03,CLOSED
CLM0011226,POL001984,2026-02-05,11660.54,OPEN
CLM0008234,POL001246,2025-01-14,66163.47,OPEN
CLM0009036,POL004140,2024-12-15,21161.55,CLOSED
CLM0001836,POL002879,2025-12-26,15370.02,DENIED
CLM0008044,POL001673,2025-04-05,2174.42,CLOSED
CLM0002840,POL003892,2024-08-31,66353.83,DENIED
CLM0007869,POL003375,2026-05-23,53592.02,CLOSED
CLM0001450,POL000347,2026-06-12,15898.34,CLOSED
CLM0001347,POL004684,2025-04-21,32302.73,IN REVIEW
CLM0001470,POL004927,2024-08-07,58377.73,IN REVIEW
CLM0011661,POL004557,2025-04-21,67516.71,DENIED
CLM0003217,POL004747,2024-07-10,12207.4,IN REVIEW
CLM0002741,POL003753,2025-06-04,50969.72,IN REVIEW
CLM0006731,POL004729,2025-01-09,77482.45,in review
CLM0000791,POL004044,2024-06-04,16324.85,IN REVIEW
CLM0005078,POL003920,2024-09-16,289.6,DENIED
CLM0011740,POL910287,2026-03-04,3921.61,DENIED
CLM0001964,POL001643,2025-07-06,62312.45,DENIED
CLM0007859,POL001422,2026-01-05,57793.05,DENIED
CLM0002811,POL000791,2026-01-23,14067.46,CLOSED
CLM0003906,POL002350,2025-02-18,78451.48,CLOSED
CLM0002200,POL002919,31/12/2025,10771.62,CLOSED
CLM0010798,POL001981,2025-09-15,2450.07,DENIED
CLM0000227,POL002296,2025-11-11,78342.02,DENIED
CLM0007528,POL002482,2025-09-21,20318.59,CLOSED
CLM0004330,POL002683,2025-11-12,76581.81,OPEN
CLM0006380,POL000289,2025-06-15,40978.7,OPEN
CLM0008399,POL003123,2026-03-18,45699.4,OPEN
CLM0007537,POL001132,2024-10-01,64803.18,OPEN
CLM0005730,POL001470,2025-08-16,34347.29,IN REVIEW
CLM0003418,POL004079,2024-09-16,25449.32,IN REVIEW
CLM0004800,POL001852,2024-06-04,66013.71,DENIED
CLM0010029,POL004954,2024-12-23,12874.01,OPEN
CLM0010898,POL000960,2026-04-08,64777.72,DENIED
CLM0007046,POL000993,2026-06-04,24793.85,IN REVIEW
CLM0010833,POL004970,2024-10-20,29089.74,DENIED
CLM0006696,POL000825,2024-12-27,9161.44,CLOSED
CLM0010287,POL000357,2025-03-07,23142.11,OPEN
CLM0001495,POL002586,2025-08-13,38173.12,IN REVIEW
CLM0004173,POL001387,2025-11-25,34003.13,OPEN
CLM0008739,POL003969,2026-01-03,74425.11,DENIED
CLM0006638,POL000792,2024-11-22,9911.31,OPEN
CLM0010865,POL001736,2026-06-27,66730.34,OPEN
CLM0004079,POL003948,2024-07-20,78242.67,IN REVIEW
CLM0010648,POL004098,2024-07-02,4140.9,open
CLM0009844,POL002015,2025-03-18,57375.14,DENIED
CLM0002177,POL004945,2026-04-24,897.88,CLOSED
CLM0005002,POL003332,2025-12-13,14523.79,CLOSED
CLM0009093,POL002899,2025-11-07,45770.84,IN REVIEW
CLM0003128,POL002973,2025-09-15,46151.81,OPEN
CLM0007226,POL003077,2024-06-18,17146.0,OPEN
CLM0006781,POL004939,2026-04-04,15999.1,OPEN
CLM0007232,POL004678,2026-04-27,44374.64,CLOSED
CLM0005427,POL002577,2026-04-17,18552.74,CLOSED
CLM0006558,POL003785,2024-06-11,26574.61,OPEN
CLM0009526,POL004164,2026-05-23,15134.73,closed
CLM0003869,POL002851,2025-03-08,9999999.99,IN REVIEW
CLM0002025,POL003682,2025-06-06,68652.45,CLOSED
CLM0003622,POL004941,2026-06-22,24586.34,OPEN
CLM0002695,POL001193,2025-11-05,25696.79,IN REVIEW
CLM0008476,POL001120,2026-04-27,53484.61,IN REVIEW
CLM0011218,POL000574,2025-12-27,51816.41,CLOSED
CLM0006594,POL003471,2025-12-23,11823.55,DENIED
CLM0005154,POL002416,2024-06-12,55411.1,DENIED
CLM0009174,POL004245,2025-01-11,49567.96,CLOSED
CLM0002578,POL000042,2026-04-13,10122.45,DENIED
CLM0000776,POL002048,2024-10-12,55145.64,CLOSED
CLM0011563,POL004754,,4194.75,OPEN
CLM0001353,POL002456,2026-01-28,21462.46,OPEN
CLM0004678,POL002404,2026-06-22,35707.74,  OPEN 
CLM0010544,POL003564,2025-04-19,6839.86,DENIED
CLM0001249,POL000778,2025-01-02,38321.55,IN REVIEW
CLM0011580,POL001033,2026-02-16,9999999.99,OPEN
CLM0003310,POL000652,2024-08-01,79640.49,OPEN
CLM0009818,POL001149,2026-03-08,8779.46,DENIED
CLM0006877,POL003876,2025-07-22,11385.26,IN REVIEW
CLM0003635,POL001086,2025-12-25,29320.23,IN REVIEW
CLM0003317,POL004295,2024-09-29,35353.4,DENIED
CLM0003179,POL000684,2026-05-30,68526.03,CLOSED
CLM0010512,POL004451,2026-04-11,77069.43,closed
CLM0007115,POL001101,2025-01-06,41333.57,OPEN
CLM0003814,POL002782,2026-03-14,13913.63,DENIED
CLM0000360,POL004270,2025-12-26,51798.96,OPEN
CLM0005476,POL956748,2024-06-01,57479.56,DENIED
CLM0005093,POL000778,2026-06-12,24493.26,IN REVIEW
CLM0011622,POL003677,2026-07-10,32977.15,CLOSED
CLM0006217,POL003015,2025-02-23,7522.82,OPEN
CLM0004524,POL004848,2025-12-14,33382.77,IN REVIEW
CLM0000789,POL001566,2025-10-25,76934.64,IN REVIEW
CLM0000381,POL002940,2025-03-31,69156.07,DENIED
CLM0000822,POL001694,2025-09-20,16306.9,IN REVIEW
CLM0005195,POL003536,2026-06-12,0,DENIED
CLM0009147,POL002067,2025-08-12,22502.19,  CLOSED 
CLM0005068,POL000360,2026-06-19,58955.85,DENIED
CLM0009740,POL000846,2024-08-08,19770.61,CLOSED
CLM0011258,POL001604,2025-10-25,20130.89,OPEN
CLM0004106,POL003633,2026-07-08,77857.51,DENIED
CLM0002945,POL003630,2026-04-11,52527.07,OPEN
CLM0009373,POL000776,2024-09-08,67455.92,DENIED
CLM0002049,POL002071,2025-05-15,7188.9,IN REVIEW
CLM0006546,POL001932,2025-05-30,43150.35,IN REVIEW
CLM0001214,POL004524,2025-07-30,65908.8,CLOSED
CLM0010183,POL000557,2025-10-05,37545.83,DENIED
CLM0000850,POL003237,2025-02-08,4478.89,OPEN
CLM0001541,POL000860,2025-06-08,77868.67,CLOSED
CLM0010203,POL000412,2025-01-07,45423.35,OPEN
CLM0004584,POL000578,2024-07-02,4706.56,OPEN
CLM0006478,POL001073,2025-05-16,7453.77,DENIED
CLM0008713,POL000711,2024-10-08,46022.73,DENIED
CLM0004000,POL002513,2025-08-23,22927.54,IN REVIEW
CLM0011834,POL001705,2026-06-16,3256.84,OPEN
CLM0009054,POL003470,2024-07-08,71828.83,DENIED
CLM0010465,POL003626,2025-05-31,7784.25,OPEN
CLM0005672,POL004475,2024-08-14,31940.32,IN REVIEW
CLM0005105,POL002020,2025-07-02,23504.68,OPEN
CLM0004266,POL003426,2026-03-17,14124.14,OPEN
CLM0008586,POL002846,2025-02-17,62392.23,OPEN
CLM0006144,POL003196,2024-07-17,11458.58,CLOSED
CLM0001455,POL000447,2024-12-31,79412.31,CLOSED
CLM0003395,POL002405,2025-02-08,54615.33,CLOSED
CLM0008966,POL003103,2026-06-26,9311.77,OPEN
CLM0001453,POL000535,2026-03-11,70178.41,IN REVIEW
CLM0000467,POL004595,2026-02-10,10559.9,CLOSED
CLM0009866,POL003321,2024-11-06,6821.89,DENIED
CLM0007479,POL003927,2024-09-22,35732.98,DENIED
CLM0000881,POL001097,31/12/2025,75592.24,DENIED
CLM0010628,POL002325,2025-02-11,35742.55,CLOSED
CLM0006779,POL004521,2024-08-13,37879.91,IN REVIEW
CLM0007824,POL002794,2026-01-24,75796.39,OPEN
CLM0003399,POL004518,2024-06-16,75004.16,DENIED
CLM0007597,POL000449,2024-10-16,66106.76,OPEN
CLM0003677,POL000698,2025-10-05,13403.04,CLOSED
CLM0001368,POL001561,2026-03-26,34728.88,CLOSED
CLM0007937,POL001456,2025-01-26,7307.1,OPEN
CLM0002690,POL000623,2026-02-09,63670.86,IN REVIEW
CLM0007708,POL004476,2026-01-04,17964.75,OPEN
CLM0007720,POL002623,2025-10-18,3888.88,CLOSED
CLM0002929,POL002794,2024-11-02,24093.76,OPEN
CLM0007615,POL004640,2024-11-20,33500.43,CLOSED
CLM0007424,POL004906,2025-04-29,39269.64,OPEN
CLM0002801,POL003836,2025-03-17,3601.23,CLOSED
CLM0004629,POL003577,2025-05-01,50024.67,IN REVIEW
CLM0007444,POL002809,2026-03-12,78892.41,IN REVIEW
CLM0004060,POL003473,2026-03-01,5394.36,CLOSED
CLM0001472,POL000970,2024-12-16,2489.77,DENIED
CLM0004479,POL000907,2025-09-16,50688.89,CLOSED
CLM0003371,POL001933,2025-08-18,21011.7,CLOSED
CLM0001636,POL003948,2026-03-01,77415.88,CLOSED
CLM0002755,POL003969,2026-04-27,17032.77,DENIED
CLM0004385,POL001109,2025-09-29,5643.0,IN REVIEW
CLM0007468,POL000779,2026-05-29,14784.28,DENIED
CLM0000745,POL000665,2026-03-21,76388.89,DENIED
CLM0002790,POL000928,2024-10-06,58464.89,DENIED
CLM0004069,POL004154,2026-07-15,54460.17,CLOSED
CLM0000261,POL000264,2025-11-29,1102.67,OPEN
CLM0009623,POL004170,2025-12-22,20978.76,CLOSED
CLM0011938,POL002202,2025-02-24,1290.88,OPEN
CLM0009688,POL003933,2026-02-12,54639.03,OPEN
CLM0008522,POL001084,2026-01-15,854.53,OPEN
CLM0011999,POL001072,2025-04-21,41141.15,OPEN
CLM0003290,POL003000,2025-09-10,34215.39,CLOSED
CLM0006040,POL001497,2024-11-19,51247.49,CLOSED
CLM0001648,POL000371,2025-01-15,4522.61,DENIED
CLM0005144,POL000557,2026-03-16,19170.3,CLOSED
CLM0010306,POL004828,2025-03-29,16868.02,IN REVIEW
CLM0010278,POL000540,2024-10-21,69301.07,OPEN
CLM0003767,POL001021,2024-12-22,25729.08,DENIED
CLM0007480,POL003031,2024-09-27,4362.82,IN REVIEW
CLM0006036,POL001019,2024-06-06,30795.98,CLOSED
CLM0000046,POL001150,2024-09-16,3214.58,OPEN
CLM0007755,POL001281,2025-10-19,25043.29,CLOSED
CLM0009119,POL004020,2024-06-18,22961.35,DENIED
CLM0001696,POL002347,2025-01-06,59786.25,OPEN
CLM0008214,POL004452,2026-04-30,39029.77,IN REVIEW
CLM0002403,POL003852,2024-08-15,77162.99,CLOSED
CLM0009341,POL000546,2025-12-26,32697.14,CLOSED
CLM0009315,POL000675,2024-08-07,51569.16,OPEN
CLM0003386,POL003272,2024-12-13,1850.09,IN REVIEW
CLM0002492,POL002597,2025-07-26,14931.42,CLOSED
CLM0004682,POL002249,2025-09-24,15407.69,in review
CLM0009995,POL001563,2024-09-03,79020.21,DENIED
CLM0007667,POL004029,2025-08-22,43401.84,CLOSED
CLM0003344,POL000919,2025-11-04,61696.4,CLOSED
CLM0006468,POL004164,2024-07-31,47578.32,CLOSED
CLM0006700,POL001283,2025-11-23,4202.48,CLOSED
CLM0010307,POL000639,2025-03-23,60431.41,DENIED
CLM0011052,POL002299,2024-09-06,14519.15,DENIED
CLM0003707,POL001577,2024-12-09,11406.09,CLOSED
CLM0001922,POL002294,2024-12-05,76666.61,CLOSED
CLM0000679,POL000974,2025-10-31,25666.71,OPEN
CLM0003285,POL001535,2025-10-25,24687.14,DENIED
CLM0006028,POL000850,2025-01-31,43025.93,DENIED
CLM0004878,POL002973,2025-02-08,2224.48,CLOSED
CLM0002844,POL000054,2025-11-04,30256.78,DENIED
CLM0004917,POL003730,2024-07-23,69413.29,IN REVIEW
CLM0006627,POL002578,2025-11-29,14951.32,OPEN
CLM0009078,POL002004,31/12/2025,75119.73,DENIED
CLM0009019,POL000238,2024-10-07,61905.66,DENIED
CLM0011170,POL003756,2026-07-15,48076.91,OPEN
CLM0004875,POL000294,2025-02-03,39251.73,DENIED
CLM0002456,POL001735,2024-07-02,1875.71,DENIED
CLM0002174,POL002758,2026-04-29,12705.59,DENIED
CLM0000862,POL001055,2025-10-27,40235.78,IN REVIEW
CLM0005250,POL000423,2024-11-18,-62920.3,IN REVIEW
CLM0008595,POL001265,2025-04-17,19887.55,IN REVIEW
CLM0008542,POL004753,2024-11-10,70603.06,DENIED
CLM0002639,POL003987,2026-01-16,46718.88,IN REVIEW
CLM0003044,POL000421,2024-10-20,28828.61,CLOSED
CLM0004613,POL002719,2025-07-17,41404.25,  IN REVIEW 
CLM0010817,POL001782,2025-08-07,55709.29,CLOSED
CLM0008355,POL001145,2024-09-25,36295.67,DENIED
CLM0009848,POL000904,2025-04-18,47467.76,DENIED
CLM0007417,POL004752,2025-04-18,24451.92,DENIED
CLM0006417,POL004975,2025-03-24,29704.96,CLOSED
CLM0011848,POL004356,2025-04-26,56258.43,IN REVIEW
CLM0002715,POL004447,2025-04-21,8230.43,OPEN
CLM0007347,POL001239,2026-03-26,56449.47,OPEN
CLM0004431,POL002230,2024-08-30,53330.53,CLOSED
CLM0009583,POL000360,2025-09-23,20442.54,DENIED
CLM0001915,POL002341,2026-07-16,25918.35,OPEN
CLM0003368,POL004964,2025-09-20,15581.57,OPEN
CLM0011387,POL000830,2025-09-14,41455.57,  OPEN 
CLM0006886,POL000954,2026-01-10,7873.65,DENIED
CLM0003529,POL003883,2024-12-28,17458.14,DENIED
CLM0003141,POL004874,2025-03-28,45557.35,IN REVIEW
CLM0011552,POL002562,2024-12-06,51485.31,CLOSED
CLM0001434,POL000510,2026-02-05,76926.53,denied
CLM0004359,POL004784,2026-06-02,14298.23,CLOSED
CLM0005131,POL002213,2025-10-06,38922.96,CLOSED
CLM0001103,POL000794,2025-11-01,47633.58,IN REVIEW
CLM0011193,POL002704,2025-06-09,55665.51,DENIED
CLM0005184,POL003816,2025-01-22,73900.41,DENIED
CLM0011375,POL002185,2025-09-02,6792.77,IN REVIEW
CLM0009089,POL003300,2025-10-12,55421.97,IN REVIEW
CLM0011510,POL001815,2024-11-13,19257.8,OPEN
CLM0011374,POL004240,2024-12-17,34152.18,DENIED
CLM0001404,POL003332,2025-03-18,74342.21,CLOSED
CLM0006792,POL003785,2025-05-30,27549.4,OPEN
CLM0000539,POL003815,2025-02-13,79150.73,DENIED
CLM0006051,POL000658,2025-07-27,17726.47,DENIED
CLM0010017,POL003758,2025-05-20,14618.64,CLOSED
CLM0007102,POL003126,2025-08-27,40590.04,CLOSED
CLM0004240,POL004327,2025-07-22,75903.12,DENIED
CLM0004049,POL000678,2025-02-11,11956.55,IN REVIEW
CLM0005171,POL003382,2024-12-02,73591.93,IN REVIEW
CLM0000402,POL004684,2026-07-12,36783.1,OPEN
CLM0008894,POL001346,2025-10-24,10382.72,OPEN
CLM0002097,POL000677,2025-12-04,41847.86,DENIED
CLM0002498,POL000278,2026-01-24,21200.78,IN REVIEW
CLM0007593,POL002214,2025-04-09,39114.52,CLOSED
CLM0003830,POL004078,2025-03-01,17063.05,CLOSED
CLM0008412,POL003765,2026-01-11,64502.38,CLOSED
CLM0010890,POL000952,2025-10-28,28614.92,CLOSED
CLM0010718,POL001950,2025-01-01,5110.46,OPEN
CLM0004287,POL001015,2024-11-19,37338.3,CLOSED
CLM0005713,POL003215,2025-01-29,35941.15,OPEN
CLM0008370,POL002018,2025-09-07,47962.54,DENIED
CLM0011024,POL003838,2026-03-12,52435.77,CLOSED
CLM0007669,POL004673,,9712.08,IN REVIEW
CLM0003534,POL003736,2025-11-16,49521.76,IN REVIEW
CLM0006684,POL001240,2025-09-06,12150.01,DENIED
CLM0009861,POL003781,2025-10-07,70961.01,CLOSED
CLM0009924,POL004950,2025-05-17,44554.87,DENIED
CLM0001348,POL000894,2025-10-10,14146.69,IN REVIEW
CLM0007048,POL001268,2024-07-24,31545.67,CLOSED
CLM0003791,POL004617,2025-07-18,45781.2,DENIED
CLM0002926,POL001902,2025-10-27,20435.86,IN REVIEW
CLM0001387,POL003048,2026-02-08,22473.6,CLOSED
CLM0010553,POL004304,2024-11-04,29051.71,OPEN
CLM0006592,POL000553,2025-12-27,27630.47,IN REVIEW
CLM0007488,POL001638,2025-03-14,60247.14,CLOSED
CLM0002342,POL004656,2025-03-09,73527.8,IN REVIEW
CLM0001154,POL003011,2025-05-02,42869.95,CLOSED
CLM0003306,POL003594,2025-01-12,7552.26,OPEN
CLM0006453,POL000135,2026-02-26,62240.43,denied
CLM0003062,POL004001,2026-01-19,77551.9,DENIED
CLM0005572,POL003160,2026-05-27,52879.15,CLOSED
CLM0000346,POL004804,2026-06-06,7534.75,OPEN
CLM0005578,POL000609,2025-06-16,73581.75,OPEN
CLM0008065,POL004369,2024-09-12,60559.35,IN REVIEW
CLM0005827,POL998122,2025-05-31,59736.87,in review
CLM0007411,POL002818,2025-01-23,69826.88,IN REVIEW
CLM0003051,POL001807,2024-08-16,61985.09,OPEN
CLM0006961,POL003755,2025-11-17,9999999.99,OPEN
CLM0001333,POL000556,2026-05-03,64446.71,DENIED
CLM0008721,POL004964,2025-10-02,39163.83,CLOSED
CLM0006278,POL004820,2026-04-04,75275.04,OPEN
CLM0011524,POL002512,2025-03-05,44010.18,OPEN
CLM0002033,POL000425,2024-12-11,49269.53,IN REVIEW
CLM0007108,POL003210,2025-11-08,15232.23,IN REVIEW
CLM0008506,POL002900,2024-10-12,11065.35,IN REVIEW
CLM0007843,POL002420,2024-07-14,30134.08,CLOSED
CLM0007020,POL004889,2025-07-22,29483.76,DENIED
CLM0009425,POL002140,2025-06-28,70237.96,DENIED
CLM0005629,POL004603,2025-02-05,72950.95,IN REVIEW
CLM0010149,POL002975,2025-01-17,43080.73,DENIED
CLM0007612,POL002966,2026-01-20,32538.87,CLOSED
CLM0009595,POL004647,2025-11-24,45728.37,OPEN
CLM0005848,POL004640,2024-07-27,56887.23,CLOSED
CLM0009037,POL002992,2026-05-16,79208.5,DENIED
CLM0002520,POL000275,2025-01-10,47964.55,OPEN
CLM0007591,POL004378,2024-08-29,8974.77,DENIED
CLM0009784,POL004537,2025-10-01,39447.64,closed
CLM0011560,POL002895,2025-08-27,37663.13,OPEN
CLM0009061,POL002069,2026-03-04,36121.75,OPEN
CLM0010243,POL002635,2024-12-10,34297.3,OPEN
CLM0008041,POL000918,2025-08-17,72983.29,denied
CLM0008811,POL004677,2024-08-10,389.18,OPEN
CLM0003378,POL000390,2026-07-01,68696.07,CLOSED
CLM0002721,POL003548,2024-07-19,59312.57,DENIED
CLM0011265,POL000195,2026-07-20,33514.18,OPEN
CLM0003064,POL002624,2024-07-30,60690.7,DENIED
CLM0009184,POL960633,2025-12-14,75847.88,DENIED
CLM0009237,POL004212,2025-07-20,33993.36,IN REVIEW
CLM0002631,POL002351,2025-07-06,61888.18,IN REVIEW
CLM0003810,POL003863,2025-01-25,23271.39,CLOSED
CLM0003397,POL001504,2025-11-11,24494.98,DENIED
CLM0002470,POL001308,2025-10-29,58551.23,CLOSED
CLM0005725,POL002770,2026-01-09,7840.54,CLOSED
CLM0001319,POL004490,2024-07-03,22577.54,IN REVIEW
CLM0009721,POL004031,2024-08-25,34163.32,IN REVIEW
CLM0008400,POL001659,2026-06-07,7107.01,CLOSED
CLM0003865,POL002801,2025-12-21,38059.53,OPEN
CLM0009121,POL001789,2026-01-25,42238.93,OPEN
CLM0006357,POL000500,2025-10-29,515.66,CLOSED
CLM0002822,POL004032,2025-02-13,57882.3,IN REVIEW
CLM0004137,POL000254,2025-11-17,10176.72,DENIED
CLM0005108,POL002188,2024-12-07,57558.31,OPEN
CLM0007783,POL002858,2025-11-08,47075.09,IN REVIEW
CLM0010855,POL003698,2026-04-25,7083.19,IN REVIEW
CLM0010301,POL004157,2025-03-21,38320.63,DENIED
CLM0007352,POL001702,2024-08-29,65134.89,IN REVIEW
CLM0004580,POL002103,2026-06-17,55432.46,  OPEN 
CLM0011639,POL000102,2025-05-25,58949.74,OPEN
CLM0005811,POL004026,2024-06-22,26511.05,IN REVIEW
CLM0005567,POL002998,2025-11-20,61765.14,OPEN
CLM0003877,POL000919,2024-08-07,41103.21,OPEN
CLM0011525,POL002889,2025-12-25,61091.29,OPEN
CLM0004085,POL001647,2025-09-07,2170.28,IN REVIEW
CLM0010774,POL002008,2026-05-12,20516.25,IN REVIEW
CLM0000337,POL004337,2024-12-05,18484.69,OPEN
CLM0008384,POL001195,2026-06-15,75878.69,OPEN
CLM0011294,POL004999,2026-05-30,41328.45,IN REVIEW
CLM0009325,POL004790,2025-05-30,28229.22,CLOSED
CLM0003165,POL002778,2026-05-04,65276.43,CLOSED
CLM0001878,POL002374,2024-10-28,22771.85,OPEN
CLM0002611,POL003260,2025-05-07,14996.77,OPEN
CLM0001202,POL001423,2025-03-22,54476.22,OPEN
CLM0009845,POL001444,2026-07-06,24004.04,CLOSED
CLM0006614,POL001962,2024-06-17,62582.6,CLOSED
CLM0000554,POL002289,2024-11-25,11095.63,denied
CLM0009285,POL002201,2026-06-30,60231.0,OPEN
CLM0008347,POL004916,2025-02-16,38151.99,IN REVIEW
CLM0000625,POL004108,2025-01-10,45300.3,OPEN
CLM0000222,POL003932,2024-12-30,38887.05,IN REVIEW
CLM0010180,POL003704,2025-10-28,2669.03,CLOSED
CLM0001403,POL003349,2025-01-17,36820.58,CLOSED
CLM0011029,POL002940,2025-04-16,43984.97,OPEN
CLM0011363,POL000305,2025-05-21,5544.86,DENIED
CLM0006611,POL002253,2026-01-03,72945.53,  DENIED 
CLM0010267,POL003181,2024-09-03,49881.69,CLOSED
CLM0009060,POL001611,2026-03-21,24937.42,  IN REVIEW 
CLM0002152,POL000267,2026-06-27,58478.68,DENIED
CLM0007218,POL001122,2024-11-20,59075.07,CLOSED
CLM0010207,POL002893,2026-03-03,51700.24,DENIED
CLM0010884,POL004769,2025-11-08,72444.47,DENIED
CLM0001151,POL003701,2025-08-10,29844.8,OPEN
CLM0010212,POL004312,2026-01-13,8601.79,OPEN
CLM0006181,POL004879,2025-03-16,50212.91,IN REVIEW
CLM0007545,POL001815,2025-10-17,9999999.99,CLOSED
CLM0003835,POL001062,2024-08-15,62520.9,IN REVIEW
CLM0006095,POL004588,2024-12-26,1598.59,CLOSED
CLM0009226,POL004050,2025-01-25,31133.9,DENIED
CLM0009977,POL001159,2025-07-19,5838.43,DENIED
CLM0003776,POL003518,2026-06-28,57627.01,OPEN
CLM0001440,POL002636,2025-01-31,32468.89,CLOSED
CLM0003194,POL002494,2025-09-25,63028.84,IN REVIEW
CLM0000552,POL003562,2025-04-16,67332.79,CLOSED
CLM0009852,POL001431,2025-01-28,43418.38,OPEN
CLM0004727,POL001498,2024-06-02,76116.91,CLOSED
CLM0004115,POL001032,2026-05-31,62428.89,CLOSED
CLM0007909,POL004371,2026-01-04,75762.74,CLOSED
CLM0000565,POL002567,2024-09-10,1984.29,IN REVIEW
CLM0008103,POL002069,2025-02-22,53902.23,CLOSED
CLM0010668,POL001832,2026-05-13,74701.83,IN REVIEW
CLM0007009,POL002487,2025-10-13,40414.8,IN REVIEW
CLM0002406,POL001678,2026-04-03,71771.7,OPEN
CLM0011208,POL000630,2025-03-06,71069.65,OPEN
CLM0011442,POL004221,2025-12-27,78100.71,OPEN
CLM0001831,POL000872,2025-10-28,21713.41,OPEN
CLM0002803,POL004996,2025-09-21,14761.51,OPEN
CLM0006908,POL004160,2025-10-19,32942.77,DENIED
CLM0008499,POL003460,2025-03-18,22456.02,denied
CLM0003240,POL909202,2025-05-31,70062.63,  DENIED 
CLM0004920,POL001908,2024-06-10,57629.33,OPEN
CLM0009885,POL000117,2025-11-13,22128.94,closed
CLM0004994,POL002068,2026-03-07,20060.22,OPEN
CLM0003875,POL000741,2025-10-24,34127.69,DENIED
CLM0005794,POL003878,2026-02-14,63880.72,CLOSED
CLM0006578,POL003328,2025-04-10,3174.27,DENIED
CLM0000012,POL002161,2025-07-25,60998.76,DENIED
CLM0005478,POL004756,2025-01-25,75407.8,OPEN
CLM0005425,POL001836,2025-05-22,62482.91,OPEN
CLM0011064,POL000778,2026-04-30,63498.9,IN REVIEW
CLM0002819,POL002815,2025-06-17,74078.69,CLOSED
CLM0002211,POL001577,2025-05-09,30953.7,CLOSED
CLM0000526,POL002296,2026-05-13,44934.19,CLOSED
CLM0001366,POL002472,2025-12-26,53973.77,OPEN
CLM0001259,POL002661,2025-06-16,57191.45,IN REVIEW
CLM0002913,POL002336,2025-09-06,27895.73,IN REVIEW
CLM0010525,POL004127,2024-12-18,25753.55,OPEN
CLM0000098,POL000435,2024-06-15,62688.42,IN REVIEW
CLM0008668,POL000059,2024-06-17,43717.22,DENIED
CLM0005984,POL001770,2026-02-05,35690.89,DENIED
CLM0001321,POL000379,2024-09-03,6458.4,DENIED
CLM0009433,POL004989,2026-01-06,26634.23,IN REVIEW
CLM0010161,POL002348,2026-04-11,20582.85,IN REVIEW
CLM0003520,POL001019,2024-07-30,6259.69,IN REVIEW
CLM0000136,POL002520,2025-06-23,45571.68,IN REVIEW
CLM0007988,POL002630,2025-04-17,4685.88,CLOSED
CLM0003802,POL004848,2025-11-27,39955.67,DENIED
CLM0004164,POL002736,2025-08-06,65629.89,CLOSED
CLM0000729,POL002335,2025-01-08,77569.92,DENIED
CLM0004604,POL001992,2024-12-25,55010.41,DENIED
CLM0002597,POL004632,2025-12-31,29954.01,CLOSED
CLM0010354,POL000315,2024-09-29,10361.07,CLOSED
CLM0011438,POL001512,2025-02-19,74362.59,DENIED
CLM0009665,POL001400,2026-01-10,74045.58,DENIED
CLM0005320,POL002416,2026-01-21,70927.6,DENIED
CLM0008307,POL002253,2025-08-09,21986.1,CLOSED
CLM0010155,POL000448,2026-06-04,73242.62,IN REVIEW
CLM0008289,POL000468,2025-06-29,22778.24,OPEN
CLM0005651,POL002601,2026-04-12,8251.06,IN REVIEW
CLM0000882,POL002497,2024-11-04,31681.9,IN REVIEW
CLM0001842,POL003284,2024-07-16,32206.2,DENIED
CLM0006844,POL000032,2025-02-14,15703.51,CLOSED
CLM0010078,POL002694,2025-11-22,0,OPEN
CLM0008236,POL003850,2026-06-14,67819.32,DENIED
CLM0002150,POL004772,2025-06-25,73834.33,IN REVIEW
CLM0002127,POL004591,2024-11-08,30974.23,DENIED
CLM0003798,POL004905,2025-10-23,41386.38,OPEN
CLM0009251,POL001712,2025-09-21,50430.2,IN REVIEW
CLM0007903,POL004520,2024-12-09,59594.15,DENIED
CLM0009781,POL002721,2024-09-07,67335.05,CLOSED
CLM0004503,POL001704,2026-02-03,31744.33,IN REVIEW
CLM0000102,POL003794,2026-03-31,57356.42,OPEN
CLM0000499,POL002622,2026-02-06,15642.06,OPEN
CLM0008992,POL002852,2024-11-15,55224.95,CLOSED
CLM0008271,POL002950,2024-10-03,1854.16,OPEN
CLM0010755,POL003096,2024-06-09,63642.39,OPEN
CLM0001185,POL002976,2026-01-03,47668.64,IN REVIEW
CLM0006233,POL001447,2024-08-26,75743.12,CLOSED
CLM0001017,POL001494,2026-03-12,36676.84,OPEN
CLM0008759,POL002479,2026-03-08,45386.16,OPEN
CLM0011799,POL004277,2025-07-19,176.5,IN REVIEW
CLM0006755,POL000849,2026-02-13,-68417.9,OPEN
CLM0010571,POL000036,2025-01-09,21910.52,OPEN
CLM0007728,POL002353,2025-10-30,30509.04,OPEN
CLM0002225,POL003467,2024-11-02,39944.79,DENIED
CLM0004956,POL004130,2025-01-18,34955.84,CLOSED
CLM0001655,POL004156,2026-06-19,64162.42,OPEN
CLM0007659,POL003930,2024-07-30,26503.23,CLOSED
CLM0011204,POL000892,2025-08-27,14641.19,DENIED
CLM0000210,POL000466,2024-10-25,6761.29,IN REVIEW
CLM0003435,POL003355,2026-05-12,33436.42,CLOSED
CLM0005530,POL000624,2026-01-23,78420.11,DENIED
CLM0008622,POL002462,2025-04-27,40551.39,DENIED
CLM0003216,POL002504,2026-07-19,22233.14,DENIED
CLM0007238,POL002502,2024-09-20,41680.89,CLOSED
CLM0005878,POL001343,2025-07-11,69961.71,DENIED
CLM0004014,POL004201,2024-10-19,48524.16,IN REVIEW
CLM0003539,POL004210,2025-03-15,64636.05,IN REVIEW
CLM0008912,POL002897,2024-08-26,20647.36,DENIED
CLM0008080,POL001318,2025-08-02,54606.16,OPEN
CLM0003319,POL001271,2025-11-09,30212.98,IN REVIEW
CLM0009132,POL000831,2026-05-11,24682.2,IN REVIEW
CLM0004951,POL000117,2025-06-19,51020.24,IN REVIEW
CLM0003219,POL004150,2025-03-03,5043.95,CLOSED
CLM0005282,POL001545,2025-01-12,69264.53,OPEN
CLM0007727,POL001519,2024-06-25,64722.79,IN REVIEW
CLM0011809,POL002189,2024-10-13,42776.56,DENIED
CLM0005502,POL003784,2026-04-25,25165.13,IN REVIEW
CLM0010411,POL004990,2025-01-06,31123.69,DENIED
CLM0002305,POL003137,2026-05-07,16523.54,CLOSED
CLM0009009,POL002975,2024-10-16,17551.42,DENIED
CLM0010848,POL004057,2026-04-24,29415.99,CLOSED
CLM0000998,POL000465,2026-02-10,4710.05,IN REVIEW
CLM0007000,POL004503,2024-07-01,54060.95,DENIED
CLM0010290,POL001465,2024-09-02,60694.95,OPEN
CLM0003943,POL000981,2026-04-12,18645.08,DENIED
CLM0011937,POL002803,2025-01-22,40712.73,IN REVIEW
CLM0006821,POL001746,2024-09-27,54036.59,DENIED
CLM0007731,POL002418,2025-05-07,60488.38,IN REVIEW
CLM0001488,POL003070,2025-11-04,51680.8,IN REVIEW
CLM0001757,POL001724,2026-05-06,7355.97,IN REVIEW
CLM0008123,POL003810,2024-11-27,75704.6,OPEN
CLM0001820,POL001334,2024-11-24,67185.98,OPEN
CLM0007384,POL001732,2025-12-03,79414.53,CLOSED
CLM0009342,POL002368,2026-02-12,76254.12,DENIED
CLM0003625,POL002337,2026-05-18,56237.62,IN REVIEW
CLM0005543,POL004826,2025-08-15,25442.4,IN REVIEW
CLM0007778,POL001839,2026-04-11,63411.13,CLOSED
CLM0001669,POL001909,2024-10-21,35345.0,CLOSED
CLM0006603,POL002749,2025-03-19,63164.09,IN REVIEW
CLM0004811,POL000532,2025-05-14,23230.34,OPEN
CLM0008366,POL001816,2026-05-13,14479.16,OPEN
CLM0002759,POL004775,2026-02-07,0,DENIED
CLM0007317,POL002513,2025-10-31,45253.97,DENIED
CLM0003351,POL002403,2025-05-21,26472.76,OPEN
CLM0011056,POL001699,2025-04-24,39531.59,CLOSED
CLM0009617,POL001513,2024-12-14,26608.25,CLOSED
CLM0009635,POL001902,2025-09-21,64031.0,OPEN
CLM0000677,POL000520,2026-06-15,3852.71,IN REVIEW
CLM0010170,POL004490,2026-06-09,73996.87,CLOSED
CLM0004954,POL001397,2025-09-09,22654.51,CLOSED
CLM0004804,POL004073,2026-02-10,5751.18,IN REVIEW
CLM0001359,POL000987,2025-01-26,22721.44,CLOSED
CLM0011109,POL000960,2025-05-09,69942.27,CLOSED
CLM0004837,POL002726,2025-02-04,58548.31,DENIED
CLM0001685,POL004919,2026-03-01,17810.16,IN REVIEW
CLM0011959,POL001385,2026-05-12,7459.65,DENIED
CLM0010896,POL003877,2024-11-15,11781.2,CLOSED
CLM0009469,POL002906,2025-07-02,50229.33,IN REVIEW
CLM0009208,POL000137,2024-09-19,32473.15,OPEN
CLM0004575,POL000728,2026-06-23,67612.88,CLOSED
CLM0004232,POL003448,2025-11-18,8717.88,in review
CLM0003939,POL916845,2025-10-02,75581.56,IN REVIEW
CLM0007540,POL000735,2026-02-25,27614.89,OPEN
CLM0001076,POL000495,2025-03-23,5372.4,OPEN
CLM0002672,POL003035,2026-01-10,16085.21,IN REVIEW
CLM0010773,POL001510,2026-07-20,41603.65,OPEN
CLM0006115,POL000982,2025-12-28,57095.29,OPEN
CLM0007739,POL002320,2024-11-26,17292.04,DENIED
CLM0000397,POL000555,2026-05-12,13907.76,IN REVIEW
CLM0001130,POL002325,2026-03-12,57744.62,IN REVIEW
CLM0010917,POL001643,2024-09-25,26319.47,CLOSED
CLM0000871,POL003199,2024-07-15,32249.92,CLOSED
CLM0001597,POL003879,2026-05-26,8017.23,OPEN
CLM0011297,POL003871,2025-10-01,15391.8,OPEN
CLM0003276,POL004515,2025-05-17,27615.28,DENIED
CLM0002747,POL001064,2024-11-12,71010.14,CLOSED
CLM0005063,POL002518,2024-07-11,22134.78,DENIED
CLM0008998,POL002948,2026-05-08,25286.93,CLOSED
CLM0011093,POL003624,2025-05-06,62397.55,IN REVIEW
CLM0002351,POL003998,2026-01-22,9999999.99,DENIED
CLM0009891,POL002538,2025-06-28,14083.96,OPEN
CLM0006205,POL000633,2025-08-18,18886.16,CLOSED
CLM0007634,POL001581,2024-06-07,53869.69,CLOSED
CLM0004791,POL002156,2025-11-08,67139.41,CLOSED
CLM0006885,POL001998,2026-01-20,34166.42,CLOSED
CLM0004044,POL004757,2024-09-11,39870.24,OPEN
CLM0010930,POL001368,2026-06-25,68341.95,OPEN
CLM0005745,POL003542,2025-12-28,42377.13,IN REVIEW
CLM0003716,POL002869,2024-12-20,57257.97,DENIED
CLM0008015,POL002814,2024-10-28,13994.25,IN REVIEW
CLM0006050,POL004119,2024-10-26,55720.62,DENIED
CLM0008176,POL002004,2025-08-23,3682.74,DENIED
CLM0009903,POL002456,2026-01-05,28800.15,DENIED
CLM0008952,POL001782,2024-07-12,57288.88,CLOSED
CLM0011732,POL004151,2025-09-20,36963.89,DENIED
CLM0008962,POL000182,2024-07-13,23132.56,CLOSED
CLM0001023,POL001574,2025-01-14,33360.08,CLOSED
CLM0000859,POL001174,2025-07-08,25957.49,IN REVIEW
CLM0011009,POL000199,2025-10-20,18440.01,IN REVIEW
CLM0002158,POL001418,2026-04-12,58132.9,CLOSED
CLM0011250,POL000954,2025-01-24,78464.8,CLOSED
CLM0009408,POL001066,2025-12-22,26100.86,DENIED
CLM0002386,POL001172,2026-06-21,22448.0,CLOSED
CLM0004134,POL001246,2024-08-25,13912.18,IN REVIEW
CLM0002139,POL000468,2024-12-19,49178.35,IN REVIEW
CLM0004072,POL003124,2025-08-10,61397.9,OPEN
CLM0011912,POL002154,2024-07-06,52529.78,DENIED
CLM0011384,POL003340,2026-02-27,32030.78,OPEN
CLM0009607,POL003849,2025-07-30,35666.59,OPEN
CLM0001435,POL003648,2025-03-30,51242.59,DENIED
CLM0002614,POL002004,2024-08-21,67436.18,  CLOSED 
CLM0006909,POL004157,2024-06-04,22742.45,DENIED
CLM0011917,POL003123,2025-08-02,30701.74,CLOSED
CLM0011434,POL002304,2024-09-22,57574.84,OPEN
CLM0008023,POL003289,2025-08-21,30152.88,DENIED
CLM0008338,POL000141,2026-03-13,31773.91,IN REVIEW
CLM0007350,POL000058,2024-11-22,35676.04,open
CLM0010375,POL001111,2025-01-23,50118.37,DENIED
CLM0003885,POL004880,2026-05-13,30620.78,DENIED
CLM0003169,POL003931,2025-09-25,54273.98,DENIED
CLM0005580,POL001782,2025-10-03,30271.11,CLOSED
CLM0010088,POL001366,2024-12-04,64243.67,CLOSED
CLM0010822,POL000136,2026-06-29,16766.5,IN REVIEW
CLM0000288,POL000024,2026-01-02,27008.1,DENIED
CLM0011186,POL003495,2026-06-06,21156.11,OPEN
CLM0010732,POL000040,2025-10-09,47993.28,OPEN
CLM0008728,POL002019,2026-01-31,54180.3,CLOSED
CLM0011512,POL002162,2026-02-04,38413.05,CLOSED
CLM0001496,POL001337,0000-00-00,45131.74,CLOSED
CLM0008602,POL002489,2025-11-29,11606.03,OPEN
CLM0003528,POL004247,2024-11-02,38173.88,DENIED
CLM0008496,POL004145,2024-09-02,70289.58,IN REVIEW
CLM0006074,POL001396,2025-11-20,26663.32,OPEN
CLM0004234,POL002357,2025-08-03,68314.3,IN REVIEW
CLM0004317,POL000875,2026-01-27,62379.62,IN REVIEW
CLM0004206,POL001857,2026-03-05,451.32,DENIED
CLM0007761,POL004625,2025-01-11,12896.23,OPEN
CLM0000843,POL002024,2024-06-06,18517.91,OPEN
CLM0005325,POL004307,2025-04-02,36534.94,IN REVIEW
CLM0003366,POL002232,2026-02-26,15838.1,IN REVIEW
CLM0010996,POL000553,2025-02-27,62220.05,IN REVIEW
CLM0007333,POL004487,2024-09-18,3667.09,IN REVIEW
CLM0006333,POL002495,2025-08-02,20957.2,OPEN
CLM0003464,POL000249,2026-01-30,77033.32,IN REVIEW
CLM0003130,POL000874,2026-04-19,77923.18,DENIED
CLM0008884,POL002194,2025-11-30,14751.0,OPEN
CLM0011248,POL000010,2024-12-26,29458.11,IN REVIEW
CLM0010206,POL003335,2026-04-11,40499.6,DENIED
CLM0004102,POL002573,2025-02-26,45380.87,IN REVIEW
CLM0003812,POL000585,2024-10-01,10615.29,OPEN
CLM0006515,POL000698,2024-11-09,71047.36,CLOSED
CLM0000785,POL004483,2025-01-15,9181.2,denied
CLM0009140,POL004761,2025-06-28,59621.56,DENIED
CLM0006093,POL002032,2025-09-10,66164.66,  IN REVIEW 
CLM0006431,POL004352,2026-04-05,42665.91,DENIED
CLM0000711,POL002372,2025-12-21,17607.53,CLOSED
CLM0008681,POL003350,2026-06-16,70324.03,OPEN
CLM0001678,POL001616,2026-05-09,16204.77,OPEN
CLM0007570,POL001005,2024-12-18,53521.66,OPEN
CLM0007266,POL000685,2026-07-03,0,OPEN
CLM0002252,POL000290,2025-12-11,43935.75,IN REVIEW
CLM0004769,POL004846,2025-05-22,78869.76,IN REVIEW
CLM0002809,POL003009,2025-10-14,25599.7,OPEN
CLM0008574,POL002038,2024-11-30,72730.25,DENIED
CLM0003195,POL002178,2025-12-02,9999999.99,CLOSED
CLM0010394,POL000184,2026-06-25,7622.7,IN REVIEW
CLM0004548,POL001763,2024-09-05,70571.78,DENIED
CLM0004310,POL004950,2024-11-28,39726.59,CLOSED
CLM0001570,POL003875,2024-07-28,49167.35,CLOSED
CLM0006817,POL000074,2025-06-10,77446.7,OPEN
CLM0003393,POL002278,2024-08-08,17616.25,DENIED
CLM0007894,POL004355,2024-06-12,40677.81,CLOSED
CLM0010166,POL001554,2024-12-21,71781.35,CLOSED
CLM0001484,POL003145,2026-02-21,16284.54,OPEN
CLM0006157,POL003919,2025-11-18,44355.84,OPEN
CLM0004716,POL003330,2025-05-06,14804.1,IN REVIEW
CLM0011640,POL004550,2025-10-18,13715.26,CLOSED
CLM0005152,POL003960,2026-06-10,31482.77,DENIED
CLM0008005,POL001028,2025-09-22,53261.83,OPEN
CLM0004725,POL003264,2026-03-22,3716.15,OPEN
CLM0001081,POL001511,2026-02-18,54940.26,DENIED
CLM0010107,POL003108,2025-02-01,44243.53,DENIED
CLM0001425,POL004445,2025-06-03,66526.94,CLOSED
CLM0000787,POL000443,2025-11-28,70139.43,DENIED
CLM0001429,POL000163,2025-04-19,41247.57,DENIED
CLM0011947,POL003314,2026-03-20,9999999.99,CLOSED
CLM0005056,POL004832,2025-05-25,58360.0,DENIED
CLM0009056,POL003230,2024-11-04,40079.32,IN REVIEW
CLM0010840,POL003679,2025-04-15,34260.22,CLOSED
CLM0007832,POL001110,2025-09-19,26175.92,IN REVIEW
CLM0007287,POL002025,2026-06-14,22863.05,OPEN
CLM0000715,POL003836,2024-08-13,43053.09,CLOSED
CLM0008964,POL002949,2025-09-20,15467.26,CLOSED
CLM0011559,POL003473,2025-08-19,79513.64,DENIED
CLM0007818,POL002155,2025-08-04,58390.58,DENIED
CLM0011948,POL004985,2026-07-02,46347.97,CLOSED
CLM0006296,POL004900,2024-11-24,27557.98,CLOSED
CLM0003981,POL002341,2024-08-27,76157.16,DENIED
CLM0002947,POL973934,2026-06-22,15361.97,OPEN
CLM0008215,POL000115,2026-04-21,10917.2,OPEN
CLM0003650,POL000726,2025-08-05,64272.73,DENIED
CLM0007864,POL001912,2026-05-01,17719.29,IN REVIEW
CLM0006866,POL002853,2025-02-13,18389.68,OPEN
CLM0005737,POL001283,2026-07-19,29208.27,IN REVIEW
CLM0007453,POL001262,2025-09-23,22369.0,OPEN
CLM0010061,POL001857,2025-10-11,52162.72,DENIED
CLM0002717,POL001174,2025-03-07,31967.23,DENIED
CLM0000781,POL002651,2024-11-28,2186.76,DENIED
CLM0005107,POL001550,2024-07-02,9999999.99,IN REVIEW
CLM0006873,POL004545,2025-03-10,37864.75,IN REVIEW
CLM0003434,POL004625,2026-13-45,46865.09,OPEN
CLM0010076,POL003272,2025-04-26,63648.46,IN REVIEW
CLM0007166,POL003638,2024-07-10,25363.16,CLOSED
CLM0000529,POL004643,2026-04-24,64739.98,IN REVIEW
CLM0005963,POL002673,2024-07-11,50633.67,CLOSED
CLM0000655,POL004525,2026-06-12,71124.14,IN REVIEW
CLM0001058,POL004714,,54620.02,DENIED
CLM0002385,POL002638,2026-06-29,56827.56,OPEN
CLM0003449,POL003808,2026-04-21,29271.9,IN REVIEW
CLM0007335,POL003309,2024-10-30,17759.18,IN REVIEW
CLM0011703,POL000488,2024-11-29,6955.33,IN REVIEW
CLM0000671,POL001434,2025-04-14,74303.31,OPEN
CLM0007746,POL004512,2024-09-29,8094.94,OPEN
CLM0001507,POL001139,2025-11-13,18944.35,denied
CLM0006450,POL003422,2026-07-10,2053.58,CLOSED
CLM0001083,POL003461,2024-08-07,43806.35,CLOSED
CLM0008544,POL004735,2025-02-06,4656.31,CLOSED
CLM0008443,POL004197,2025-09-14,46774.23,DENIED
CLM0000163,POL002529,2025-07-18,14239.59,IN REVIEW
CLM0005260,POL000958,2025-08-06,48760.78,CLOSED
CLM0005706,POL004280,2025-05-07,42168.1,CLOSED
CLM0009687,POL000968,2025-12-08,39792.12,CLOSED
CLM0002960,POL001855,2024-10-31,14387.9,OPEN
CLM0004708,POL002536,2024-09-10,49000.81,CLOSED
CLM0002884,POL002463,2025-07-03,12510.16,IN REVIEW
CLM0001242,POL003330,2025-06-18,38333.09,DENIED
CLM0011104,POL004488,2024-12-06,47173.85,DENIED
CLM0006495,POL000936,2025-11-30,54961.53,IN REVIEW
CLM0001221,POL000508,2026-07-09,58838.79,DENIED
CLM0007908,POL003294,2025-01-22,54370.1,DENIED
CLM0007620,POL000552,2026-04-20,37237.7,IN REVIEW
CLM0000376,POL002553,2024-11-26,58767.36,DENIED
CLM0003773,POL003500,2025-09-12,50014.57,IN REVIEW
CLM0004312,POL004419,2026-13-45,21761.93,OPEN
CLM0003496,POL001947,2024-11-29,49532.38,CLOSED
CLM0005216,POL002853,2024-11-20,58379.33,IN REVIEW
CLM0008910,POL002242,2024-06-08,46711.12,DENIED
CLM0000197,POL002034,2025-01-16,62449.33,IN REVIEW
CLM0002837,POL000347,2025-02-11,58947.13,OPEN
CLM0009356,POL001531,2025-01-26,0,IN REVIEW
CLM0004605,POL004743,2026-07-03,27710.71,CLOSED
CLM0005010,POL000826,2025-08-19,66881.06,DENIED
CLM0004582,POL000289,N/A,32829.63,OPEN
CLM0008997,POL003689,2024-06-08,54845.0,IN REVIEW
CLM0005038,POL002123,2026-04-18,35549.76,DENIED
CLM0006448,POL004190,2026-03-06,68409.16,IN REVIEW
CLM0003362,POL000447,2024-10-04,30280.48,OPEN
CLM0003494,POL000885,2025-07-08,54370.83,OPEN
CLM0010672,POL003898,2024-08-12,73566.05,IN REVIEW
CLM0003304,POL004065,2025-06-13,28013.18,DENIED
CLM0003991,POL002101,2026-07-10,14985.94,CLOSED
CLM0003477,POL002187,2025-08-01,24918.62,CLOSED
CLM0006033,POL001388,2026-01-19,23126.93,CLOSED
CLM0006522,POL004927,2026-01-27,948.14,OPEN
CLM0001509,POL002117,2024-08-11,72310.76,  IN REVIEW 
CLM0002660,POL929229,2025-06-03,70920.25,IN REVIEW
CLM0011124,POL004628,2024-08-21,9999999.99,IN REVIEW
CLM0006154,POL002961,2025-05-25,40301.07,CLOSED
CLM0004536,POL003994,2024-11-02,30009.55,DENIED
CLM0007626,POL001786,2026-04-10,41323.17,IN REVIEW
CLM0002427,POL003811,2025-09-26,43786.92,OPEN
CLM0010390,POL001164,2024-08-27,42399.0,IN REVIEW
CLM0006026,POL000657,2025-10-15,14099.68,DENIED
CLM0011428,POL000069,2025-05-24,47799.6,CLOSED
CLM0006259,POL003565,2025-06-27,63181.16,DENIED
CLM0010536,POL000373,2024-11-30,0,  DENIED 
CLM0002998,POL003527,2025-08-23,31500.35,IN REVIEW
CLM0000915,POL003827,2025-06-30,65833.61,DENIED
CLM0008036,POL003751,2026-04-27,66545.48,CLOSED
CLM0005916,POL004462,2025-07-04,17985.93,CLOSED
CLM0007515,POL001179,2026-05-12,1403.2,CLOSED
CLM0000714,POL001820,2026-03-21,48617.18,DENIED
CLM0010408,POL001568,2024-06-23,52840.84,IN REVIEW
CLM0006197,POL000984,2025-12-30,17947.59,CLOSED
CLM0000129,POL003063,2025-07-31,64680.8,DENIED
CLM0001653,POL001777,2025-08-31,14499.92,OPEN
CLM0003367,POL002232,2026-03-27,78627.98,DENIED
CLM0000627,POL004771,2024-07-08,74316.1,OPEN
CLM0003724,POL000276,2024-08-18,48362.48,CLOSED
CLM0006849,POL000409,2026-07-19,44484.75,CLOSED
CLM0006202,POL003012,2024-12-03,53472.95,CLOSED
CLM0005048,POL004870,2025-08-22,66576.45,IN REVIEW
CLM0009979,POL002905,2026-05-24,51358.78,IN REVIEW
CLM0008390,POL002661,2025-07-06,55141.98,CLOSED
CLM0003828,POL003853,2026-04-10,272.46,DENIED
CLM0005590,POL003780,2025-12-30,46139.14,IN REVIEW
CLM0004463,POL001732,2026-04-30,30273.9,IN REVIEW
CLM0004027,POL004180,2025-11-24,-60970.27,IN REVIEW
CLM0007415,POL001862,N/A,-38749.99,DENIED
CLM0001165,POL001071,2024-07-16,18619.92,IN REVIEW
CLM0000930,POL001433,2025-12-18,4530.79,DENIED
CLM0010693,POL000572,2025-03-08,47538.21,IN REVIEW
CLM0005866,POL001468,2026-13-45,16454.56,OPEN
CLM0009451,POL002740,2026-07-05,1705.35,DENIED
CLM0007265,POL001554,2025-04-21,39475.97,OPEN
CLM0001812,POL002383,2024-12-28,25052.37,OPEN
CLM0007901,POL000702,2025-03-31,44577.48,IN REVIEW
CLM0005275,POL002777,2025-06-04,37420.19,IN REVIEW
CLM0009318,POL002498,2025-06-20,70755.42,DENIED
CLM0010490,POL003861,2025-07-01,50038.71,DENIED
CLM0005853,POL002176,2025-12-16,12245.07,OPEN
CLM0001279,POL002765,2024-06-07,48761.08,DENIED
CLM0007118,POL000467,2026-03-23,74637.26,IN REVIEW
CLM0002341,POL002167,2026-01-11,78707.75,DENIED
CLM0007702,POL004438,2024-12-11,29876.08,OPEN
CLM0007914,POL000165,2024-12-23,48207.07,DENIED
CLM0003519,POL002297,2024-11-20,27775.22,IN REVIEW
CLM0009076,POL002547,2025-07-13,47821.94,CLOSED
CLM0005373,POL004487,2024-09-25,30918.8,DENIED
CLM0001355,POL000015,2025-03-08,64800.68,IN REVIEW
CLM0007767,POL004838,2026-03-29,42162.38,CLOSED
CLM0004583,POL002236,2026-07-06,29346.84,CLOSED
CLM0007392,POL003410,2026-06-25,67767.22,DENIED
CLM0004373,POL002946,2025-11-18,64736.85,DENIED
CLM0011951,POL000392,2024-10-09,77752.41,IN REVIEW
CLM0002207,POL004162,2024-10-22,38168.05,CLOSED
CLM0011970,POL003942,2024-06-09,60721.53,DENIED
CLM0002826,POL002433,2026-05-29,8903.61,DENIED
CLM0002044,POL003834,2026-01-15,1805.49,DENIED
CLM0010960,POL002778,2026-06-09,34777.03,IN REVIEW
CLM0010809,POL001676,2024-08-23,39341.43,OPEN
CLM0008567,POL000449,2026-04-16,25891.5,IN REVIEW
CLM0006395,POL004985,2025-05-04,10996.46,OPEN
CLM0000531,POL003998,2026-03-01,4740.98,IN REVIEW
CLM0011783,POL001166,2025-12-23,45080.86,IN REVIEW
CLM0004967,POL003107,2024-08-14,40553.27,IN REVIEW
CLM0002992,POL000212,2024-08-16,52558.76,IN REVIEW
CLM0006309,POL001277,2026-03-03,70852.55,OPEN
CLM0006231,POL000865,2025-06-07,72824.6,IN REVIEW
CLM0000147,POL002863,2024-08-30,12443.2,DENIED
CLM0011989,POL001669,2025-10-23,55355.18,IN REVIEW
CLM0003338,POL003217,2025-04-17,119.96,CLOSED
CLM0009914,POL002438,2024-10-15,47562.31,OPEN
CLM0001588,POL000425,2024-12-09,-48527.79,OPEN
CLM0009637,POL004159,2025-08-31,5496.37,IN REVIEW
CLM0003037,POL003910,2025-04-18,59065.09,CLOSED
CLM0011610,POL004798,31/12/2025,22284.29,OPEN
CLM0007521,POL004660,2024-12-05,41440.52,OPEN
CLM0005869,POL000399,2025-12-31,64273.43,DENIED
CLM0006764,POL001370,2025-04-29,36840.27,OPEN
CLM0009478,POL002210,2026-01-20,1043.42,IN REVIEW
CLM0006563,POL003626,2026-03-05,28857.69,OPEN
CLM0000353,POL004624,2026-06-09,65868.86,IN REVIEW
CLM0006870,POL003032,2025-02-19,49810.15,denied
CLM0007827,POL001643,2025-10-04,32330.28,IN REVIEW
CLM0003447,POL004959,2025-12-23,69252.9,DENIED
CLM0005562,POL000525,2025-11-05,15044.43,OPEN
CLM0010951,POL000312,2026-02-21,39462.86,CLOSED
CLM0002220,POL001794,2026-01-16,16568.86,CLOSED
CLM0000480,POL002843,2025-01-06,50742.64,OPEN
CLM0006918,POL004641,2025-04-16,65353.28,DENIED
CLM0009421,POL000961,2026-04-01,64900.89,CLOSED
CLM0000041,POL000235,2025-07-05,5096.61,DENIED
CLM0011462,POL004306,2024-08-27,2356.97,IN REVIEW
CLM0006988,POL002942,2025-10-30,71081.65,IN REVIEW
CLM0004265,POL000511,2025-12-26,34735.26,DENIED
CLM0001832,POL004312,2026-07-04,51883.04,DENIED
CLM0010532,POL003348,2025-04-03,39260.67,IN REVIEW
CLM0001872,POL004186,2026-02-24,1809.13,IN REVIEW
CLM0009594,POL004916,2026-06-02,42499.92,DENIED
CLM0002354,POL004088,2025-04-14,29058.11,IN REVIEW
CLM0005732,POL003271,2025-03-08,18432.62,IN REVIEW
CLM0003028,POL004248,2024-11-29,19182.88,OPEN
CLM0011889,POL003277,2024-09-18,61596.32,OPEN
CLM0001111,POL000556,2024-10-12,64442.45,CLOSED
CLM0008149,POL001091,2025-04-28,103.04,OPEN
CLM0001301,POL002658,2024-12-10,19409.57,CLOSED
CLM0002151,POL004660,2026-05-20,30809.39,IN REVIEW
CLM0000120,POL002102,2025-03-06,70464.36,CLOSED
CLM0010587,POL002602,2026-04-21,68289.77,DENIED
CLM0005215,POL001674,2024-08-22,27744.18,IN REVIEW
CLM0010558,POL003597,2025-03-11,60998.13,DENIED
CLM0010763,POL001678,2025-05-15,21418.33,OPEN
CLM0001210,POL002907,2024-11-30,7729.71,  IN REVIEW 
CLM0003832,POL000679,2026-03-31,2321.36,DENIED
CLM0007054,POL002755,2024-12-25,52092.27,IN REVIEW
CLM0007782,POL000513,2025-09-24,69287.44,OPEN
CLM0003049,POL003762,0000-00-00,51985.06,OPEN
CLM0010902,POL001255,2025-02-24,69410.13,CLOSED
CLM0003535,POL001613,2026-03-06,50671.91,IN REVIEW
CLM0007665,POL003567,2025-06-07,18611.41,OPEN
CLM0011980,POL002561,2025-03-03,42071.87,IN REVIEW
CLM0008194,POL003781,2025-10-14,21255.78,  CLOSED 
CLM0006321,POL002224,2025-11-01,54740.74,CLOSED
CLM0005069,POL001134,2025-12-16,21526.31,OPEN
CLM0003326,POL003748,2024-06-18,32916.73,IN REVIEW
CLM0010952,POL000025,2025-01-08,65612.33,DENIED
CLM0004997,POL004582,2026-04-02,51853.52,OPEN
CLM0006851,POL002091,2026-04-08,12341.48,IN REVIEW
CLM0008135,POL001200,2024-09-17,56036.22,DENIED
CLM0011055,POL004387,0000-00-00,22881.92,DENIED
CLM0002419,POL001198,2024-12-04,64016.38,OPEN
CLM0003897,POL004098,2025-03-08,63070.2,CLOSED
CLM0001898,POL000523,2025-08-03,64612.85,OPEN
CLM0011302,POL001085,2024-07-02,31955.22,open
CLM0000983,POL002643,2024-08-27,6028.3,IN REVIEW
CLM0001861,POL003979,2025-04-12,1045.81,OPEN
CLM0003235,POL002364,2025-04-21,1760.82,IN REVIEW
CLM0003899,POL002866,2024-06-02,79302.29,IN REVIEW
CLM0008341,POL003149,N/A,70001.71,CLOSED
CLM0001156,POL000038,2026-05-21,38395.41,OPEN
CLM0004388,POL001370,2025-12-04,56382.13,IN REVIEW
CLM0009522,POL002912,2025-05-20,0,DENIED
CLM0007550,POL001757,2026-04-08,37426.41,IN REVIEW
CLM0000345,POL002543,2026-05-18,24166.94,OPEN
CLM0008922,POL004533,2025-03-15,60506.41,IN REVIEW
CLM0000253,POL000421,2024-07-19,68818.87,OPEN
CLM0007079,POL000625,2025-12-09,61061.37,CLOSED
CLM0008524,POL003734,31/12/2025,4994.83,DENIED
CLM0006274,POL004879,2025-11-27,26366.3,in review
CLM0003777,POL003232,2025-03-11,67421.65,CLOSED
CLM0004349,POL004392,2026-04-29,44556.77,IN REVIEW
CLM0008820,POL004243,2024-12-24,1286.45,DENIED
CLM0008857,POL001735,2026-03-20,820.94,  OPEN 
CLM0008816,POL002931,2025-01-19,65815.52,CLOSED
CLM0003428,POL003598,2024-09-20,36361.18,IN REVIEW
CLM0002447,POL002657,2025-04-30,40394.69,CLOSED
CLM0002037,POL002320,2025-04-28,76335.29,in review
CLM0001682,POL004318,2024-06-04,1280.58,CLOSED
CLM0011272,POL002115,2025-09-26,17032.6,IN REVIEW
CLM0005079,POL003338,2025-12-13,50090.31,CLOSED
CLM0002013,POL003066,2024-11-08,38102.09,OPEN
CLM0005951,POL003124,2025-10-22,47683.06,CLOSED
CLM0005338,POL002431,2024-07-09,9484.19,DENIED
CLM0010047,POL003674,2025-12-19,27821.32,OPEN
CLM0009552,POL002746,2025-03-18,11277.69,DENIED
CLM0004571,POL003729,2026-07-06,49441.19,DENIED
CLM0007322,POL002777,2024-11-11,66133.46,OPEN
CLM0010852,POL000008,2025-02-28,20111.31,IN REVIEW
CLM0002587,POL000883,2025-05-26,-50111.66,OPEN
CLM0000135,POL004230,2025-10-14,76355.64,DENIED
CLM0004699,POL002147,2025-10-29,51215.57,IN REVIEW
CLM0010101,POL004765,2025-05-06,2309.09,OPEN
CLM0007902,POL001016,2025-08-22,61748.45,  CLOSED 
CLM0008900,POL002252,2025-06-28,4568.06,IN REVIEW
CLM0006871,POL001692,2024-11-19,701.46,CLOSED
CLM0001525,POL000924,2026-02-25,73685.22,DENIED
CLM0008570,POL004002,2024-07-29,68314.65,OPEN
CLM0005145,POL003525,2025-06-30,1916.93,DENIED
CLM0011753,POL002300,2026-07-09,44511.11,CLOSED
CLM0001115,POL003190,2025-03-16,11455.29,IN REVIEW
CLM0002059,POL002628,2026-03-21,1094.13,IN REVIEW
CLM0009807,POL000729,2025-04-25,77803.27,CLOSED
CLM0005343,POL002439,2025-06-22,23082.17,  CLOSED 
CLM0011734,POL001213,2024-07-27,29092.53,IN REVIEW
CLM0009553,POL003098,2025-03-11,40866.31,IN REVIEW
CLM0011616,POL002078,0000-00-00,15680.32,CLOSED
CLM0001924,POL002359,2025-05-19,43917.18,IN REVIEW
CLM0005378,POL000330,2026-03-07,303.21,CLOSED
CLM0011907,POL000134,2024-12-11,69236.02,CLOSED
CLM0001243,POL003981,2026-03-12,62805.22,DENIED
CLM0006960,POL002070,2025-12-24,31733.12,CLOSED
CLM0007738,POL002984,2026-04-07,28461.24,DENIED
CLM0002257,POL002043,2025-06-24,71062.94,CLOSED
CLM0009954,POL000470,2024-07-03,10327.4,IN REVIEW
CLM0007923,POL001762,2025-08-18,71362.26,  IN REVIEW 
CLM0009254,POL001269,2025-09-04,13526.54,OPEN
CLM0005030,POL004578,2026-05-18,23802.46,DENIED
CLM0011155,POL002600,2025-06-17,70378.32,DENIED
CLM0007183,POL002065,2025-05-26,145.87,IN REVIEW
CLM0000128,POL002815,2025-09-24,24105.49,DENIED
CLM0007400,POL002747,2026-02-26,26329.98,OPEN
CLM0004886,POL002778,2026-06-19,18490.77,IN REVIEW
CLM0001990,POL001922,2025-01-15,64335.99,CLOSED
CLM0006176,POL000606,2025-02-03,1204.05,DENIED
CLM0000705,POL001516,2026-07-05,11715.95,DENIED
CLM0001252,POL000781,2025-01-13,39004.16,OPEN
CLM0009238,POL001347,2026-03-28,73244.13,OPEN
CLM0004545,POL001016,2025-07-07,53980.17,DENIED
CLM0003849,POL004905,2024-09-01,12292.16,OPEN
CLM0009817,POL004686,2026-05-15,57221.5,DENIED
CLM0007034,POL000522,2025-04-30,72055.74,OPEN
CLM0004717,POL004697,2026-05-27,67852.57,DENIED
CLM0009320,POL000367,2025-09-17,78207.34,IN REVIEW
CLM0008937,POL004759,2026-07-20,72479.8,DENIED
CLM0001962,POL000534,2024-06-14,42797.41,DENIED
CLM0004667,POL001840,2025-02-22,16977.87,IN REVIEW
CLM0002233,POL000237,2025-06-06,26115.54,CLOSED
CLM0011404,POL001233,2024-07-21,7606.48,CLOSED
CLM0005593,POL004998,2025-01-05,32585.89,IN REVIEW
CLM0003745,POL002377,N/A,9146.7,IN REVIEW
CLM0005073,POL003556,2024-08-01,18902.52,IN REVIEW
CLM0006004,POL000107,2025-07-24,67610.29,IN REVIEW
CLM0009301,POL000453,2026-05-25,48634.4,CLOSED
CLM0007517,POL002295,2024-10-02,44181.84,DENIED
CLM0003164,POL003961,2026-04-25,7973.1,OPEN
CLM0002899,POL003007,2025-04-17,3968.8,IN REVIEW
CLM0006509,POL000101,2025-02-10,61168.24,DENIED
CLM0006787,POL003618,2026-01-05,26245.34,CLOSED
CLM0005767,POL003190,2024-09-05,32317.87,CLOSED
CLM0006069,POL003868,2025-12-27,4933.6,IN REVIEW
CLM0006834,POL002957,2024-07-02,47843.72,CLOSED
CLM0009441,POL003245,2024-11-18,-64952.87,DENIED
CLM0004174,POL003674,2026-05-15,17844.26,DENIED
CLM0004295,POL938675,2024-11-01,19595.95,IN REVIEW
CLM0004824,POL000045,2026-02-09,77050.04,OPEN
CLM0002369,POL000460,2025-03-25,33576.5,OPEN
CLM0008024,POL004095,2025-11-06,66105.48,DENIED
CLM0001731,POL000742,2025-08-27,34806.03,DENIED
CLM0006405,POL002408,2024-12-08,55231.81,CLOSED
CLM0011202,POL002298,2026-05-23,50418.24,OPEN
CLM0003495,POL004403,2024-07-25,48010.57,DENIED
CLM0011742,POL003038,2025-07-12,68146.71,  OPEN 
CLM0006793,POL002279,2025-03-03,44464.26,CLOSED
CLM0009011,POL000851,2024-08-08,12521.81,CLOSED
CLM0006969,POL004248,2024-07-03,27966.1,IN REVIEW
CLM0011331,POL001590,2025-01-01,3759.27,DENIED
CLM0009319,POL000075,2025-04-13,13544.7,  DENIED 
CLM0004877,POL000864,2024-07-02,25037.55,DENIED
CLM0011369,POL002454,2025-06-25,36509.66,CLOSED
CLM0007338,POL001921,2025-11-29,8866.41,DENIED
CLM0011934,POL002465,2025-07-20,47701.95,DENIED
CLM0001914,POL001341,2025-10-12,48695.75,CLOSED
CLM0010328,POL001280,2026-07-08,54339.9,IN REVIEW
CLM0005430,POL003943,2024-09-13,67113.5,DENIED
CLM0009717,POL004066,2025-09-23,5818.21,IN REVIEW
CLM0002909,POL001440,2024-07-02,22371.85,CLOSED
CLM0008116,POL000026,2025-08-26,46381.98,CLOSED
CLM0000495,POL000273,2025-02-25,38018.42,OPEN
CLM0005719,POL001019,2026-01-22,63438.23,DENIED
CLM0007663,POL002628,2026-03-17,34526.87,CLOSED
CLM0011326,POL004427,2025-06-05,27568.34,OPEN
CLM0007742,POL003735,2024-12-22,1431.74,CLOSED
CLM0006989,POL002096,2025-03-30,68880.13,DENIED
CLM0011598,POL004440,2026-05-15,35680.8,DENIED
CLM0004506,POL004589,2024-12-28,69235.85,CLOSED
CLM0002347,POL004885,2025-10-29,-15980.76,CLOSED
CLM0007397,POL001460,2025-03-11,52222.6,OPEN
CLM0004981,POL000347,2024-09-22,77183.36,OPEN
CLM0002307,POL003832,2025-08-24,4056.06,CLOSED
CLM0000556,POL000179,2026-04-12,58520.39,DENIED
CLM0000071,POL001464,2024-07-14,66824.5,IN REVIEW
CLM0011467,POL000544,2025-02-07,62422.71,CLOSED
CLM0008186,POL002101,2026-03-09,76696.65,IN REVIEW
CLM0000698,POL001371,2024-07-12,3662.36,CLOSED
CLM0011908,POL003855,2024-10-30,7523.59,OPEN
CLM0009479,POL004625,2026-05-30,36545.25,DENIED
CLM0002553,POL004232,2026-02-02,50435.95,CLOSED
CLM0008719,POL002648,2026-04-04,22395.66,CLOSED
CLM0003415,POL003785,2026-07-17,6522.53,DENIED
CLM0002384,POL001443,2026-05-31,75803.92,IN REVIEW
CLM0002260,POL003587,2025-08-17,3215.24,OPEN
CLM0000104,POL003659,2026-05-05,54786.68,CLOSED
CLM0004195,POL001237,2026-04-08,67462.68,CLOSED
CLM0003844,POL003422,2026-06-02,21357.5,IN REVIEW
CLM0006979,POL002342,2025-02-11,21196.59,DENIED
CLM0011861,POL003889,2024-06-10,53370.82,DENIED
CLM0004439,POL004600,2025-08-28,50597.37,OPEN
CLM0003448,POL002542,2025-04-17,55461.21,OPEN
CLM0007647,POL001032,2024-11-19,12262.69,IN REVIEW
CLM0010926,POL002057,2024-06-24,51122.55,OPEN
CLM0005299,POL004997,2025-10-16,808.35,OPEN
CLM0010934,POL003930,2025-04-21,1740.61,CLOSED
CLM0010543,POL003148,2025-12-19,65345.15,IN REVIEW
CLM0009450,POL004999,2025-04-25,57416.41,DENIED
CLM0004436,POL000817,2025-10-05,22595.95,CLOSED
CLM0005895,POL000424,2026-05-17,34341.55,CLOSED
CLM0005552,POL000820,2025-08-08,44907.66,OPEN
CLM0001638,POL002539,2025-03-30,41067.47,  OPEN 
CLM0006180,POL004912,2025-10-27,43510.19,OPEN
CLM0001970,POL004759,2024-10-22,3845.96,IN REVIEW
CLM0009094,POL001811,2025-02-21,44212.03,IN REVIEW
CLM0008003,POL001135,2024-12-11,43540.09,IN REVIEW
CLM0004398,POL004783,2025-05-02,72380.87,OPEN
CLM0006000,POL002305,2025-11-28,602.53,IN REVIEW
CLM0006543,POL001100,2025-10-19,65337.92,CLOSED
CLM0001293,POL002969,2025-09-06,78296.28,DENIED
CLM0004433,POL001891,2024-09-01,13600.37,CLOSED
CLM0001749,POL003576,2026-01-17,32996.98,CLOSED
CLM0006068,POL002774,2024-09-18,69179.29,CLOSED
CLM0007796,POL001661,2025-10-17,28577.74,CLOSED
CLM0011818,POL002519,2026-13-45,45184.35,OPEN
CLM0000518,POL001263,2024-09-28,10735.63,CLOSED
CLM0005236,POL001778,2025-09-11,43474.63,CLOSED
CLM0007652,POL002474,2026-06-29,14259.99,CLOSED
CLM0007886,POL004837,2024-10-14,29975.11,OPEN
CLM0000739,POL000408,2025-04-24,14251.77,DENIED
CLM0001703,POL000137,2024-10-23,9816.83,OPEN
CLM0010379,POL002137,31/12/2025,3309.13,CLOSED
CLM0009573,POL003787,2025-07-14,4290.2,CLOSED
CLM0006981,POL000822,2024-12-16,33941.2,IN REVIEW
CLM0010172,POL004093,2025-01-17,14604.34,OPEN
CLM0007088,POL003985,2026-06-11,71474.43,CLOSED
CLM0001448,POL000142,2025-02-04,60053.0,CLOSED
CLM0009086,POL003127,2025-01-19,68072.94,IN REVIEW
CLM0007878,POL000748,2024-11-23,15213.29,DENIED
CLM0010722,POL001831,2025-11-24,63559.21,OPEN
CLM0011290,POL004357,2026-01-15,62214.04,  DENIED 
CLM0010973,POL001700,2025-06-06,33576.65,OPEN
CLM0001024,POL000384,2024-07-12,44469.62,DENIED
CLM0005718,POL001318,2024-08-21,76734.34,IN REVIEW
CLM0008928,POL001450,2025-05-15,13545.51,DENIED
CLM0007129,POL001569,2024-09-11,30900.19,CLOSED
CLM0007371,POL000087,2026-01-05,53477.41,OPEN
CLM0006222,POL002277,2024-06-20,43694.08,DENIED
CLM0001050,POL002820,2025-01-03,354.71,OPEN
CLM0009260,POL001948,2026-02-24,35395.63,DENIED
CLM0002694,POL004080,2025-02-04,23637.76,OPEN
CLM0003483,POL001435,2025-08-09,14738.87,CLOSED
CLM0009263,POL000598,2024-12-16,27345.74,OPEN
CLM0003607,POL003690,2026-02-22,62289.35,closed
CLM0005824,POL000809,2024-12-28,76027.19,DENIED
CLM0004319,POL003469,2024-06-07,31342.1,OPEN
CLM0010665,POL002231,2025-06-02,68139.95,CLOSED
CLM0010721,POL002909,2024-08-17,1399.15,IN REVIEW
CLM0001557,POL002682,2024-08-10,11157.42,OPEN
CLM0001629,POL002706,2026-01-01,76183.24,DENIED
CLM0010995,POL003690,2025-11-19,46183.0,DENIED
CLM0007604,POL004930,2025-07-03,76969.37,IN REVIEW
CLM0003176,POL004730,2025-02-11,37229.25,closed
CLM0002118,POL003233,2025-08-15,28729.63,DENIED
CLM0011726,POL000700,2025-09-24,46428.03,DENIED
CLM0002103,POL000591,2024-08-25,48104.51,IN REVIEW
CLM0002441,POL001918,2026-01-27,25026.97,OPEN
CLM0011636,POL001032,2024-11-11,57341.08,IN REVIEW
CLM0001016,POL001929,2024-09-09,72796.43,CLOSED
CLM0008625,POL000262,2025-09-14,2195.36,OPEN
CLM0006474,POL001450,2024-09-12,48400.39,OPEN
CLM0005669,POL004688,2025-04-19,74768.43,CLOSED
CLM0006715,POL003547,2025-11-06,27764.16,DENIED
CLM0000846,POL000684,2026-06-25,72525.38,CLOSED
CLM0004198,POL002523,2026-04-21,71521.56,OPEN
CLM0004771,POL000147,2025-03-02,33250.35,CLOSED
CLM0002580,POL003880,2025-01-24,21207.46,OPEN
CLM0006722,POL003710,2025-11-29,43441.35,OPEN
CLM0002505,POL004291,2026-07-19,35083.94,DENIED
CLM0008305,POL002706,2024-06-08,62539.22,DENIED
CLM0011246,POL003270,2024-06-16,61666.45,CLOSED
CLM0005361,POL001392,2025-01-17,42143.3,IN REVIEW
CLM0004890,POL001921,2024-12-28,46063.5,CLOSED
CLM0001822,POL001738,2025-08-05,2204.85,DENIED
CLM0008225,POL002272,2026-07-09,35980.21,IN REVIEW
CLM0007321,POL004822,2026-03-05,4799.58,OPEN
CLM0005191,POL000358,2026-06-11,73381.66,CLOSED
CLM0007987,POL003473,2024-11-30,71334.76,CLOSED
CLM0001547,POL000787,2025-12-12,47048.95,CLOSED
CLM0000315,POL003270,2025-09-08,37736.59,IN REVIEW
CLM0000513,POL003674,2024-07-06,73297.61,OPEN
CLM0000286,POL001542,2024-12-13,74760.74,DENIED
CLM0010263,POL002371,2024-11-28,46815.75,CLOSED
CLM0003032,POL002451,2025-02-13,26718.86,CLOSED
CLM0010205,POL004018,2024-06-11,73721.78,OPEN
CLM0008791,POL002757,2026-04-10,43915.41,OPEN
CLM0010830,POL002804,2026-02-01,17868.39,IN REVIEW
CLM0008921,POL004037,2024-11-14,2308.4,closed
CLM0004715,POL001751,2026-02-18,25066.11,  DENIED 
CLM0002502,POL000432,2024-08-12,54406.18,DENIED
CLM0002536,POL002099,2024-07-23,5397.38,IN REVIEW
CLM0005965,POL004466,2025-02-03,25433.08,DENIED
CLM0008108,POL002412,2026-03-27,-68485.25,IN REVIEW
CLM0010116,POL000809,2025-05-18,31592.95,OPEN
CLM0011068,POL001621,2025-12-29,62709.36,CLOSED
CLM0001974,POL001077,2025-02-03,66125.1,OPEN
CLM0011362,POL004871,2025-12-09,54453.0,IN REVIEW
CLM0006600,POL003081,2026-05-02,21238.08,CLOSED
CLM0003259,POL004726,2025-04-02,22874.97,DENIED
CLM0008727,POL002649,2024-07-28,18721.17,DENIED
CLM0004676,POL001312,2026-03-18,63163.54,CLOSED
CLM0008026,POL004734,2025-09-11,61673.54,in review
CLM0005029,POL004460,2025-11-11,22473.37,IN REVIEW
CLM0004023,POL002231,2025-02-15,19874.96,OPEN
CLM0002301,POL002194,2025-07-10,27611.06,CLOSED
CLM0002609,POL003527,2025-03-23,15992.53,CLOSED
CLM0003104,POL002309,2024-06-16,52831.09,IN REVIEW
CLM0008173,POL001151,2024-06-16,37720.06,IN REVIEW
CLM0001481,POL002012,2024-12-05,12271.84,CLOSED
CLM0007850,POL001254,2024-11-11,46296.16,  DENIED 
CLM0003424,POL004385,2025-10-23,39522.44,IN REVIEW
CLM0008190,POL001945,2025-03-26,22983.63,DENIED
CLM0008102,POL000399,2025-04-09,76423.36,DENIED
CLM0008594,POL000075,2025-06-18,62789.1,OPEN
CLM0000336,POL001641,2025-01-02,43909.83,CLOSED
CLM0002308,POL004515,2025-03-09,77448.71,IN REVIEW
CLM0002205,POL000580,2026-03-29,30711.87,OPEN
CLM0003970,POL000353,2025-09-10,49573.96,CLOSED
CLM0011213,POL000876,2024-06-30,30746.83,DENIED
CLM0006297,POL002989,2025-07-29,31980.86,CLOSED
CLM0007482,POL000120,2025-06-02,30384.4,CLOSED
CLM0011899,POL002221,2026-03-07,14945.03,DENIED
CLM0007732,POL004180,2025-09-10,77869.84,DENIED
CLM0007074,POL002566,2025-01-03,9213.54,OPEN
CLM0004594,POL000524,2024-07-09,13248.28,CLOSED
CLM0002550,POL003726,2026-05-28,50487.04,OPEN
CLM0009763,POL003525,2025-12-26,24421.01,OPEN
CLM0004761,POL003544,2025-06-14,37816.17,IN REVIEW
CLM0006364,POL002385,2025-05-30,69467.34,DENIED
CLM0002905,POL003308,2026-06-24,50361.72,  DENIED 
CLM0005854,POL000381,2026-13-45,31499.28,IN REVIEW
CLM0011557,POL000027,2026-05-25,73338.69,DENIED
CLM0009711,POL000187,,26999.6,OPEN
CLM0010419,POL002810,2025-09-19,73724.77,OPEN
CLM0005276,POL001151,2025-01-18,29504.45,CLOSED
CLM0010669,POL001740,2024-12-28,3066.04,DENIED
CLM0002779,POL003553,2025-08-14,79769.9,CLOSED
CLM0006122,POL001865,2025-04-19,19210.27,DENIED
CLM0007205,POL000236,2025-04-16,77356.38,DENIED
CLM0003627,POL002515,2025-10-05,19735.53,IN REVIEW
CLM0009042,POL001472,2025-05-19,-64758.18,IN REVIEW
CLM0010363,POL000547,2025-07-10,12355.74,DENIED
CLM0005199,POL001600,2024-12-23,29715.38,CLOSED
CLM0002732,POL002586,2026-06-24,1090.75,IN REVIEW
CLM0002877,POL004691,2026-06-17,55417.11,IN REVIEW
CLM0005750,POL001027,2026-03-18,13101.97,CLOSED
CLM0002445,POL002886,2026-03-24,67913.56,IN REVIEW
CLM0008948,POL000519,2025-02-20,15654.44,IN REVIEW
CLM0004283,POL001720,2026-02-05,14085.03,CLOSED
CLM0010300,POL001790,2026-04-15,5665.33,CLOSED
CLM0003305,POL004735,2025-01-30,20096.74,OPEN
CLM0005987,POL002229,2026-07-20,43644.18,OPEN
CLM0007979,POL000389,2026-06-29,21741.97,DENIED
CLM0010497,POL004332,2026-01-19,50829.26,IN REVIEW
CLM0003462,POL000669,2025-10-07,51670.79,OPEN
CLM0009971,POL000444,2025-06-23,31897.21,IN REVIEW
CLM0004301,POL001590,2026-06-22,14413.82,OPEN
CLM0009938,POL000170,2026-05-28,16268.48,IN REVIEW
CLM0007664,POL002284,2025-08-13,20665.8,CLOSED
CLM0003152,POL002947,2025-05-22,48168.64,CLOSED
CLM0011630,POL004800,2025-10-23,70266.2,  DENIED 
CLM0001343,POL000095,2026-01-13,60187.18,DENIED
CLM0008508,POL000677,2025-08-11,15614.73,IN REVIEW
CLM0005294,POL001233,2026-03-25,-15523.22,OPEN
CLM0007204,POL003289,2025-06-01,69607.25,OPEN
CLM0003913,POL001099,2025-10-18,74584.41,open
CLM0003167,POL001101,2024-08-24,58447.76,DENIED
CLM0009186,POL001073,2024-07-20,70313.82,OPEN
CLM0007940,POL000758,N/A,9999999.99,IN REVIEW
CLM0002178,POL001839,2026-05-10,67162.81,DENIED
CLM0004674,POL002234,2025-08-20,8717.35,IN REVIEW
CLM0010366,POL000959,2024-08-13,13352.21,OPEN
CLM0005520,POL003691,2025-09-13,2140.04,OPEN
CLM0008295,POL002570,2024-06-22,43730.83,DENIED
CLM0011517,POL002967,2024-07-10,53180.47,DENIED
CLM0009622,POL003276,2025-02-28,30459.76,IN REVIEW
CLM0006005,POL000612,2024-12-25,47119.11,CLOSED
CLM0000009,POL000619,2026-01-27,56089.96,closed
CLM0006629,POL001382,2026-02-07,9999999.99,  OPEN 
CLM0008601,POL000223,2026-02-04,77987.91,IN REVIEW
CLM0008960,POL002383,2026-06-27,35125.25,CLOSED
CLM0010162,POL001360,2025-07-12,7610.05,  DENIED 
CLM0011047,POL004337,2026-01-20,30368.5,CLOSED
CLM0010613,POL000664,2024-10-20,74837.99,OPEN
CLM0007179,POL001640,2026-03-28,57553.03,DENIED
CLM0002757,POL001518,2025-05-24,28868.8,  IN REVIEW 
CLM0005500,POL003392,2025-07-11,27545.54,OPEN
CLM0011045,POL004811,2026-05-15,67441.99,OPEN
CLM0008358,POL001123,2024-09-26,77691.53,IN REVIEW
CLM0007911,POL002865,2025-10-17,49218.58,DENIED
CLM0005966,POL000408,2025-03-14,13783.95,OPEN
CLM0005817,POL925515,2025-07-11,62259.3,OPEN
CLM0006843,POL001209,2025-11-28,74215.75,DENIED
CLM0002995,POL004266,2026-03-23,61298.35,OPEN
CLM0010223,POL002771,2025-07-12,42220.95,OPEN
CLM0007082,POL001927,2024-07-31,47768.84,DENIED
CLM0005044,POL004960,2024-08-12,43776.41,OPEN
CLM0006863,POL002052,2025-03-14,53332.71,IN REVIEW
CLM0009691,POL003463,2024-07-08,28559.87,IN REVIEW
CLM0011130,POL003186,2025-05-21,31172.17,IN REVIEW
CLM0003818,POL003510,2025-02-24,59406.02,IN REVIEW
CLM0004035,POL002569,2025-03-24,65401.86,DENIED
CLM0010443,POL000779,N/A,33706.6,DENIED
CLM0010262,POL004122,2026-07-03,70681.61,CLOSED
CLM0008624,POL002484,2026-02-11,7886.98,OPEN
CLM0011468,POL003664,2025-02-17,69635.87,DENIED
CLM0011893,POL003252,2024-06-20,52152.01,DENIED
CLM0000384,POL001635,2024-07-05,36542.72,DENIED
CLM0004130,POL000260,2025-07-19,45864.62,OPEN
CLM0010703,POL000306,2026-02-20,52789.02,DENIED
CLM0006630,POL002529,2024-08-27,40155.71,OPEN
CLM0011454,POL004417,2026-04-12,63747.3,CLOSED
CLM0001264,POL001099,2026-05-19,53305.96,DENIED
CLM0006794,POL001487,2025-12-07,57332.5,CLOSED
CLM0002266,POL985118,2026-03-24,17082.62,OPEN
CLM0010254,POL002793,2026-07-13,17853.1,DENIED
CLM0006262,POL004561,0000-00-00,31718.34,CLOSED
CLM0007608,POL003081,2026-03-10,76522.75,CLOSED
CLM0003780,POL000207,2026-01-22,24935.16,DENIED
CLM0006739,POL000732,2024-07-09,40376.13,  OPEN 
CLM0006126,POL004114,2025-03-09,59092.95,DENIED
CLM0002702,POL003833,2025-05-26,36807.03,IN REVIEW
CLM0001972,POL002681,2024-07-06,29433.88,CLOSED
CLM0010604,POL001723,2025-12-16,57675.92,CLOSED
CLM0001206,POL001011,2026-07-14,28254.0,CLOSED
CLM0005209,POL001428,2025-06-13,55589.05,CLOSED
CLM0006830,POL003355,2025-11-20,16678.26,CLOSED
CLM0007234,POL000928,2026-02-26,933.36,IN REVIEW
CLM0011146,POL002812,2024-11-01,62125.82,OPEN
CLM0002080,POL004697,2024-09-03,16476.36,OPEN
CLM0005134,POL001561,2025-11-11,33035.28,OPEN
CLM0003041,POL002379,2024-11-12,8497.62,IN REVIEW
CLM0009434,POL002470,2025-09-28,27023.27,IN REVIEW
CLM0001421,POL000582,2025-11-14,77104.13,OPEN
CLM0004516,POL004021,2025-05-10,56986.41,DENIED
CLM0001039,POL003905,2025-11-21,20766.4,DENIED
CLM0005370,POL001058,2025-11-17,23010.2,IN REVIEW
CLM0005773,POL003812,2025-09-10,59443.26,IN REVIEW
CLM0004123,POL004302,2026-01-25,53404.64,DENIED
CLM0007975,POL004702,2024-11-24,16702.88,OPEN
CLM0000626,POL001933,2025-01-16,27718.42,open
CLM0000929,POL000937,2025-05-25,56697.35,OPEN
CLM0000007,POL001157,2025-11-09,4123.65,CLOSED
CLM0005623,POL001752,2024-07-22,3504.92,IN REVIEW
CLM0002284,POL004104,,5713.22,DENIED
CLM0002399,POL003413,2026-03-31,57717.25,OPEN
CLM0007192,POL002726,2025-06-30,40010.19,OPEN
CLM0004887,POL000889,2026-07-05,57545.15,IN REVIEW
CLM0007697,POL003394,2025-02-06,53554.63,CLOSED
CLM0003154,POL003171,2024-12-29,36647.9,OPEN
CLM0005833,POL004788,2026-06-09,69114.73,CLOSED
CLM0011046,POL000110,2025-06-01,14226.41,IN REVIEW
CLM0002280,POL004225,2026-03-06,42275.08,CLOSED
CLM0000446,POL004742,2025-02-19,5485.36,  DENIED 
CLM0006163,POL001316,2025-08-04,51124.28,IN REVIEW
CLM0009811,POL000006,2025-02-13,28701.14,OPEN
CLM0010192,POL003533,2025-09-15,13811.0,DENIED
CLM0004918,POL001145,2025-10-05,2482.91,IN REVIEW
CLM0000272,POL000386,2025-07-17,18651.19,IN REVIEW
CLM0006733,POL003591,2026-07-08,30194.94,CLOSED
CLM0007289,POL004521,2026-05-12,59890.11,OPEN
CLM0003588,POL004803,2025-08-26,41207.83,OPEN
CLM0004389,POL001264,2025-04-24,57090.19,DENIED
CLM0000052,POL001015,2025-02-02,9999999.99,CLOSED
CLM0000434,POL003932,2025-08-03,19898.89,IN REVIEW
CLM0008851,POL001213,2026-01-22,7820.8,DENIED
CLM0007888,POL001253,2024-09-02,49452.14,OPEN
CLM0006327,POL003512,2025-07-11,4612.98,OPEN
CLM0002843,POL001477,2026-02-06,41968.51,DENIED
CLM0010542,POL003368,2026-03-20,8341.43,CLOSED
CLM0011199,POL001009,2025-05-15,51456.33,IN REVIEW
CLM0008216,POL004879,2025-10-02,57119.48,CLOSED
CLM0011704,POL002508,2025-07-26,64761.79,CLOSED
CLM0000066,POL002281,2024-11-20,67049.41,CLOSED
CLM0000028,POL982193,2025-11-12,44424.62,OPEN
CLM0004161,POL001063,2026-03-07,42226.03,IN REVIEW
CLM0011797,POL003965,2025-11-02,78036.58,OPEN
CLM0005028,POL004613,2025-09-19,78826.55,DENIED
CLM0007223,POL004491,2026-02-11,55282.29,OPEN
CLM0006418,POL001605,2025-12-26,71646.71,DENIED
CLM0002030,POL004577,2026-07-17,22857.74,OPEN
CLM0011778,POL000028,2025-01-13,60405.65,CLOSED
CLM0010827,POL002972,2026-06-17,549.88,OPEN
CLM0000684,POL001574,2024-11-27,25795.86,open
CLM0007553,POL002058,2026-01-07,16903.17,DENIED
CLM0007372,POL003386,2025-05-19,74765.13,IN REVIEW
CLM0006300,POL001720,2026-05-31,79736.23,OPEN
CLM0006691,POL001064,2025-05-15,13045.19,  OPEN 
CLM0005318,POL004270,2025-06-22,33429.18,CLOSED
CLM0001613,POL003218,,26382.01,CLOSED
CLM0004764,POL004159,2025-07-25,17728.55,DENIED
CLM0004845,POL004573,2024-09-28,205.18,IN REVIEW
CLM0000386,POL004767,2026-02-01,24858.31,OPEN
CLM0005255,POL003713,2024-06-08,11574.6,CLOSED
CLM0008855,POL002757,2026-01-09,66652.14,IN REVIEW
CLM0006586,POL004304,2025-08-10,76126.02,OPEN
CLM0010609,POL000955,2025-06-06,37376.76,CLOSED
CLM0002121,POL003502,2024-06-06,9663.26,IN REVIEW
CLM0003732,POL003105,2024-09-13,67862.99,OPEN
CLM0000525,POL000586,2026-03-15,51110.13,IN REVIEW
CLM0002377,POL003528,2025-01-03,35526.22,DENIED
CLM0006910,POL002983,2024-10-05,34849.74,OPEN
CLM0011334,POL000526,2024-07-24,8207.83,DENIED
CLM0008565,POL004700,2024-06-08,57955.05,DENIED
CLM0011383,POL002320,2026-04-07,53518.58,OPEN
CLM0001700,POL004467,2025-04-26,8239.72,CLOSED
CLM0004302,POL001345,2025-12-21,76158.05,DENIED
CLM0006458,POL001292,2025-06-12,47826.53,IN REVIEW
CLM0005283,POL003785,2026-05-30,23492.0,IN REVIEW
CLM0010647,POL004368,2026-01-08,43979.07,OPEN
CLM0005668,POL000848,2025-11-04,9887.59,OPEN
CLM0010651,POL003617,,54414.71,OPEN
CLM0008228,POL974385,2025-02-21,57817.01,DENIED
CLM0006619,POL003308,,6054.74,CLOSED
CLM0007133,POL001835,2026-03-23,59830.48,CLOSED
CLM0007225,POL003659,2024-06-17,19682.63,DENIED
CLM0003277,POL004474,2025-02-09,43840.31,OPEN
CLM0011244,POL004029,2026-03-12,49999.87,IN REVIEW
CLM0007498,POL002102,2026-06-27,7147.49,OPEN
CLM0004264,POL003508,31/12/2025,4097.57,DENIED
CLM0003736,POL000669,2025-06-03,44320.77,DENIED
CLM0001730,POL004081,2025-01-30,2661.6,DENIED
CLM0001773,POL003747,2026-02-16,35654.51,IN REVIEW
CLM0002925,POL002503,2024-06-25,30969.73,IN REVIEW
CLM0011413,POL002846,2024-07-06,40228.2,IN REVIEW
CLM0004048,POL000888,2025-04-20,19097.07,CLOSED
CLM0001879,POL000722,2026-06-01,56524.14,DENIED
CLM0004294,POL002990,2025-06-03,65855.88,IN REVIEW
CLM0004923,POL000745,2026-01-01,57429.66,CLOSED
CLM0005115,POL002799,2026-05-12,71417.11,DENIED
CLM0000061,POL004426,2025-12-05,50638.11,OPEN
CLM0000866,POL000556,2025-04-15,13098.3,DENIED
CLM0000875,POL002504,2025-09-21,22864.06,closed
CLM0003829,POL004704,2026-05-30,58716.0,IN REVIEW
CLM0008138,POL001692,2024-06-16,23141.09,OPEN
CLM0011376,POL001829,2026-03-18,64071.82,IN REVIEW
CLM0011714,POL000566,2025-09-08,59777.72,OPEN
CLM0008687,POL002124,2026-03-22,9517.58,IN REVIEW
CLM0010591,POL000888,2025-02-26,9051.93,IN REVIEW
CLM0001549,POL002594,2026-07-02,68793.56,  OPEN 
CLM0009705,POL003484,2024-09-24,77504.21,OPEN
CLM0004316,POL002103,2025-12-04,46970.4,OPEN
CLM0006187,POL000755,2025-08-03,65002.37,IN REVIEW
CLM0001122,POL004105,2025-06-04,72465.06,IN REVIEW
CLM0011031,POL003886,2025-07-18,47941.1,DENIED
CLM0004437,POL001741,2025-08-31,32047.11,OPEN
CLM0002954,POL000226,2025-03-11,60028.2,IN REVIEW
CLM0000180,POL004563,2024-08-28,7205.85,DENIED
CLM0010483,POL004102,2024-07-02,5815.41,CLOSED
CLM0006280,POL000339,2024-09-06,19974.09,OPEN
CLM0009790,POL004470,2025-06-09,31294.73,CLOSED
CLM0011449,POL002254,2026-03-20,57663.14,IN REVIEW
CLM0003274,POL002915,2024-06-05,27492.04,CLOSED
CLM0003740,POL003128,2025-06-18,27125.15,DENIED
CLM0011336,POL003188,2025-10-23,4775.2,OPEN
CLM0001223,POL000615,2025-08-30,79883.03,OPEN
CLM0000229,POL001959,2024-11-03,45367.28,DENIED
CLM0003466,POL001424,2024-06-09,16993.81,IN REVIEW
CLM0011814,POL000820,2024-12-28,21800.78,IN REVIEW
CLM0009137,POL002116,2026-06-06,22320.7,IN REVIEW
CLM0003759,POL001496,2025-10-17,33118.54,CLOSED
CLM0011077,POL001232,2026-02-23,19175.65,DENIED
CLM0011101,POL002299,2025-01-23,75467.43,IN REVIEW
CLM0004325,POL002921,2024-08-18,41181.68,OPEN
CLM0000724,POL001480,2024-07-22,21058.32,CLOSED
CLM0009884,POL004617,2024-08-13,69737.33,IN REVIEW
CLM0009605,POL004831,2026-06-21,39308.61,OPEN
CLM0005585,POL004102,2025-06-01,75897.05,CLOSED
CLM0007701,POL004961,2025-02-03,11704.77,DENIED
CLM0004521,POL001822,2025-07-08,20895.69,DENIED
CLM0010769,POL004456,2025-06-23,66144.41,CLOSED
CLM0008346,POL000353,2026-02-28,42425.92,IN REVIEW
CLM0001194,POL003084,2025-10-17,16490.67,OPEN
CLM0010241,POL001714,2025-04-12,12922.18,IN REVIEW
CLM0009490,POL003695,2025-03-12,8287.18,CLOSED
CLM0009173,POL001665,2026-07-15,32516.71,IN REVIEW
CLM0002927,POL002986,2024-08-21,59386.16,IN REVIEW
CLM0007078,POL004992,2024-06-23,71980.94,DENIED
CLM0003441,POL004285,2026-01-21,17356.58,OPEN
CLM0007759,POL004132,2025-08-27,27636.26,OPEN
CLM0006950,POL004877,2026-02-05,73499.06,IN REVIEW
CLM0003547,POL000770,2025-11-30,67451.21,CLOSED
CLM0011399,POL003741,2024-11-19,41709.46,OPEN
CLM0002948,POL002828,2025-10-15,53204.62,DENIED
CLM0003748,POL001337,2025-04-06,6633.45,CLOSED
CLM0010768,POL004611,2025-12-24,65361.11,IN REVIEW
CLM0005852,POL001337,2026-06-24,11140.4,in review
CLM0007070,POL003760,2024-08-25,28616.2,OPEN
CLM0007527,POL001318,2026-06-09,31654.61,OPEN
CLM0002745,POL003471,2025-02-28,50642.72,  DENIED 
CLM0007014,POL000473,2024-12-28,31494.39,DENIED
CLM0011457,POL002415,2024-10-01,32410.78,OPEN
CLM0008327,POL002832,2024-09-29,68040.86,CLOSED
CLM0007825,POL002289,2024-08-01,74171.85,CLOSED
CLM0000594,POL003654,N/A,20998.46,IN REVIEW
CLM0010754,POL003887,2025-05-03,52771.57,IN REVIEW
CLM0004884,POL004793,2025-03-29,22500.11,OPEN
CLM0006301,POL002737,2026-07-01,63064.91,IN REVIEW
CLM0006940,POL000653,2024-08-22,15193.04,CLOSED
CLM0003633,POL003427,2026-06-11,23042.22,DENIED
CLM0005005,POL000148,2026-05-12,58788.2,OPEN
CLM0009994,POL002637,2024-12-28,8482.02,IN REVIEW
CLM0001935,POL002710,2025-04-19,41572.94,CLOSED
CLM0006613,POL002718,2025-08-26,13951.61,IN REVIEW
CLM0002184,POL002773,2025-12-14,73718.86,DENIED
CLM0007845,POL001248,2025-12-14,36331.67,OPEN
CLM0010230,POL000700,2024-12-31,37997.8,in review
CLM0002548,POL000086,2026-06-15,56760.33,IN REVIEW
CLM0003863,POL000524,2025-01-23,38457.7,IN REVIEW
CLM0003369,POL000948,2025-06-25,9206.21,IN REVIEW
CLM0008238,POL000030,2025-01-24,18410.62,DENIED
CLM0003203,POL004955,2025-08-16,47432.06,IN REVIEW
CLM0004815,POL001375,2025-05-29,17139.91,DENIED
CLM0002896,POL003087,2025-06-02,59438.32,CLOSED
CLM0004696,POL004401,2025-03-05,24772.5,OPEN
CLM0002113,POL003036,2025-11-25,79700.11,OPEN
CLM0010686,POL002666,2024-08-06,21122.45,CLOSED
CLM0002724,POL002935,2026-02-12,16306.03,DENIED
CLM0007029,POL004930,2025-04-22,52280.72,DENIED
CLM0008144,POL004473,2026-01-19,51668.43,DENIED
CLM0008490,POL000614,2024-08-21,58570.52,IN REVIEW
CLM0002962,POL002625,2025-12-08,24053.88,DENIED
CLM0008276,POL004172,2026-01-20,31391.62,OPEN
CLM0006052,POL004417,2024-08-29,37395.77,CLOSED
CLM0005867,POL002500,2025-05-19,60406.85,OPEN
CLM0003076,POL001096,2025-09-10,72696.79,OPEN
CLM0002363,POL002172,2024-08-10,801.28,OPEN
CLM0011729,POL003368,2026-06-21,20269.53,DENIED
CLM0002460,POL004393,2025-04-24,30502.77,CLOSED
CLM0002146,POL004461,2026-02-04,25013.8,DENIED
CLM0010404,POL001560,2025-03-30,58291.78,OPEN
CLM0009143,POL003497,2026-03-04,29643.25,DENIED
CLM0008051,POL001608,2026-04-16,74686.33,OPEN
CLM0001189,POL004734,2026-04-04,8939.8,DENIED
CLM0010740,POL003551,2025-11-18,8736.5,CLOSED
CLM0011665,POL000570,2026-05-04,76639.74,CLOSED
CLM0008100,POL002545,2025-08-01,20488.87,IN REVIEW
CLM0009275,POL004072,2025-07-30,32193.52,IN REVIEW
CLM0010228,POL001961,2026-04-22,60593.26,IN REVIEW
CLM0006949,POL004994,2024-07-14,9999999.99,denied
CLM0002986,POL000586,2025-06-23,52573.11,  IN REVIEW 
CLM0009383,POL001845,2026-07-14,33105.5,open
CLM0001126,POL002585,2025-08-03,71581.42,DENIED
CLM0011548,POL001542,2026-05-10,45481.91,OPEN
CLM0011535,POL002232,2026-05-31,64711.22,CLOSED
CLM0007580,POL004900,2024-12-26,41120.92,IN REVIEW
CLM0009044,POL002222,2026-06-25,19671.39,OPEN
CLM0007661,POL003300,2026-03-20,40735.91,IN REVIEW
CLM0009703,POL003227,2026-05-01,68659.7,IN REVIEW
CLM0004968,POL004860,2025-08-29,59317.8,DENIED
CLM0004112,POL004621,2025-05-08,18019.87,DENIED
CLM0008736,POL003026,2025-08-19,24083.24,DENIED
CLM0008503,POL000757,2024-07-13,526.31,OPEN
CLM0011669,POL004205,2025-12-21,47073.15,DENIED
CLM0010331,POL004260,2025-04-01,32720.16,  CLOSED 
CLM0007227,POL004889,2025-04-05,21324.06,IN REVIEW
CLM0010096,POL003318,2025-10-13,21131.83,DENIED
CLM0003532,POL003073,2025-04-02,66280.23,DENIED
CLM0004656,POL002571,2025-12-12,3317.71,CLOSED
CLM0002279,POL002844,2025-04-01,30583.93,OPEN
CLM0008028,POL000123,2026-05-30,24968.86,OPEN
CLM0010688,POL004282,2025-10-13,13494.46,denied
CLM0002230,POL000929,2026-01-13,29220.74,DENIED
CLM0007962,POL004446,2026-06-10,47246.25,CLOSED
CLM0004465,POL000860,2025-08-05,75087.48,denied
CLM0004331,POL002189,2025-06-07,12354.64,IN REVIEW
CLM0006118,POL000476,2026-02-01,22721.4,CLOSED
CLM0011518,POL001860,2024-09-16,15598.05,OPEN
CLM0011891,POL002038,2025-02-25,44081.69,OPEN
CLM0002274,POL003416,2024-10-22,6032.5,closed
CLM0003375,POL002748,2025-01-11,20799.02,DENIED
CLM0000231,POL004977,2026-01-09,13589.68,CLOSED
CLM0005340,POL002724,2025-10-21,26757.39,IN REVIEW
CLM0002862,POL002104,2026-06-26,44369.67,in review
CLM0008016,POL004201,2025-03-17,59619.81,CLOSED
CLM0010666,POL000105,2026-07-10,70238.8,OPEN
CLM0001116,POL000625,2024-12-22,53392.81,CLOSED
CLM0005226,POL004970,2024-10-27,38679.76,DENIED
CLM0005671,POL004843,2026-03-27,68577.04,DENIED
CLM0005248,POL000024,2025-11-14,51222.51,  DENIED 
CLM0004263,POL003350,2026-13-45,19163.02,CLOSED
CLM0006422,POL004681,2025-06-27,20217.4,DENIED
CLM0007171,POL004740,2025-05-29,65303.73,OPEN
CLM0002714,POL914296,2025-05-19,53736.81,IN REVIEW
CLM0006150,POL002751,2025-02-10,2738.88,CLOSED
CLM0004814,POL002967,2025-11-26,31166.93,CLOSED
CLM0002076,POL003510,2026-06-26,9999999.99,OPEN
CLM0000763,POL004758,2025-12-02,52568.72,OPEN
CLM0008222,POL002030,2025-08-03,40548.38,  OPEN 
CLM0011161,POL004567,2026-01-22,35685.44,CLOSED
CLM0002255,POL004301,2024-10-23,7638.61,OPEN
CLM0001364,POL000870,2026-07-10,47607.49,IN REVIEW
CLM0011813,POL004093,2025-07-30,78207.4,IN REVIEW
CLM0008380,POL001948,2026-05-29,65897.15,OPEN
CLM0010783,POL001981,2026-02-16,63969.88,IN REVIEW
CLM0009412,POL004116,2026-05-18,11943.14,OPEN
CLM0001946,POL001555,2025-09-30,35436.84,OPEN
CLM0001244,POL000234,2024-11-07,28925.6,DENIED
CLM0000880,POL002329,2024-06-18,59945.05,OPEN
CLM0006444,POL000738,2024-08-04,24920.46,IN REVIEW
CLM0001689,POL954391,2026-02-04,77809.92,IN REVIEW
CLM0001501,POL001554,2024-07-19,35286.56,OPEN
CLM0004333,POL002907,N/A,42007.62,CLOSED
CLM0011981,POL001125,2025-03-13,29780.11,IN REVIEW
CLM0010813,POL002256,2025-01-21,44507.31,OPEN
CLM0006107,POL001661,2026-06-08,52306.77,IN REVIEW
CLM0005147,POL003789,2024-10-08,15036.12,DENIED
CLM0005116,POL004735,2025-01-04,15874.71,OPEN
CLM0002186,POL001674,2026-02-10,8781.53,CLOSED
CLM0009085,POL002127,2026-05-14,58734.63,CLOSED
CLM0002051,POL002533,2025-10-22,846.5,CLOSED
CLM0002201,POL001578,2024-07-10,79404.28,CLOSED
CLM0003531,POL001785,2024-09-03,11747.77,CLOSED
CLM0010715,POL002171,2026-04-30,72815.86,DENIED
CLM0008612,POL000562,2024-06-10,53290.03,DENIED
CLM0010421,POL003763,2025-11-01,3204.89,IN REVIEW
CLM0009403,POL000234,2026-03-07,31726.27,open
CLM0001274,POL004306,2024-10-12,77118.32,IN REVIEW
CLM0009392,POL002737,2025-08-04,68509.47,CLOSED
CLM0005501,POL001343,2025-09-23,74446.5,DENIED
CLM0001021,POL003581,2026-02-08,72953.65,DENIED
CLM0004233,POL004855,2024-12-04,26506.42,CLOSED
CLM0011360,POL000119,2026-01-14,12589.85,CLOSED
CLM0000632,POL004103,2025-10-10,22464.22,OPEN
CLM0011496,POL003639,2025-10-26,39630.26,CLOSED
CLM0008734,POL004169,2025-04-20,39804.67,DENIED
CLM0005777,POL002043,2024-11-18,17912.84,IN REVIEW
CLM0003552,POL004812,2026-03-03,43219.41,OPEN
CLM0011660,POL003450,2024-06-11,46534.86,OPEN
CLM0010222,POL003997,2025-07-27,36706.47,DENIED
CLM0004091,POL001477,2025-12-01,28810.51,OPEN
CLM0010071,POL002616,2025-09-24,301.85,IN REVIEW
CLM0007559,POL002219,31/12/2025,2485.77,DENIED
CLM0002310,POL004544,2026-05-07,35871.31,OPEN
CLM0010723,POL001503,2026-04-29,26096.91,CLOSED
CLM0003942,POL004139,2024-11-20,27640.26,DENIED
CLM0009531,POL002569,2024-11-14,13690.15,OPEN
CLM0000037,POL004703,2025-03-15,31516.35,in review
CLM0007200,POL003832,2025-02-13,49083.3,OPEN
CLM0009033,POL004853,2024-07-26,58453.42,OPEN
CLM0009439,POL002928,2024-08-21,666.78,IN REVIEW
CLM0008291,POL003701,2026-05-03,35946.42,IN REVIEW
CLM0010586,POL001109,2026-05-03,18656.7,OPEN
CLM0000332,POL004739,2025-09-26,17064.16,IN REVIEW
CLM0005194,POL001113,2026-05-17,53229.98,IN REVIEW
CLM0003086,POL001232,2024-08-08,9077.37,OPEN
CLM0011094,POL000234,2024-07-25,-18032.36,DENIED
CLM0003643,POL004322,0000-00-00,12219.85,DENIED
CLM0006218,POL004344,2026-04-25,72811.99,DENIED
CLM0002312,POL001475,2026-04-22,29436.65,DENIED
CLM0005831,POL003223,2024-06-13,61149.2,CLOSED
CLM0002601,POL001377,2025-10-21,24145.17,DENIED
CLM0000276,POL000950,2025-11-17,9082.86,IN REVIEW
CLM0009788,POL002203,2025-11-19,44806.01,CLOSED
CLM0004099,POL001062,2025-04-21,53165.45,IN REVIEW
CLM0006466,POL002952,2026-07-10,37543.19,DENIED
CLM0010904,POL004504,2025-10-23,42386.74,CLOSED
CLM0007725,POL004536,2025-10-16,11067.02,CLOSED
CLM0002851,POL004872,2025-01-21,73984.88,CLOSED
CLM0010970,POL000243,2026-01-03,66609.8,closed
CLM0007057,POL004551,2024-08-11,60379.94,OPEN
CLM0000858,POL003291,2025-03-29,77103.42,DENIED
CLM0003708,POL002526,2025-05-21,67445.85,DENIED
CLM0000722,POL001634,2026-07-11,42069.33,OPEN
CLM0009773,POL004180,2026-02-26,55102.85,CLOSED
CLM0007076,POL000260,2025-01-07,17541.91,IN REVIEW
CLM0003525,POL003921,2026-04-04,74979.64,IN REVIEW
CLM0003931,POL003597,2025-04-30,9061.46,OPEN
CLM0005560,POL000056,2025-06-23,47685.08,DENIED
CLM0003597,POL002928,2024-09-21,10645.6,DENIED
CLM0009438,POL001132,2024-06-14,39559.39,DENIED
CLM0000205,POL002833,2025-04-10,59296.67,OPEN
CLM0011786,POL003318,2025-09-04,36440.5,OPEN
CLM0008480,POL002791,2024-06-16,9995.36,CLOSED
CLM0005655,POL001288,2026-02-04,77463.88,CLOSED
CLM0009823,POL004970,2024-12-25,38628.95,IN REVIEW
CLM0004903,POL003241,2025-08-01,7636.44,OPEN
CLM0011276,POL003686,2025-11-10,15509.94,DENIED
CLM0008923,POL003929,2024-06-08,43052.41,IN REVIEW
CLM0011032,POL001643,2026-03-25,16547.48,IN REVIEW
CLM0000240,POL001737,2025-03-19,41902.47,DENIED
CLM0008635,POL000996,2026-04-07,67420.78,IN REVIEW
CLM0006649,POL002843,2026-05-03,9724.03,DENIED
CLM0001691,POL003321,2025-02-02,67524.04,open
CLM0000214,POL000858,2025-07-13,79391.13,OPEN
CLM0003582,POL000494,2026-04-10,72779.21,IN REVIEW
CLM0001987,POL002320,31/12/2025,25796.9,IN REVIEW
CLM0007123,POL001513,2024-08-01,20564.34,  IN REVIEW 
CLM0000393,POL002660,2024-08-23,7115.53,CLOSED
CLM0008201,POL000450,2026-01-25,11553.56,CLOSED
CLM0007022,POL002388,2024-08-29,43060.66,DENIED
CLM0010255,POL003326,2025-05-06,20760.08,CLOSED
CLM0007358,POL002471,2026-01-25,36051.46,IN REVIEW
CLM0009668,POL000566,2026-06-14,22758.09,OPEN
CLM0008124,POL003152,2025-04-03,28679.32,OPEN
CLM0007443,POL003951,2025-01-08,23941.76,IN REVIEW
CLM0007375,POL001406,2025-10-07,33052.37,CLOSED
CLM0010564,POL004526,2025-06-03,59688.61,OPEN
CLM0008172,POL001278,2025-10-04,67632.89,IN REVIEW
CLM0000285,POL000570,2025-04-30,9999999.99,OPEN
CLM0003275,POL003635,2025-10-15,49670.92,OPEN
CLM0002709,POL003935,2024-09-06,61353.49,CLOSED
CLM0008396,POL004877,2026-07-06,2689.99,IN REVIEW
CLM0009795,POL003394,2025-09-27,18990.15,IN REVIEW
CLM0003671,POL004608,2024-10-06,20229.28,IN REVIEW
CLM0006400,POL003143,2025-03-08,45883.86,CLOSED
CLM0007279,POL000764,2026-05-30,14763.12,IN REVIEW
CLM0011327,POL002383,2025-07-28,78836.99,DENIED
CLM0006192,POL001673,2024-10-30,75936.42,OPEN
CLM0000200,POL001274,2025-01-02,6600.45,CLOSED
CLM0011245,POL002927,2025-09-09,58041.9,DENIED
CLM0009052,POL001919,2025-06-28,57687.09,in review
CLM0003444,POL003500,2025-09-26,69410.43,CLOSED
CLM0002132,POL002804,2026-04-15,42562.59,CLOSED
CLM0001176,POL004195,2026-04-10,68487.89,IN REVIEW
CLM0008606,POL000675,2025-01-20,22027.78,CLOSED
CLM0002083,POL001890,2024-12-21,63158.51,DENIED
CLM0004960,POL002863,2024-08-29,59438.39,CLOSED
CLM0005397,POL003785,2025-07-10,45326.98,CLOSED
CLM0010790,POL003700,2024-06-12,61998.12,OPEN
CLM0000092,POL004419,2025-06-27,40490.75,IN REVIEW
CLM0002663,POL002022,2024-07-19,49489.43,  OPEN 
CLM0006582,POL980034,2025-08-11,16740.15,DENIED
CLM0006778,POL001522,2025-05-26,15522.79,CLOSED
CLM0004273,POL004835,2025-08-04,44390.66,CLOSED
CLM0009326,POL004668,2024-07-22,32746.42,DENIED
CLM0002053,POL000586,2024-06-28,69524.16,CLOSED
CLM0005350,POL002165,2026-02-03,22897.29,IN REVIEW
CLM0010832,POL002066,2025-10-08,58705.19,CLOSED
CLM0010733,POL002158,2024-11-05,23120.12,IN REVIEW
CLM0004476,POL004845,2025-01-11,38261.09,DENIED
CLM0007787,POL003497,2026-07-20,52492.63,IN REVIEW
CLM0001516,POL000770,2024-10-23,79344.41,IN REVIEW
CLM0010853,POL001623,2024-07-03,53682.75,OPEN
CLM0011574,POL003970,2026-04-14,53986.09,DENIED
CLM0000154,POL002261,2025-06-13,9576.81,DENIED
CLM0009400,POL001543,2025-06-03,16992.75,OPEN
CLM0010219,POL001594,2025-04-29,49692.56,OPEN
CLM0008156,POL004244,2025-04-24,72136.41,IN REVIEW
CLM0009906,POL003154,2025-12-01,68509.06,CLOSED
CLM0007891,POL003109,2026-03-18,66863.67,CLOSED
CLM0007440,POL001375,2025-09-25,79778.72,CLOSED
CLM0002155,POL000761,2024-10-21,40502.47,DENIED
CLM0000734,POL999276,2025-09-02,67510.91,DENIED
CLM0004611,POL001308,2024-07-16,41816.07,CLOSED
CLM0006060,POL002850,2025-08-17,63550.81,OPEN
CLM0006253,POL001580,2024-10-22,48761.78,IN REVIEW
CLM0009940,POL002999,2024-12-12,33549.41,CLOSED
CLM0000742,POL004794,2026-02-18,16362.08,DENIED
CLM0002128,POL000887,2025-04-21,21211.6,OPEN
CLM0002212,POL004315,2025-09-28,8870.39,IN REVIEW
CLM0011576,POL002986,2024-12-12,52681.19,CLOSED
CLM0000973,POL004432,2024-12-12,39199.26,CLOSED
CLM0005162,POL004955,2025-05-20,149.82,IN REVIEW
CLM0005686,POL001101,2024-11-14,68852.07,OPEN
CLM0011965,POL002589,2024-12-26,11146.65,DENIED
CLM0009685,POL003517,2024-12-18,45841.56,DENIED
CLM0001012,POL004744,2025-05-06,15449.19,OPEN
CLM0008106,POL001520,2024-12-27,55661.87,CLOSED
CLM0011286,POL000448,2024-08-16,68197.17,OPEN
CLM0005422,POL003193,2024-10-13,59410.25,OPEN
CLM0000949,POL003056,2025-06-07,57442.64,  OPEN 
CLM0003097,POL003681,2025-02-28,30818.05,CLOSED
CLM0001424,POL001498,2026-02-10,24676.16,OPEN
CLM0005765,POL001952,2025-11-03,71078.31,DENIED
CLM0005136,POL001702,2025-03-10,5754.01,CLOSED
CLM0006480,POL004601,2024-06-22,22876.8,IN REVIEW
CLM0008008,POL000884,2025-06-02,40784.75,OPEN
CLM0002105,POL004072,2025-10-09,7890.64,OPEN
CLM0001840,POL003327,2025-07-16,11429.55,DENIED
CLM0007377,POL001096,2025-11-04,65899.28,OPEN
CLM0002512,POL000888,2025-09-04,27708.49,DENIED
CLM0003728,POL001083,2024-08-21,27392.54,OPEN
CLM0010574,POL001910,2024-08-11,15204.92,in review
CLM0001514,POL002254,2024-10-28,37789.43,OPEN
CLM0000614,POL000800,2026-01-15,25049.5,CLOSED
CLM0006827,POL945211,2025-06-09,13449.61,CLOSED
CLM0008825,POL004611,2025-01-26,35055.59,DENIED
CLM0002596,POL001902,2024-08-21,21222.52,open
CLM0000775,POL004662,2026-04-16,37733.8,CLOSED
CLM0006225,POL003196,2024-09-16,66112.98,IN REVIEW
CLM0007001,POL002919,2024-07-29,25420.06,CLOSED
CLM0010369,POL000978,2025-02-14,52438.29,IN REVIEW
CLM0000014,POL003505,2024-09-15,18688.23,OPEN
CLM0001807,POL000017,2024-09-29,55622.61,DENIED
CLM0005763,POL004076,2024-07-29,12534.71,CLOSED
CLM0005772,POL001573,2026-01-09,35335.7,IN REVIEW
CLM0005423,POL002942,2026-05-25,32277.02,OPEN
CLM0010285,POL004730,2024-08-14,9279.69,CLOSED
CLM0005176,POL004924,2025-05-14,4928.53,DENIED
CLM0007040,POL001471,2026-05-14,21011.35,DENIED
CLM0002114,POL004017,2025-07-04,62800.92,IN REVIEW
CLM0008046,POL003378,2025-12-12,28230.1,CLOSED
CLM0008587,POL001975,2025-08-06,41087.07,IN REVIEW
CLM0004050,POL002194,2024-09-26,64735.12,IN REVIEW
CLM0003629,POL003471,2024-10-02,9524.4,DENIED
CLM0001089,POL004768,2026-01-13,51835.22,OPEN
CLM0003512,POL000060,2026-04-08,23173.11,OPEN
CLM0004189,POL000713,2026-06-18,22635.24,IN REVIEW
CLM0000155,POL000347,2024-06-20,55895.26,OPEN
CLM0004303,POL002875,2025-07-17,65603.48,CLOSED
CLM0007470,POL001200,2026-02-04,7196.23,OPEN
CLM0009879,POL002034,2025-02-20,33410.97,OPEN
CLM0005230,POL004161,2026-03-03,63708.74,OPEN
CLM0002490,POL003638,2025-08-23,69838.27,OPEN
CLM0006227,POL991418,2024-09-17,30269.2,DENIED
CLM0000851,POL003223,2024-06-11,71464.05,IN REVIEW
CLM0002316,POL002913,2026-07-20,33929.61,CLOSED
CLM0001486,POL002298,2026-05-02,61851.06,CLOSED
CLM0004379,POL001404,2025-10-16,57314.34,CLOSED
CLM0002737,POL002317,2026-02-25,55138.81,IN REVIEW
CLM0003056,POL001534,2024-12-21,31092.04,CLOSED
CLM0003142,POL000987,2025-11-16,57090.7,CLOSED
CLM0006957,POL001715,2025-07-29,57206.25,IN REVIEW
CLM0000465,POL002555,2025-12-24,1995.95,IN REVIEW
CLM0001537,POL002711,2026-02-05,57640.07,OPEN
CLM0008887,POL002589,2026-01-24,62392.74,OPEN
CLM0010286,POL002302,2025-12-26,79512.36,CLOSED
CLM0008393,POL001464,2024-10-02,40937.72,CLOSED
CLM0000348,POL001084,2025-04-27,17003.78,CLOSED
CLM0007501,POL000072,2025-08-01,68056.4,IN REVIEW
CLM0003989,POL004053,2025-04-11,78869.3,IN REVIEW
CLM0001028,POL004448,2024-08-07,17182.95,DENIED
CLM0000888,POL003299,2025-07-09,17327.6,IN REVIEW
CLM0008204,POL001713,2025-06-22,33633.7,DENIED
CLM0004925,POL004558,2025-04-27,26564.34,DENIED
CLM0006392,POL004713,2026-06-01,44923.77,OPEN
CLM0008802,POL001551,2026-03-09,48414.96,CLOSED
CLM0007260,POL001728,2025-10-22,28749.35,CLOSED
CLM0009584,POL000703,2025-06-03,964.1,CLOSED
CLM0000764,POL003394,2025-02-23,56526.48,CLOSED
CLM0006258,POL002293,2024-10-07,28548.08,IN REVIEW
CLM0010440,POL002266,2025-08-05,4753.9,CLOSED
CLM0006023,POL000289,2026-01-03,46510.77,IN REVIEW
CLM0005828,POL001675,2026-04-11,4612.81,CLOSED
CLM0008501,POL001992,2026-03-09,453.71,DENIED
CLM0003600,POL003417,2024-12-29,63755.95,OPEN
CLM0001604,POL000642,2025-09-13,79677.02,OPEN
CLM0005710,POL002061,2024-09-20,46567.58,CLOSED
CLM0011037,POL003999,2024-11-13,54608.53,open
CLM0002572,POL004686,2025-05-15,4540.49,OPEN
CLM0008630,POL000864,2024-07-29,79402.57,OPEN
CLM0004938,POL002739,2025-06-06,71633.84,IN REVIEW
CLM0009873,POL002966,2024-06-27,38735.07,OPEN
CLM0008561,POL002513,2026-07-01,4554.56,OPEN
CLM0001292,POL004255,2025-02-10,33790.45,IN REVIEW
CLM0001849,POL001182,2026-03-16,17170.59,OPEN
CLM0002767,POL001418,2024-08-05,19828.24,IN REVIEW
CLM0003964,POL002475,2024-12-10,72951.1,  DENIED 
CLM0001196,POL002733,2024-06-21,74802.68,OPEN
CLM0011940,POL004136,2025-02-03,32578.61,CLOSED
CLM0005702,POL004136,2025-11-01,44387.0,  IN REVIEW 
CLM0001417,POL003847,2024-06-29,50335.15,CLOSED
CLM0008244,POL004484,2026-04-01,9999999.99,DENIED
CLM0002085,POL001401,2025-05-31,63171.48,DENIED
CLM0006494,POL003981,2026-04-01,11391.29,OPEN
CLM0007215,POL002530,2024-07-03,9900.5,open
CLM0007935,POL002386,2025-12-02,78318.18,closed
CLM0004514,POL002574,2024-06-13,61549.49,OPEN
CLM0009657,POL000591,2025-10-25,5568.6,CLOSED
CLM0004318,POL002216,2024-08-30,9302.53,CLOSED
CLM0000664,POL004584,2024-08-16,47974.16,DENIED
CLM0005503,POL003243,2024-12-07,1935.51,  OPEN 
CLM0008413,POL000145,2024-08-27,28286.22,IN REVIEW
CLM0002507,POL003294,2024-11-08,49786.48,OPEN
CLM0011188,POL004461,2024-12-23,29140.25,  IN REVIEW 
CLM0005888,POL001556,2025-07-20,48077.5,OPEN
CLM0003568,POL003432,2025-12-30,9766.83,OPEN
CLM0004329,POL003552,2024-07-27,27399.63,IN REVIEW
CLM0005891,POL001927,2024-07-13,73114.27,OPEN
CLM0003741,POL000259,2025-12-20,47431.56,CLOSED
CLM0003947,POL002596,2025-10-08,22728.67,CLOSED
CLM0011066,POL004527,2024-08-15,30320.61,OPEN
CLM0002325,POL001184,2026-04-11,18068.07,CLOSED
CLM0005588,POL002024,2025-12-23,53708.68,CLOSED
CLM0004120,POL000037,2026-07-17,16403.06,DENIED
CLM0003270,POL000894,2025-04-26,76272.4,IN REVIEW
CLM0006167,POL003897,2025-01-05,40737.09,OPEN
CLM0000076,POL000276,2025-09-08,11484.99,IN REVIEW
CLM0010800,POL000460,2026-05-12,15293.71,OPEN
CLM0001256,POL000096,2024-11-01,35171.13,DENIED
CLM0002706,POL004088,2024-11-28,59849.74,OPEN
CLM0002001,POL002391,2025-02-14,41781.14,CLOSED
CLM0011705,POL001518,2025-01-27,76624.28,OPEN
CLM0006226,POL004662,2025-06-29,11100.33,OPEN
CLM0010959,POL000151,2025-02-04,5645.64,OPEN
CLM0000967,POL003880,2024-07-25,38604.67,DENIED
CLM0005334,POL000628,2025-07-15,18062.36,CLOSED
CLM0001066,POL003963,2024-11-25,72902.87,CLOSED
CLM0009982,POL000712,2024-08-29,1794.65,CLOSED
CLM0007863,POL000678,2025-12-01,34249.33,DENIED
CLM0006388,POL002601,2026-04-07,58103.77,IN REVIEW
CLM0003962,POL002726,2024-08-29,32788.03,CLOSED
CLM0007640,POL004636,2025-01-11,41596.48,DENIED
CLM0003591,POL004206,2026-02-22,53187.8,IN REVIEW
CLM0004577,POL001566,2024-08-12,57206.76,DENIED
CLM0005615,POL000695,2025-12-21,41314.15,IN REVIEW
CLM0003311,POL001850,2025-05-08,23476.65,IN REVIEW
CLM0000770,POL003641,2025-08-29,78041.34,IN REVIEW
CLM0004327,POL001969,2026-06-10,59531.51,CLOSED
CLM0010311,POL004014,2025-09-26,34012.88,open
CLM0005982,POL001873,2024-07-22,25023.35,CLOSED
CLM0006974,POL000466,2026-03-18,22757.66,IN REVIEW
CLM0006455,POL000644,2024-12-22,55160.91,CLOSED
CLM0000924,POL004230,2026-04-24,25048.38,CLOSED
CLM0008075,POL004698,2026-04-07,62494.19,OPEN
CLM0003510,POL001671,2024-09-05,38217.36,IN REVIEW
CLM0007672,POL000397,2024-12-24,55092.74,open
CLM0003963,POL002133,2025-04-10,40073.44,OPEN
CLM0010345,POL000976,2025-06-08,74230.72,DENIED
CLM0009696,POL000665,2025-04-03,61936.07,denied
CLM0010637,POL001756,2024-09-21,43720.68,IN REVIEW
CLM0010590,POL002130,2025-08-31,64561.58,CLOSED
CLM0004154,POL004696,2025-04-22,13361.87,IN REVIEW
CLM0004101,POL000334,2024-12-01,36085.05,DENIED
CLM0001979,POL003299,2024-08-29,19320.16,OPEN
CLM0001944,POL003857,2025-10-09,40458.81,OPEN
CLM0003742,POL002603,2025-03-22,699.24,IN REVIEW
CLM0000481,POL003784,2025-09-07,29149.9,DENIED
CLM0007539,POL003895,2024-08-02,38404.17,IN REVIEW
CLM0000226,POL001675,2024-07-21,11668.07,OPEN
CLM0010450,POL000033,2025-12-30,46614.44,CLOSED
CLM0005174,POL001027,2024-11-24,9981.41,IN REVIEW
CLM0008148,POL000993,2025-05-09,59383.01,IN REVIEW
CLM0008683,POL004831,2024-06-30,32361.04,  OPEN 
CLM0011023,POL003461,2024-10-06,64846.61,IN REVIEW
CLM0004600,POL003418,2025-08-12,38442.06,DENIED
CLM0001228,POL001081,2025-11-20,32220.67,closed
CLM0004818,POL004954,2026-06-13,20778.94,DENIED
CLM0000249,POL000227,2025-05-21,72938.09,OPEN
CLM0001174,POL002322,2024-09-28,69041.13,DENIED
CLM0003113,POL004814,2025-09-13,44571.42,CLOSED
CLM0007954,POL001764,2024-08-27,28523.55,OPEN
CLM0000281,POL002176,2026-06-22,77229.62,OPEN
CLM0004196,POL003815,2025-01-24,50762.29,in review
CLM0007631,POL002522,2026-04-03,74977.31,CLOSED
CLM0011839,POL000452,2025-01-18,71831.39,DENIED
CLM0004932,POL000536,2025-07-29,42304.73,IN REVIEW
CLM0001628,POL002428,2025-03-24,39279.1,OPEN
CLM0003834,POL001338,2024-10-15,8413.37,IN REVIEW
CLM0000351,POL001752,2024-11-12,20500.63,DENIED
CLM0003523,POL002861,2025-06-01,33050.71,DENIED
CLM0006149,POL002954,2024-10-12,43115.5,IN REVIEW
CLM0000339,POL004904,2025-06-01,65386.56,DENIED
CLM0000694,POL001677,2025-05-28,55804.97,IN REVIEW
CLM0010772,POL003575,2024-08-16,57905.42,IN REVIEW
CLM0004660,POL001612,2024-06-02,7938.32,denied
CLM0010021,POL003733,2026-04-13,52243.62,IN REVIEW
CLM0011164,POL002948,2025-07-19,8477.77,IN REVIEW
CLM0001239,POL001184,2026-07-09,7790.96,DENIED
CLM0005224,POL002160,2026-06-07,33605.17,CLOSED
CLM0004435,POL002059,2026-07-16,0,DENIED
CLM0009220,POL002922,2024-11-11,30521.41,in review
CLM0002356,POL001974,2025-09-17,56854.56,IN REVIEW
CLM0007587,POL002408,2025-11-11,3846.6,CLOSED
CLM0000204,POL000561,N/A,66619.56,CLOSED
CLM0009743,POL001692,2025-04-19,56507.88,DENIED
CLM0007784,POL001524,2024-10-09,0,DENIED
CLM0007090,POL001049,2025-05-19,31664.59,OPEN
CLM0005489,POL983781,2026-04-30,9147.25,DENIED
CLM0004406,POL000900,2024-12-11,20267.7,IN REVIEW
CLM0000602,POL002407,2025-02-09,64125.07,DENIED
CLM0011126,POL001130,2025-11-11,8184.95,IN REVIEW
CLM0000461,POL001503,2025-11-10,14958.99,CLOSED
CLM0005897,POL000127,2025-03-24,74142.58,CLOSED
CLM0001502,POL003070,2025-10-09,77734.67,IN REVIEW
CLM0001384,POL002921,2024-08-20,58764.84,DENIED
CLM0009842,POL004108,2026-07-04,58978.19,DENIED
CLM0010787,POL004282,2026-05-26,39940.92,CLOSED
CLM0000951,POL002782,2026-07-07,48185.31,IN REVIEW
CLM0006550,POL001760,2025-05-03,11889.55,DENIED
CLM0005935,POL002072,2025-09-12,33973.28,IN REVIEW
CLM0008510,POL002628,2026-06-30,25590.92,IN REVIEW
CLM0003029,POL002493,2026-04-19,27036.82,IN REVIEW
CLM0003665,POL003628,2025-01-22,78823.27,IN REVIEW
CLM0010139,POL002844,2025-05-12,31556.88,CLOSED
CLM0001824,POL004012,2025-08-18,7657.39,CLOSED
CLM0010011,POL000026,2026-04-03,32226.47,CLOSED
CLM0009148,POL000108,2024-09-20,12194.33,IN REVIEW
CLM0008064,POL000196,2026-05-11,5600.35,IN REVIEW
CLM0004096,POL944956,2026-01-11,3011.18,CLOSED
CLM0011352,POL004260,2025-01-08,64295.13,IN REVIEW
CLM0003082,POL000541,2024-06-27,30561.85,  OPEN 
CLM0002455,POL002634,2024-11-04,74321.48,DENIED
CLM0006239,POL000452,2026-04-09,19147.75,OPEN
CLM0007450,POL004216,2025-02-17,31111.51,CLOSED
CLM0010956,POL004005,2025-11-02,44850.87,DENIED
CLM0000536,POL002713,2025-11-12,56637.93,CLOSED
CLM0010780,POL002220,2024-11-19,3534.57,IN REVIEW
CLM0008039,POL003806,2024-06-10,26957.96,DENIED
CLM0000074,POL003813,2024-09-29,1633.26,OPEN
CLM0007906,POL002592,2025-07-09,41540.67,IN REVIEW
CLM0010257,POL002251,2025-06-22,62377.06,  CLOSED 
CLM0001241,POL003795,2024-10-26,79529.08,DENIED
CLM0009098,POL002451,2025-03-24,46436.46,IN REVIEW
CLM0001735,POL002658,2025-04-08,26972.3,OPEN
CLM0007216,POL000295,2026-07-20,68949.94,CLOSED
CLM0002669,POL004403,2025-08-12,65356.1,OPEN
CLM0010701,POL000163,2025-02-20,36378.46,IN REVIEW
CLM0009112,POL000027,2024-12-18,63863.41,  DENIED 
CLM0009444,POL003339,2026-06-07,72885.08,DENIED
CLM0006948,POL004233,2024-07-26,-12476.8,DENIED
CLM0003907,POL004811,2025-04-13,64107.72,CLOSED
CLM0010432,POL003777,2025-12-19,70735.51,OPEN
CLM0001054,POL002771,0000-00-00,45455.82,CLOSED
CLM0002652,POL001613,2026-06-03,1949.4,IN REVIEW
CLM0008645,POL004673,,53224.04,CLOSED
CLM0004975,POL003137,2026-06-20,3070.44,DENIED
CLM0005456,POL003871,0000-00-00,12443.73,DENIED
CLM0000432,POL000949,2025-09-01,69619.1,OPEN
CLM0008661,POL002571,2026-06-08,50718.96,IN REVIEW
CLM0008056,POL002505,2025-06-21,9616.43,DENIED
CLM0002839,POL003720,2025-07-04,39919.71,IN REVIEW
CLM0005419,POL004345,2026-05-06,36159.76,CLOSED
CLM0004488,POL003306,2024-10-09,16314.54,OPEN
CLM0010593,POL001798,2024-07-02,24239.67,CLOSED
CLM0011264,POL000353,,59866.04,IN REVIEW
CLM0003593,POL001824,2025-09-05,44512.33,DENIED
CLM0000772,POL001093,2025-07-03,34723.91,CLOSED
CLM0004104,POL004791,2025-01-27,34918.3,DENIED
CLM0000042,POL000819,2025-12-21,55834.7,IN REVIEW
CLM0002738,POL003542,2025-02-16,1234.51,CLOSED
CLM0010792,POL000882,2024-06-30,34201.44,OPEN
CLM0002088,POL000022,2024-10-19,14942.62,OPEN
CLM0010856,POL004348,2025-10-04,75182.8,CLOSED
CLM0007231,POL000767,2025-10-04,17248.08,DENIED
CLM0001160,POL000685,2025-06-03,23058.72,CLOSED
CLM0000530,POL002760,2024-06-08,46177.66,DENIED
CLM0007247,POL004066,2024-07-01,22255.32,IN REVIEW
CLM0001325,POL000856,2025-11-24,42606.45,CLOSED
CLM0006272,POL001315,2025-12-20,39666.51,  OPEN 
CLM0007483,POL000147,2026-01-26,35432.84,OPEN
CLM0010811,POL001064,2026-01-31,22517.97,CLOSED
CLM0008314,POL002023,2025-11-30,44393.35,DENIED
CLM0008982,POL004474,2024-06-23,71175.52,IN REVIEW
CLM0002372,POL001187,2025-06-01,62142.88,DENIED
CLM0007641,POL002647,2025-07-22,32925.46,CLOSED
CLM0011847,POL002941,2025-10-23,9312.88,IN REVIEW
CLM0007097,POL003874,2026-06-06,8272.25,CLOSED
CLM0008632,POL002942,2025-09-28,21308.56,OPEN
CLM0010374,POL000169,2025-05-01,32610.63,DENIED
CLM0009495,POL004207,2026-01-24,4010.05,OPEN
CLM0008963,POL000065,2026-04-10,22738.57,OPEN
CLM0011313,POL001508,2025-06-04,60511.2,IN REVIEW
CLM0006637,POL000339,2024-10-10,33471.85,IN REVIEW
CLM0001183,POL003642,2025-05-05,78921.93,DENIED
CLM0004412,POL004600,2026-04-22,35866.4,in review
CLM0009544,POL000848,2025-07-06,13293.47,CLOSED
CLM0003475,POL000380,2026-05-11,34988.93,OPEN
CLM0002002,POL004811,2025-11-29,30972.75,OPEN
CLM0010442,POL003615,2025-11-13,7444.0,CLOSED
CLM0010779,POL003792,2025-07-28,56845.42,DENIED
CLM0001499,POL002380,2024-11-04,17589.91,CLOSED
CLM0008133,POL004306,2025-06-29,68453.36,IN REVIEW
CLM0001207,POL000449,2025-08-07,66540.33,DENIED
CLM0003127,POL004691,2024-08-28,4361.31,CLOSED
CLM0007994,POL002509,2026-06-27,21844.12,CLOSED
CLM0002707,POL002058,2026-03-20,60333.11,DENIED
CLM0006264,POL000254,2024-07-03,20921.64,IN REVIEW
CLM0004489,POL004928,2024-07-27,56606.48,OPEN
CLM0006954,POL000788,2024-09-17,61798.21,OPEN
CLM0006927,POL001730,2026-13-45,49132.55,OPEN
CLM0003145,POL004021,2024-12-14,2087.98,IN REVIEW
CLM0009464,POL002621,2026-05-12,51300.82,CLOSED
CLM0005170,POL004697,2025-01-11,50227.72,OPEN
CLM0009139,POL004389,2024-10-29,26889.78,CLOSED
CLM0004673,POL003208,2026-07-16,29272.95,OPEN
CLM0006714,POL000986,2025-06-06,46791.2,OPEN
CLM0005999,POL000255,2025-05-06,64663.06,DENIED
CLM0009157,POL002543,2025-11-23,14382.7,IN REVIEW
CLM0001372,POL002632,2026-07-06,63846.23,DENIED
CLM0006727,POL003178,31/12/2025,57418.82,CLOSED
CLM0001928,POL002740,2024-09-16,17005.0,OPEN
CLM0010551,POL004774,2024-09-27,48285.19,DENIED
CLM0010991,POL000409,2025-11-17,41419.15,IN REVIEW
CLM0008558,POL000427,2024-07-25,70966.49,CLOSED
CLM0010493,POL004864,2025-07-05,17672.89,OPEN
CLM0002833,POL003230,2024-10-30,16607.83,OPEN
CLM0007858,POL004780,2024-06-21,62837.05,DENIED
CLM0006607,POL004882,2024-10-16,59889.39,IN REVIEW
CLM0005387,POL001612,2026-03-28,15775.95,  IN REVIEW 
CLM0002594,POL900558,2025-04-04,68961.13,OPEN
CLM0002133,POL000027,2024-08-03,41597.28,CLOSED
CLM0010315,POL004801,2025-01-02,63372.37,IN REVIEW
CLM0010041,POL001881,2025-07-26,72083.36,OPEN
CLM0004632,POL001550,2025-08-17,44444.77,DENIED
CLM0003551,POL003535,2025-10-09,63465.74,CLOSED
CLM0001693,POL002680,2025-09-28,59507.08,DENIED
CLM0005961,POL004213,2025-01-25,43314.8,OPEN
CLM0005232,POL000916,2026-04-12,68945.11,IN REVIEW
CLM0003854,POL001433,2025-01-21,17667.22,CLOSED
CLM0003283,POL001562,2025-12-25,7562.0,IN REVIEW
CLM0000058,POL002185,2025-06-25,42497.41,  DENIED 
CLM0007877,POL004956,2024-09-19,51762.97,CLOSED
CLM0003099,POL000094,2024-12-15,27810.37,IN REVIEW
CLM0008206,POL003624,2024-10-18,42809.38,CLOSED
CLM0004590,POL000600,2026-06-01,14108.54,OPEN
CLM0009050,POL003101,2024-07-22,27018.05,DENIED
CLM0009276,POL000314,2026-02-08,10021.32,DENIED
CLM0007912,POL001443,2026-02-10,74599.87,CLOSED
CLM0009117,POL004578,2025-10-23,72493.32,DENIED
CLM0007910,POL002226,2026-05-05,3285.57,DENIED
CLM0002671,POL000253,2024-08-01,59340.26,OPEN
CLM0008964,POL002949,2025-09-20,15467.26,CLOSED
CLM0007369,POL002258,2024-11-23,67724.28,CLOSED
CLM0011670,POL001339,2025-02-25,33470.06,OPEN
CLM0002181,POL004714,2024-12-25,47446.76,OPEN
CLM0005647,POL002908,2025-03-13,6870.27,OPEN
CLM0011956,POL004046,2025-03-08,20996.88,IN REVIEW
CLM0011406,POL004462,2025-04-01,31390.65,CLOSED
CLM0005482,POL002038,2024-07-05,39192.6,OPEN
CLM0008145,POL002436,2025-08-28,4453.93,IN REVIEW
CLM0000149,POL002084,2024-10-01,32997.63,IN REVIEW
CLM0004149,POL001845,2025-08-03,13076.96,DENIED
CLM0007210,POL004132,2024-10-17,11533.29,OPEN
CLM0006854,POL002613,2024-10-16,52796.31,  OPEN 
CLM0008916,POL003228,2025-01-13,8445.44,DENIED
CLM0003269,POL001399,2025-09-03,25994.22,DENIED
CLM0004296,POL000324,2024-07-13,18301.17,CLOSED
CLM0006502,POL002414,2024-08-31,38328.65,IN REVIEW
CLM0003045,POL004343,2025-02-16,73215.06,DENIED
CLM0000121,POL001711,2025-12-10,11312.16,IN REVIEW
CLM0006013,POL004818,2024-09-28,11938.42,IN REVIEW
CLM0001020,POL002357,2024-12-10,31177.73,closed
CLM0000339,POL004904,2025-06-01,65386.56,DENIED
CLM0002703,POL002582,2026-04-01,79669.12,CLOSED
CLM0007111,POL004941,2026-13-45,40490.28,IN REVIEW
CLM0006576,POL000855,2026-06-24,44377.97,CLOSED
CLM0011543,POL004176,2026-03-23,13518.9,OPEN
CLM0010321,POL000287,2025-04-26,61982.58,DENIED
CLM0011632,POL000437,2026-07-20,5744.71,CLOSED
CLM0006644,POL002077,2026-07-04,38305.78,IN REVIEW
CLM0000340,POL002888,2025-12-20,77011.63,IN REVIEW
CLM0008282,POL003919,2024-10-08,6505.19,DENIED
CLM0002590,POL003713,2025-11-06,14551.6,DENIED
CLM0008104,POL000590,2025-09-08,76607.83,OPEN
CLM0008019,POL002683,2025-09-21,9999999.99,CLOSED
CLM0009727,POL002480,2024-08-02,64252.97,DENIED
CLM0009791,POL003397,2025-03-01,43435.39,DENIED
CLM0005586,POL002884,2024-08-21,47253.19,  IN REVIEW 
CLM0011367,POL002758,2025-06-26,38881.71,CLOSED
CLM0003516,POL003314,2025-06-19,49927.83,CLOSED
CLM0002731,POL999533,2024-06-06,67633.78,IN REVIEW
CLM0009536,POL003960,2024-07-27,19434.62,DENIED
CLM0000844,POL002365,2026-01-24,32395.45,CLOSED
CLM0000097,POL003524,2024-09-19,52908.42,IN REVIEW
CLM0006359,POL003655,2025-01-08,37010.83,CLOSED
CLM0006394,POL004706,2025-10-28,54838.5,DENIED
CLM0009650,POL004315,2025-01-13,46520.56,CLOSED
CLM0004966,POL000441,2025-07-12,3264.26,IN REVIEW
CLM0006618,POL002349,2024-12-30,79359.79,DENIED
CLM0002972,POL001542,2024-08-15,77467.47,DENIED
CLM0009429,POL001107,2025-11-04,29806.06,DENIED
CLM0006352,POL002453,2025-11-18,37247.0,CLOSED
CLM0001305,POL000355,2024-06-15,30793.35,CLOSED
CLM0005261,POL003081,2025-11-13,11857.73,CLOSED
CLM0011097,POL002267,2025-09-08,53318.33,IN REVIEW
CLM0003837,POL003977,2026-02-22,44974.59,CLOSED
CLM0002868,POL000033,2024-09-29,55155.63,OPEN
CLM0004464,POL000445,2025-10-04,8811.66,DENIED
CLM0006339,POL002990,2026-04-06,55989.64,DENIED
CLM0004082,POL003153,2024-09-21,33221.48,DENIED
CLM0007974,POL001457,2025-11-09,3676.41,OPEN
CLM0001157,POL002050,2025-04-18,76462.04,CLOSED
CLM0009661,POL002226,2025-05-03,0,CLOSED
CLM0010513,POL004894,2025-01-15,37807.59,IN REVIEW
CLM0005421,POL002372,2025-05-16,34432.99,IN REVIEW
CLM0008175,POL004428,2025-06-04,42107.44,IN REVIEW
CLM0009483,POL000662,2024-09-22,65120.5,DENIED
CLM0007681,POL003641,2026-07-18,77065.25,IN REVIEW
CLM0004380,POL001189,2024-09-24,76787.87,DENIED
CLM0000215,POL000893,2025-09-29,69456.72,OPEN
CLM0007099,POL002723,2026-07-10,53342.28,OPEN
CLM0002557,POL001124,2025-07-08,25701.73,CLOSED
CLM0005227,POL003593,2026-03-24,14798.93,OPEN
CLM0009287,POL001187,2025-06-19,31772.95,OPEN
CLM0005541,POL004101,2026-04-29,53730.77,OPEN
CLM0002943,POL000853,2025-07-01,63747.66,DENIED
CLM0006452,POL000842,2026-04-24,32717.48,CLOSED
CLM0001090,POL001981,2026-05-07,37864.2,closed
CLM0006688,POL001153,2024-07-30,9957.67,CLOSED
CLM0001460,POL002163,,59619.41,DENIED
CLM0007660,POL003118,2026-02-08,37012.93,IN REVIEW
CLM0009962,POL000100,2025-05-28,46214.2,CLOSED
CLM0005426,POL003539,2026-02-12,28543.32,CLOSED
CLM0002234,POL003790,2024-12-13,32514.82,OPEN
CLM0010879,POL000155,2025-01-16,4172.46,OPEN
CLM0011348,POL003171,2026-01-01,19271.17,DENIED
CLM0010807,POL001206,2026-05-23,6481.18,CLOSED
CLM0010308,POL002119,2025-01-08,28592.25,OPEN
CLM0005809,POL004310,2026-07-13,62718.83,DENIED
CLM0007575,POL004029,2025-02-27,60826.1,IN REVIEW
CLM0008879,POL000198,2024-12-16,20320.49,IN REVIEW
CLM0000646,POL000175,2024-09-28,36542.84,OPEN
CLM0001576,POL002859,2024-10-26,18798.54,OPEN
CLM0003726,POL002035,2025-02-20,32929.52,IN REVIEW
CLM0002842,POL003783,2025-12-22,47208.69,OPEN
CLM0011900,POL002808,2025-05-13,68875.45,DENIED
CLM0001988,POL002216,2024-09-08,20358.99,IN REVIEW
CLM0011803,POL001551,2025-03-07,22444.67,DENIED
CLM0011016,POL002892,2024-08-13,38036.0,DENIED
CLM0009257,POL001755,2025-06-16,46499.94,OPEN
CLM0005872,POL000597,2025-10-03,74171.46,DENIED
CLM0008686,POL001295,2025-02-22,35885.84,OPEN
CLM0002371,POL000448,2025-09-02,1967.77,open
CLM0007175,POL004286,2025-12-31,50600.58,DENIED
CLM0005877,POL003035,2024-08-17,29614.24,CLOSED
CLM0011752,POL002564,2026-02-05,52933.74,OPEN
CLM0010796,POL001351,2024-11-29,73598.54,DENIED
CLM0002584,POL003251,2025-01-09,74803.16,IN REVIEW
CLM0007139,POL001941,2024-08-27,13686.87,IN REVIEW
CLM0005405,POL003376,2024-08-15,0,OPEN
CLM0011361,POL000491,2025-08-06,52279.95,OPEN
CLM0011321,POL000826,2024-09-22,49865.62,IN REVIEW
CLM0007982,POL001314,2025-02-11,1830.18,DENIED
CLM0004746,POL002393,2026-05-31,72068.49,DENIED
CLM0006117,POL001408,2026-06-22,9934.24,DENIED
CLM0006303,POL001522,2024-10-08,74356.33,CLOSED
CLM0000925,POL001460,2025-02-25,55277.14,DENIED
CLM0009546,POL001407,2025-08-13,77265.37,IN REVIEW
CLM0007601,POL002647,2024-12-23,1898.15,IN REVIEW
CLM0011715,POL003498,2024-08-28,72989.68,DENIED
CLM0010427,POL002241,2025-09-30,24121.95,OPEN
CLM0003345,POL003149,2025-04-03,76072.8,DENIED
CLM0003975,POL001305,2026-04-07,38525.07,CLOSED
CLM0004786,POL004323,2025-12-18,10003.02,IN REVIEW
CLM0000977,POL003385,2024-07-03,47451.02,IN REVIEW
CLM0006915,POL001648,2024-09-12,11857.15,CLOSED
CLM0011142,POL002571,2025-07-29,63048.2,OPEN
CLM0000101,POL001603,2025-12-09,73574.83,OPEN
CLM0006723,POL001293,2026-01-10,11726.99,CLOSED
CLM0007848,POL004792,2026-03-06,3962.08,IN REVIEW
CLM0006195,POL001046,2024-06-26,77637.48,OPEN
CLM0001508,POL002824,2024-11-29,68656.33,OPEN
CLM0006548,POL002372,2025-01-11,35371.48,CLOSED
CLM0006545,POL003257,2026-01-17,76096.89,DENIED
CLM0003218,POL003976,2026-04-05,45754.09,DENIED
CLM0008810,POL002027,2025-01-03,7270.8,IN REVIEW
CLM0000805,POL000341,2025-07-25,17404.62,DENIED
CLM0009218,POL000096,2026-04-21,876.6,IN REVIEW
CLM0009014,POL001164,2026-03-13,26385.69,OPEN
CLM0009571,POL000178,2024-10-12,28764.89,OPEN
CLM0002600,POL002017,2024-11-07,17644.49,IN REVIEW
CLM0011523,POL000939,2024-09-27,9270.76,OPEN
CLM0000358,POL001668,2025-02-21,52050.56,CLOSED
CLM0000943,POL000597,2026-07-07,16909.39,CLOSED
CLM0002989,POL001748,2025-08-04,51297.16,OPEN
CLM0007959,POL004305,2026-05-12,42138.32,DENIED
CLM0006853,POL000145,2025-07-14,29115.32,OPEN
CLM0008332,POL001321,2025-03-02,72437.49,CLOSED
CLM0006308,POL001002,2025-11-21,55909.36,DENIED
CLM0007445,POL967743,2024-07-31,35090.3,CLOSED
CLM0006269,POL002349,2025-05-24,14700.81,DENIED
CLM0001937,POL004695,2025-04-15,28024.74,IN REVIEW
CLM0004374,POL004253,2026-07-20,27151.73,CLOSED
CLM0011728,POL001937,2024-11-17,35421.35,DENIED
CLM0009524,POL002801,2025-05-08,48645.91,CLOSED
CLM0006761,POL002227,2025-08-21,78338.49,DENIED
CLM0005606,POL003199,2025-07-15,20681.34,OPEN
CLM0005035,POL003835,2026-03-16,4003.13,CLOSED
CLM0009286,POL003823,2026-04-05,70477.67,DENIED
CLM0011220,POL001411,2024-08-31,13810.03,OPEN
CLM0006642,POL004474,2025-12-20,74273.21,OPEN
CLM0004394,POL004077,2025-03-15,42962.46,IN REVIEW
CLM0008427,POL000074,2025-07-11,45685.18,OPEN
CLM0009628,POL002017,2025-02-08,15344.3,DENIED
CLM0005778,POL004530,2025-05-15,58360.09,OPEN
CLM0002397,POL004613,2024-06-17,53808.91,OPEN
CLM0001960,POL004266,2026-06-24,18851.92,OPEN
CLM0002418,POL000925,2024-07-31,68947.49,CLOSED
CLM0010239,POL003054,2025-02-05,0,DENIED
CLM0007334,POL000389,2026-01-01,50885.85,IN REVIEW
CLM0011701,POL004311,2026-05-05,43580.12,CLOSED
CLM0010500,POL001723,2025-10-08,28177.92,DENIED
CLM0003557,POL002358,2024-10-28,49688.54,CLOSED
CLM0008170,POL003211,2026-05-01,6496.0,DENIED
CLM0000959,POL001482,2026-05-13,19175.81,OPEN
CLM0011166,POL003575,2026-03-09,14101.47,DENIED
CLM0007436,POL002153,2024-06-10,54044.02,IN REVIEW
CLM0006304,POL000316,2026-03-12,41074.1,IN REVIEW
CLM0006625,POL001885,2025-11-24,24448.93,OPEN
CLM0004202,POL003104,2026-06-04,12598.21,DENIED
CLM0007100,POL000683,2025-08-08,49472.27,IN REVIEW
CLM0006158,POL003976,2024-08-28,28953.17,OPEN
CLM0000428,POL004832,2025-11-29,77322.97,IN REVIEW
CLM0004095,POL000376,2024-10-20,60534.98,CLOSED
CLM0004100,POL000009,2026-03-29,70580.48,CLOSED
CLM0008130,POL004354,2024-07-08,1161.93,IN REVIEW
CLM0003252,POL000336,2025-10-25,49227.36,CLOSED
CLM0011354,POL000469,2024-10-31,48265.43,IN REVIEW
CLM0001569,POL004884,2025-05-10,5327.28,DENIED
CLM0010966,POL000912,2024-12-15,46581.3,CLOSED
CLM0010537,POL004060,2024-07-04,49609.85,DENIED
CLM0001226,POL002092,2026-04-21,25342.42,DENIED
CLM0011048,POL002636,2025-02-17,28797.61,DENIED
CLM0000795,POL003981,2025-04-02,41957.95,open
CLM0005328,POL003194,2025-09-03,24816.04,CLOSED
CLM0007646,POL001854,2025-01-10,74091.54,DENIED
CLM0010929,POL001565,2025-04-07,32900.86,OPEN
CLM0010552,POL001357,2026-05-24,79492.51,DENIED
CLM0001063,POL002149,2025-06-13,67297.72,OPEN
CLM0005699,POL003952,2026-02-11,67722.84,OPEN
CLM0000821,POL004368,2024-09-01,76452.61,OPEN
CLM0004492,POL004836,2026-03-12,31245.3,IN REVIEW
CLM0006590,POL004890,2024-12-12,20115.25,IN REVIEW
CLM0002575,POL000393,2025-09-15,1329.46,OPEN
CLM0011781,POL000539,2025-11-29,69066.97,DENIED
CLM0006393,POL000972,2025-02-27,65930.29,CLOSED
CLM0009454,POL004058,31/12/2025,31557.1,IN REVIEW
CLM0011962,POL004039,2025-12-27,70768.24,DENIED
CLM0001929,POL004366,2024-08-23,65638.35,OPEN
CLM0006549,POL003668,2025-01-26,33857.25,OPEN
CLM0006896,POL004232,2026-04-29,56443.44,CLOSED
CLM0007429,POL002905,2025-11-22,23615.88,CLOSED
CLM0006944,POL000992,2025-11-01,41355.57,CLOSED
CLM0008468,POL004654,2026-03-01,39190.85,OPEN
CLM0006220,POL000806,2024-12-24,36476.23,DENIED
CLM0009981,POL001521,2025-10-19,28465.96,DENIED
CLM0003796,POL003169,2026-05-20,17023.78,OPEN
CLM0000164,POL003677,2025-10-12,20043.34,open
CLM0003196,POL002443,2025-10-11,66417.36,DENIED
CLM0002196,POL002666,2026-01-17,43312.16,DENIED
CLM0005352,POL004191,2024-09-03,20456.14,  DENIED 
CLM0010087,POL002800,2025-02-24,37175.35,CLOSED
CLM0001567,POL003031,2025-06-26,8955.26,OPEN
CLM0007006,POL003499,2025-01-23,12698.31,OPEN
CLM0008766,POL001960,2024-10-13,24449.59,DENIED
CLM0006062,POL003209,2025-03-20,77641.9,CLOSED
CLM0002930,POL003451,2026-03-25,328.56,IN REVIEW
CLM0011766,POL003933,2024-10-04,21147.73,IN REVIEW
CLM0002511,POL001267,2026-06-02,6508.04,IN REVIEW
CLM0005919,POL003698,2026-05-30,44000.88,IN REVIEW
CLM0007686,POL004092,2025-11-11,68522.59,CLOSED
CLM0006523,POL001935,2026-01-03,76359.88,OPEN
CLM0011154,POL003877,2026-05-01,15455.19,OPEN
CLM0006943,POL003182,2025-09-04,57976.77,DENIED
CLM0009194,POL003473,2026-04-28,42655.7,DENIED
CLM0000438,POL928102,2025-11-29,18026.03,OPEN
CLM0003937,POL001086,2024-08-27,16171.52,open
CLM0005490,POL000856,2025-02-17,72631.27,OPEN
CLM0001528,POL000085,2025-04-17,143.68,IN REVIEW
CLM0001395,POL000685,2025-06-14,34781.88,IN REVIEW
CLM0000280,POL000040,2024-11-16,71778.25,IN REVIEW
CLM0007813,POL000918,2024-06-11,634.91,  CLOSED 
CLM0007288,POL002538,2024-11-09,48312.92,IN REVIEW
CLM0011485,POL002178,2025-05-30,66482.69,OPEN
CLM0002667,POL000818,2025-07-10,68332.75,CLOSED
CLM0010573,POL000374,2026-03-21,63723.76,OPEN
CLM0002589,POL002114,2025-05-13,46176.39,OPEN
CLM0005109,POL001392,N/A,75404.08,DENIED
CLM0004183,POL002701,2026-03-13,21635.08,DENIED
CLM0000242,POL004557,2026-07-05,58030.72,IN REVIEW
CLM0008087,POL001523,2026-03-17,75491.28,IN REVIEW
CLM0008892,POL001484,2024-07-30,3645.91,DENIED
CLM0001784,POL000887,2025-11-22,14055.54,IN REVIEW
CLM0008258,POL002243,2025-07-23,79059.22,CLOSED
CLM0010110,POL000217,2026-02-15,64343.6,IN REVIEW
CLM0000262,POL003112,31/12/2025,43413.29,IN REVIEW
CLM0005242,POL004807,2025-07-06,28193.77,CLOSED
CLM0001959,POL003516,2026-03-07,37287.55,IN REVIEW
CLM0007880,POL001640,2025-03-15,52682.59,CLOSED
CLM0006628,POL000071,2025-08-25,30940.61,DENIED
CLM0011791,POL004557,2026-05-13,77774.2,IN REVIEW
CLM0000361,POL002932,2025-12-19,70092.13,  CLOSED 
CLM0005374,POL001372,2025-07-01,68831.51,IN REVIEW
CLM0008438,POL003518,2025-12-19,59448.29,DENIED
CLM0005316,POL001064,2024-10-12,33474.64,OPEN
CLM0007093,POL003322,2025-03-09,54763.46,DENIED
CLM0001776,POL004642,2024-06-26,74374.78,IN REVIEW
CLM0006430,POL000386,2024-07-01,74926.49,DENIED
CLM0008140,POL003377,2025-09-29,36345.42,IN REVIEW
CLM0009068,POL001761,2024-09-27,27944.71,OPEN
CLM0008091,POL003069,2024-06-13,64766.52,OPEN
CLM0006127,POL003367,2024-10-11,23130.58,DENIED
CLM0010069,POL004102,2024-08-21,9046.73,DENIED
CLM0011349,POL001870,2026-13-45,11170.41,DENIED
CLM0010085,POL004578,2025-05-12,54621.16,CLOSED
CLM0000151,POL002222,2026-07-17,39179.41,CLOSED
CLM0009268,POL002736,2026-02-25,23083.81,OPEN
CLM0002656,POL004348,2025-06-05,8916.99,DENIED
CLM0000322,POL002740,2026-04-21,26963.76,CLOSED
CLM0003500,POL003727,2024-06-25,55700.95,OPEN
CLM0006313,POL001066,2026-05-25,52433.56,IN REVIEW
CLM0002379,POL004337,2025-08-30,28033.49,OPEN
CLM0008249,POL004117,N/A,20941.02,DENIED
CLM0002977,POL004032,2024-11-06,19244.94,OPEN
CLM0006759,POL002739,2025-06-17,26831.0,CLOSED
CLM0006806,POL001885,2025-06-13,9856.62,DENIED
CLM0010160,POL003329,2024-12-09,30991.83,in review
CLM0009564,POL004714,2025-01-28,56544.82,DENIED
CLM0004108,POL002748,2025-08-26,44124.16,OPEN
CLM0000936,POL000704,2024-07-23,51989.24,DENIED
CLM0011451,POL000043,2025-10-25,13332.42,IN REVIEW
CLM0001886,POL000057,2026-06-14,46406.47,OPEN
CLM0002021,POL002922,2026-04-22,10733.6,IN REVIEW
CLM0004377,POL002554,2025-12-10,60866.11,DENIED
CLM0009960,POL002008,2026-05-08,43947.28,OPEN
CLM0011590,POL003919,2024-09-23,46712.42,DENIED
CLM0005505,POL003283,2025-12-02,32315.59,DENIED
CLM0011476,POL003291,2024-07-29,52989.93,OPEN
CLM0000321,POL004207,2024-11-07,9999999.99,OPEN
CLM0001667,POL001885,2025-06-10,63162.26,IN REVIEW
CLM0004107,POL001799,2024-10-01,33078.7,CLOSED
CLM0009200,POL001720,2025-05-31,70039.02,IN REVIEW
CLM0000453,POL001916,2025-08-24,43416.97,DENIED
CLM0011694,POL002494,2025-12-06,18220.87,CLOSED
CLM0008497,POL003598,2025-07-27,31168.55,OPEN
CLM0000981,POL000041,2025-01-15,76337.89,OPEN
CLM0011527,POL002475,2025-10-16,52916.91,DENIED
CLM0009004,POL000147,2026-01-16,61398.63,CLOSED
CLM0001487,POL000373,2025-01-17,53485.19,DENIED
CLM0001445,POL004729,2025-08-21,30912.13,IN REVIEW
CLM0003841,POL000379,2025-08-04,57589.04,CLOSED
CLM0006818,POL003153,2024-06-06,50958.92,CLOSED
CLM0004372,POL000982,2024-08-28,40328.78,OPEN
CLM0001707,POL004954,N/A,33011.79,DENIED
CLM0006956,POL001390,2025-12-16,76531.85,IN REVIEW
CLM0003101,POL002610,2026-03-20,73610.46,DENIED
CLM0003081,POL000854,2026-04-28,27001.67,DENIED
CLM0009920,POL004683,2025-12-14,33546.47,OPEN
CLM0001612,POL004158,2025-11-15,5575.53,  OPEN 
CLM0002635,POL001161,2026-05-30,69764.03,IN REVIEW
CLM0010845,POL002492,2025-05-03,9039.67,OPEN
CLM0005923,POL000306,2024-12-17,31389.85,OPEN
CLM0001361,POL000753,2025-10-28,105.21,CLOSED
CLM0005526,POL000695,2026-05-16,70159.84,IN REVIEW
CLM0001705,POL002926,2025-01-30,78681.95,open
CLM0005071,POL002657,2025-06-07,7058.57,DENIED
CLM0009069,POL000252,2025-03-07,64659.43,OPEN
CLM0005263,POL004945,2024-09-05,29866.99,CLOSED
CLM0001380,POL003279,2025-02-05,45115.19,IN REVIEW
CLM0006080,POL003195,2024-06-04,1668.61,OPEN
CLM0010495,POL003854,2025-07-26,58004.1,OPEN
CLM0002713,POL004547,2025-11-10,13693.35,OPEN
CLM0008684,POL001235,2026-01-17,16794.92,DENIED
CLM0001611,POL003578,2025-04-17,30294.91,OPEN
CLM0007995,POL004941,2025-02-14,48008.49,OPEN
CLM0011985,POL003720,2024-12-23,67591.4,CLOSED
CLM0010347,POL001398,2026-07-07,27881.42,CLOSED
CLM0009786,POL002248,2026-04-30,24420.09,IN REVIEW
CLM0009518,POL000391,2025-10-07,78124.06,IN REVIEW
CLM0004680,POL001285,2026-06-05,57624.94,IN REVIEW
CLM0002353,POL004501,2026-01-14,43911.17,CLOSED
CLM0009980,POL003685,2026-03-20,68442.29,CLOSED
CLM0005077,POL001069,2025-02-01,75134.44,OPEN
CLM0001258,POL003208,2026-02-25,74463.66,DENIED
CLM0001062,POL003618,2026-03-19,60798.48,OPEN
CLM0009640,POL004325,2025-11-25,51606.86,CLOSED
CLM0010576,POL002025,2026-05-13,54737.0,CLOSED
CLM0006449,POL002574,2025-01-26,74937.23,CLOSED
CLM0010359,POL001812,2024-08-07,43159.19,OPEN
CLM0010797,POL001254,2024-10-24,27027.12,IN REVIEW
CLM0006121,POL002095,2025-04-09,62202.09,OPEN
CLM0006610,POL004608,2026-02-10,60479.59,OPEN
CLM0004348,POL001430,N/A,30710.31,DENIED
CLM0006803,POL985893,2024-11-11,54958.4,CLOSED
CLM0005508,POL003356,2024-10-20,22501.41,DENIED
CLM0008717,POL003161,2025-07-09,51351.94,open
CLM0010324,POL004037,2025-03-04,21416.09,DENIED
CLM0002558,POL002776,2025-08-18,38201.3,IN REVIEW
CLM0004231,POL002336,2026-04-20,45574.78,OPEN
CLM0004522,POL004704,2025-07-13,51944.41,OPEN
CLM0010851,POL001413,2026-06-29,49264.93,OPEN
CLM0007337,POL000526,2024-09-26,77607.19,OPEN
CLM0007847,POL004739,2025-11-15,8351.62,DENIED
CLM0003553,POL001448,2024-12-25,57634.87,IN REVIEW
CLM0001936,POL001197,2025-02-02,70096.73,CLOSED
CLM0000015,POL003955,2024-07-09,56982.71,DENIED
CLM0009529,POL000836,2025-10-02,68985.63,closed
CLM0000162,POL004438,2026-06-03,7102.4,IN REVIEW
CLM0003761,POL004521,2026-06-06,68227.98,DENIED
CLM0009849,POL004691,2026-06-19,57005.53,OPEN
CLM0000534,POL000547,2024-06-07,11381.12,DENIED
CLM0011864,POL000395,2024-07-07,74728.09,DENIED
CLM0010133,POL004765,2024-10-30,6055.01,CLOSED
CLM0005293,POL003821,2025-10-25,68297.52,IN REVIEW
CLM0011096,POL001615,2026-03-23,14430.95,OPEN
CLM0005322,POL004655,2024-11-24,6668.99,CLOSED
CLM0004701,POL000878,2025-03-26,64010.78,DENIED
CLM0010418,POL002066,2025-06-17,18381.68,IN REVIEW
CLM0005887,POL948421,2025-11-22,19927.68,DENIED
CLM0011172,POL000231,2026-02-04,5033.63,IN REVIEW
CLM0007509,POL002963,2024-09-12,61453.65,IN REVIEW
CLM0002038,POL002247,2024-12-05,32329.09,OPEN
CLM0005943,POL003699,2026-01-02,48624.53,CLOSED
CLM0002787,POL001881,2025-02-16,1181.38,OPEN
CLM0007044,POL002903,2026-03-01,1665.83,IN REVIEW
CLM0004599,POL004062,2025-05-11,21210.5,CLOSED
CLM0009858,POL003167,2025-05-20,-29145.22,OPEN
CLM0001982,POL003057,2026-07-17,20600.3,OPEN
CLM0000498,POL003253,2025-05-10,8408.68,DENIED
CLM0005066,POL002852,2025-07-14,3606.94,DENIED
CLM0008433,POL001934,2026-05-12,71676.56,IN REVIEW
CLM0004034,POL002938,2026-01-25,11930.74,IN REVIEW
CLM0003328,POL000677,2026-03-29,42676.35,in review
CLM0008205,POL000212,2025-01-23,32646.87,OPEN
CLM0000720,POL003120,2024-10-24,17938.49,DENIED
CLM0006294,POL001292,2025-07-30,51361.61,OPEN
CLM0006531,POL001472,2026-04-25,28029.14,DENIED
CLM0003887,POL002384,2026-03-09,26249.42,IN REVIEW
CLM0006689,POL001925,2024-06-08,54522.48,DENIED
CLM0000326,POL003698,2024-10-04,66679.55,OPEN
CLM0009176,POL002774,2025-10-06,54667.96,DENIED
CLM0005846,POL003737,2025-01-12,25113.56,DENIED
CLM0004026,POL002672,2026-05-17,9660.71,CLOSED
CLM0003925,POL000063,2026-02-08,13433.71,CLOSED
CLM0002466,POL002729,2025-03-16,48942.11,OPEN
CLM0000043,POL000418,2024-07-11,64554.21,IN REVIEW
CLM0005532,POL003218,2025-09-20,19094.88,OPEN
CLM0009265,POL000427,2024-08-07,68204.27,DENIED
CLM0000172,POL004743,2024-10-01,7646.23,IN REVIEW
CLM0011519,POL004276,2025-03-21,40665.97,  CLOSED 
CLM0009008,POL002767,2026-01-26,41548.59,closed
CLM0009947,POL000152,2025-08-20,12332.44,DENIED
CLM0009855,POL000939,2026-04-01,1967.84,OPEN
CLM0004558,POL000674,2024-11-12,48666.02,CLOSED
CLM0002438,POL002133,2026-01-08,60810.18,OPEN
CLM0010314,POL001848,2026-06-17,48213.57,DENIED
CLM0002743,POL004307,2024-07-27,4476.65,DENIED
CLM0006401,POL000523,2026-02-03,77422.8,OPEN
CLM0000868,POL000180,31/12/2025,58640.71,OPEN
CLM0011039,POL002132,2024-10-17,76696.83,CLOSED
CLM0000622,POL004799,2026-05-17,46686.94,IN REVIEW
CLM0000225,POL003102,2026-02-06,75064.26,DENIED
CLM0000639,POL002291,2025-11-07,41205.37,IN REVIEW
CLM0002523,POL000984,2024-08-29,44872.39,CLOSED
CLM0006335,POL003889,2025-03-02,48496.86,OPEN
CLM0002253,POL003933,2026-03-10,36651.77,CLOSED
CLM0010095,POL004615,2025-04-15,32980.98,OPEN
CLM0007736,POL003737,2025-05-25,75707.81,CLOSED
CLM0001659,POL000218,2026-02-16,65722.42,DENIED
CLM0004230,POL003094,2024-09-14,47583.37,CLOSED
CLM0005164,POL001528,2026-05-09,30541.43,IN REVIEW
CLM0000040,POL004786,2024-09-21,54194.6,CLOSED
CLM0006964,POL000222,2026-06-26,57341.37,OPEN
CLM0003261,POL002970,2026-13-45,20408.28,OPEN
CLM0010757,POL003702,2024-07-26,68350.61,CLOSED
CLM0001523,POL003748,2024-12-26,25639.1,denied
CLM0010108,POL000794,2025-05-13,55208.63,OPEN
CLM0006568,POL001033,2024-08-21,38917.0,IN REVIEW
CLM0008142,POL002520,2026-07-03,56166.4,DENIED
CLM0000819,POL004679,2024-07-20,50895.29,CLOSED
CLM0008208,POL002249,2024-11-18,18338.53,CLOSED
CLM0005697,POL002895,2024-08-31,20791.11,DENIED
CLM0002874,POL001002,2024-12-25,73900.43,denied
CLM0004684,POL000638,2025-11-10,4883.16,IN REVIEW
CLM0001006,POL003744,2026-03-15,18149.04,OPEN
CLM0010220,POL003091,2025-11-12,35436.28,OPEN
CLM0010122,POL003428,2025-01-21,61053.52,IN REVIEW
CLM0004802,POL001093,2024-08-29,0,OPEN
CLM0011562,POL001263,2026-03-01,29986.74,IN REVIEW
CLM0004012,POL002512,2025-09-29,12963.4,DENIED
CLM0010588,POL000928,2024-12-11,66491.85,CLOSED
CLM0009458,POL003787,2026-01-17,39044.59,OPEN
CLM0000576,POL000669,2024-08-20,35484.41,IN REVIEW
CLM0006983,POL002152,2025-01-27,42209.36,IN REVIEW
CLM0009863,POL001528,2026-06-18,55114.1,DENIED
CLM0011788,POL000332,2026-03-17,68571.24,OPEN
CLM0005917,POL004942,2024-11-22,58642.0,OPEN
CLM0001045,POL000911,2025-04-15,7861.6,CLOSED
CLM0002964,POL002181,2024-06-19,9619.42,OPEN
CLM0004569,POL001620,2025-09-26,56999.28,OPEN
CLM0007380,POL001680,2025-11-17,2630.43,OPEN
CLM0007193,POL001740,2026-04-03,15611.82,denied
CLM0004869,POL004239,2025-12-28,8738.38,IN REVIEW
CLM0006533,POL001684,2026-07-10,27838.65,CLOSED
CLM0001694,POL002836,2024-11-04,1135.62,CLOSED
CLM0001167,POL001609,2026-02-26,43469.01,CLOSED
CLM0005664,POL004859,2025-02-18,18831.62,denied
CLM0004775,POL003102,2024-11-11,7185.32,IN REVIEW
CLM0005972,POL004428,2024-07-08,73026.75,IN REVIEW
CLM0007867,POL000609,2025-10-04,42215.09,DENIED
CLM0002686,POL000794,2026-04-12,71017.92,DENIED
CLM0011674,POL001965,2025-10-07,9676.3,OPEN
CLM0005597,POL002828,2025-01-24,21260.1,DENIED
CLM0006780,POL003990,2025-04-23,17766.51,CLOSED
CLM0006556,POL003000,2025-09-15,44844.39,CLOSED
CLM0000036,POL004910,2025-04-13,41824.34,OPEN
CLM0003278,POL003545,2024-07-05,44101.37,IN REVIEW
CLM0000196,POL004154,2025-04-22,1352.38,DENIED
CLM0007465,POL003640,2025-03-26,46784.16,CLOSED
CLM0011708,POL003785,2025-04-01,69383.13,OPEN
CLM0006973,POL000991,2024-08-19,73807.42,IN REVIEW
CLM0009851,POL000390,2025-11-12,55032.42,IN REVIEW
CLM0001632,POL004596,2024-11-25,15133.83,OPEN
CLM0008177,POL002989,2025-05-03,53240.06,CLOSED
CLM0000906,POL003515,2026-03-20,33479.24,OPEN
CLM0009923,POL001994,2025-05-14,3880.72,closed
CLM0010376,POL002279,2025-02-19,18301.21,DENIED
CLM0011768,POL000763,2026-01-20,9341.59,DENIED
CLM0007320,POL004673,2025-01-11,41398.41,DENIED
CLM0010747,POL004777,2024-08-15,71538.72,DENIED
CLM0003117,POL002025,2026-02-25,75191.54,OPEN
CLM0011597,POL004576,2026-02-10,64023.73,IN REVIEW
CLM0001272,POL000467,2025-04-05,76860.14,CLOSED
CLM0010744,POL002161,2026-03-09,51332.09,CLOSED
CLM0005558,POL002184,2025-11-18,22680.57,  DENIED 
CLM0002433,POL001721,2026-05-06,29731.63,IN REVIEW
CLM0005531,POL000629,2025-11-25,23917.63,CLOSED
CLM0001888,POL001098,2024-09-08,58247.17,OPEN
CLM0006471,POL001531,2026-05-01,6677.73,DENIED
CLM0009680,POL003560,2026-04-16,15603.25,OPEN
CLM0005509,POL004131,2026-05-23,42110.59,CLOSED
CLM0002290,POL003335,2025-11-14,70493.56,  DENIED 
CLM0009540,POL000377,2025-06-09,74750.93,DENIED
CLM0004103,POL002669,2025-10-21,53154.95,DENIED
CLM0001004,POL004242,2024-08-26,73941.49,IN REVIEW
CLM0006768,POL002952,2024-11-28,2627.32,OPEN
CLM0007422,POL001030,2025-01-10,46630.1,DENIED
CLM0003419,POL003483,2026-06-19,52299.23,  DENIED 
CLM0006078,POL000548,2024-10-23,24868.1,DENIED
CLM0006399,POL952098,2025-05-18,1528.71,IN REVIEW
CLM0010948,POL001404,2025-01-20,71268.01,CLOSED
CLM0007243,POL001345,2025-01-31,3168.47,CLOSED
CLM0008840,POL002308,2025-10-06,32372.29,OPEN
CLM0001512,POL000675,2025-09-14,4420.56,CLOSED
CLM0000509,POL002532,2024-11-12,45173.76,IN REVIEW
CLM0002661,POL002955,2024-06-12,15754.23,IN REVIEW
CLM0011187,POL004708,2025-04-15,55269.31,OPEN
CLM0004976,POL000849,2026-04-20,40193.64,OPEN
CLM0011955,POL002538,2024-07-17,4360.51,CLOSED
CLM0000203,POL000452,2025-10-24,41014.19,OPEN
CLM0008705,POL001628,2024-07-16,78904.14,CLOSED
CLM0009578,POL003917,2026-05-28,32677.48,DENIED
CLM0006838,POL004307,2025-03-03,19684.56,OPEN
CLM0010156,POL002532,2025-08-22,40239.25,closed
CLM0001131,POL002327,2026-02-26,45818.31,OPEN
CLM0005159,POL004518,2026-05-31,18929.45,DENIED
CLM0010323,POL004903,2026-04-21,32032.46,DENIED
CLM0011879,POL000110,2025-09-17,4629.23,CLOSED
CLM0009729,POL002963,2026-07-01,75425.57,CLOSED
CLM0003571,POL003749,2025-08-30,15923.04,IN REVIEW
CLM0008671,POL001721,2025-06-12,57674.24,IN REVIEW
CLM0001322,POL002099,2025-10-29,8734.97,CLOSED
CLM0003478,POL000601,2024-10-02,39903.96,CLOSED
CLM0001442,POL004382,2024-12-09,34042.72,DENIED
CLM0006143,POL000029,2024-08-16,14589.47,DENIED
CLM0005062,POL003594,31/12/2025,70575.27,DENIED
CLM0004552,POL004783,2024-06-10,77683.47,DENIED
CLM0011436,POL003712,2024-10-08,37153.81,IN REVIEW
CLM0001681,POL003403,2026-01-31,62180.56,CLOSED
CLM0011569,POL001941,2025-06-11,53364.86,DENIED
CLM0007763,POL003482,2025-02-09,53310.4,DENIED
CLM0002411,POL003210,2024-11-06,1871.29,CLOSED
CLM0005880,POL001615,2024-12-04,24376.24,DENIED
CLM0008592,POL004393,2025-02-16,12400.59,OPEN
CLM0009804,POL000318,2025-08-16,10777.24,CLOSED
CLM0006500,POL002409,2025-10-11,39134.4,OPEN
CLM0002071,POL004257,2024-09-25,17202.75,DENIED
CLM0008310,POL001568,2024-08-19,68772.52,CLOSED
CLM0006503,POL002725,2024-06-21,63843.95,CLOSED
CLM0008127,POL001220,2025-01-04,66279.89,DENIED
CLM0006484,POL003581,2024-09-04,30948.4,CLOSED
CLM0009424,POL001667,2025-09-23,79908.59,CLOSED
CLM0010420,POL001010,2024-11-22,1388.34,CLOSED
CLM0008945,POL002170,2025-08-04,21546.9,DENIED
CLM0008418,POL002856,2024-09-30,56553.55,CLOSED
CLM0000909,POL000787,2025-12-11,32569.09,OPEN
CLM0005707,POL003849,2025-11-29,6705.54,OPEN
CLM0000312,POL001672,2024-09-09,10261.18,IN REVIEW
CLM0009601,POL003374,2024-11-11,51195.59,  DENIED 
CLM0004187,POL000126,2025-03-30,41562.2,DENIED
CLM0008425,POL003865,2025-01-17,59243.27,IN REVIEW
CLM0006251,POL003675,2025-05-16,15569.81,IN REVIEW
CLM0002606,POL002466,2026-01-22,59084.69,DENIED
CLM0010880,POL003297,2026-03-03,70985.25,OPEN
CLM0002516,POL002496,2024-08-25,68065.48,OPEN
CLM0008352,POL000235,2025-06-09,32039.93,IN REVIEW
CLM0010434,POL003607,2024-09-20,19700.25,DENIED
CLM0003124,POL000525,2025-03-12,49135.29,  DENIED 
CLM0004440,POL004058,2025-07-29,44677.98,DENIED
CLM0003190,POL001121,2025-04-12,28484.05,DENIED
CLM0003782,POL000316,2024-10-03,8281.48,DENIED
CLM0010949,POL000367,2024-12-21,5149.31,OPEN
CLM0008426,POL002429,2025-10-29,64864.76,denied
CLM0002336,POL002357,2025-09-05,78439.45,CLOSED
CLM0000113,POL002462,2025-02-04,31168.31,IN REVIEW
CLM0001025,POL004491,2025-08-31,2185.0,OPEN
CLM0005689,POL002101,2025-11-26,22667.38,DENIED
CLM0000700,POL001806,2025-08-26,62056.96,IN REVIEW
CLM0008129,POL001178,2026-03-13,29639.65,CLOSED
CLM0008164,POL001253,2025-10-19,29866.36,OPEN
CLM0010965,POL000765,2024-09-29,40455.3,CLOSED
CLM0004051,POL001789,2026-05-04,46188.7,DENIED
CLM0009206,POL000053,2026-01-02,64843.37,CLOSED
CLM0009963,POL000122,2025-08-16,15127.75,DENIED
CLM0005791,POL003701,2024-08-31,56795.01,IN REVIEW
CLM0010900,POL004802,2026-01-03,12145.85,DENIED
CLM0009629,POL004328,2024-08-18,34376.5,IN REVIEW
CLM0010348,POL004670,2025-02-12,53237.33,CLOSED
CLM0009748,POL002369,2026-06-05,51643.29,IN REVIEW
CLM0007650,POL004311,2025-05-19,53480.58,OPEN
CLM0011835,POL004111,2026-06-02,56929.5,DENIED
CLM0006073,POL001175,2024-10-25,78612.35,DENIED
CLM0003058,POL002954,2026-06-24,70180.49,IN REVIEW
CLM0005455,POL001313,2025-12-23,32287.56,  OPEN 
CLM0004221,POL003864,2025-10-09,21312.79,CLOSED
CLM0008287,POL004381,2024-08-09,48531.76,IN REVIEW
CLM0008505,POL001958,2026-05-18,38355.9,IN REVIEW
CLM0009870,POL001724,2025-07-30,719.92,DENIED
CLM0005026,POL004005,2026-07-07,8746.0,DENIED
CLM0008908,POL003154,2025-08-06,18226.9,OPEN
CLM0002073,POL001746,2024-06-17,14025.96,CLOSED
CLM0006481,POL002443,2026-05-14,37310.53,CLOSED
CLM0007735,POL003656,2025-06-07,35582.01,OPEN
CLM0009181,POL003742,2026-02-10,42988.13,OPEN
CLM0009329,POL003581,2024-10-26,68169.27,DENIED
CLM0009100,POL002789,2026-02-15,9386.8,DENIED
CLM0003482,POL003636,2025-09-03,2426.02,IN REVIEW
CLM0011555,POL002334,2024-10-01,5606.94,OPEN
CLM0001388,POL004673,2026-01-19,68287.47,IN REVIEW
CLM0004036,POL002459,2025-11-30,11753.73,DENIED
CLM0003955,POL001379,2025-05-28,35651.38,DENIED
CLM0005656,POL001819,2024-10-29,2752.94,DENIED
CLM0007051,POL004453,2025-09-10,57975.46,OPEN
CLM0005729,POL004406,2025-05-07,11231.67,DENIED
CLM0011412,POL002705,2026-01-20,37600.29,OPEN
CLM0004300,POL003270,2025-03-18,2042.68,OPEN
CLM0011739,POL003664,2024-10-17,6385.73,CLOSED
CLM0003272,POL004928,2025-04-08,12228.48,DENIED
CLM0005429,POL001622,2026-01-13,63077.37,IN REVIEW
CLM0005380,POL002765,2025-10-31,55517.9,CLOSED
CLM0001405,POL002824,2024-12-29,33303.42,IN REVIEW
CLM0002463,POL001398,2024-08-21,54785.38,OPEN
CLM0000055,POL001213,2025-10-14,66743.92,OPEN
CLM0009742,POL000431,2025-03-16,16470.51,IN REVIEW
CLM0008650,POL001561,2025-06-28,49221.67,IN REVIEW
CLM0000582,POL003151,2025-03-04,55375.06,OPEN
CLM0004124,POL000934,2025-04-27,76360.8,in review
CLM0005418,POL000322,2024-11-04,38024.79,DENIED
CLM0006131,POL004874,2025-05-20,12150.01,OPEN
CLM0009283,POL001284,2026-01-30,79900.72,CLOSED
CLM0001436,POL000386,2024-08-25,28761.31,DENIED
CLM0011800,POL000835,2025-09-28,6476.72,CLOSED
CLM0009103,POL004935,2025-01-27,62372.65,DENIED
CLM0006196,POL001340,2024-09-08,55012.16,CLOSED
CLM0004541,POL003613,2025-11-10,39057.39,OPEN
CLM0002547,POL001442,2025-07-18,26266.77,CLOSED
CLM0009645,POL004742,,71980.82,OPEN
CLM0009365,POL000711,2025-10-03,5962.37,IN REVIEW
CLM0009927,POL001424,2025-05-20,48009.23,OPEN
CLM0010554,POL000428,2025-07-15,68669.96,IN REVIEW
CLM0008453,POL000826,2025-06-25,34011.87,IN REVIEW
CLM0008398,POL000842,2025-05-19,23255.48,OPEN
CLM0001112,POL002434,2025-08-21,437.64,DENIED
CLM0007583,POL000041,2026-05-27,79464.83,OPEN
CLM0001313,POL000440,2024-07-01,25705.76,CLOSED
CLM0011896,POL004944,2026-06-27,60888.96,OPEN
CLM0006692,POL001429,2024-08-30,58009.92,DENIED
CLM0008984,POL003273,2026-03-21,34809.12,  CLOSED 
CLM0010685,POL003596,2025-01-26,11796.34,OPEN
CLM0005637,POL004588,2025-12-09,46676.18,OPEN
CLM0007781,POL004738,2026-06-24,54930.23,CLOSED
CLM0003973,POL002571,2024-08-01,19594.36,DENIED
CLM0004404,POL907924,2024-12-10,21626.49,DENIED
CLM0004063,POL001839,2024-12-03,54460.23,IN REVIEW
CLM0005720,POL001888,2024-08-07,77420.14,CLOSED
CLM0006436,POL001002,2024-06-04,75097.5,DENIED
CLM0008018,POL001177,2026-02-17,29510.81,DENIED
CLM0007181,POL003541,2026-04-28,22583.05,DENIED
CLM0009712,POL003667,2025-10-25,39135.74,CLOSED
CLM0005863,POL002769,2025-09-30,79475.17,IN REVIEW
CLM0005080,POL004183,2025-10-12,19239.21,CLOSED
CLM0009854,POL001299,2026-03-18,30483.61,DENIED
CLM0010470,POL002439,2025-10-28,4177.64,DENIED
CLM0000237,POL002901,2025-03-07,55874.7,OPEN
CLM0009761,POL002517,2024-11-20,68941.6,  DENIED 
CLM0000440,POL000081,2024-12-28,15310.88,CLOSED
CLM0011925,POL003113,2026-02-24,79615.56,OPEN
CLM0001571,POL002523,2024-08-11,9999999.99,CLOSED
CLM0003694,POL002976,2024-08-02,69420.97,CLOSED
CLM0005726,POL002360,2025-09-11,60606.99,CLOSED
CLM0008020,POL002418,2026-01-02,63596.63,CLOSED
CLM0003229,POL942507,2024-10-11,56604.9,OPEN
CLM0001621,POL003400,2024-08-20,39708.13,IN REVIEW
CLM0005995,POL002160,2026-03-23,10235.73,OPEN
CLM0009956,POL004566,2025-02-09,75362.51,OPEN
CLM0008115,POL000154,2025-01-30,-9470.23,DENIED
CLM0002070,POL001032,2024-10-16,47121.61,DENIED
CLM0000211,POL003677,2026-02-25,5043.06,DENIED
CLM0003957,POL000328,2024-12-12,13194.6,IN REVIEW
CLM0007925,POL001546,2025-07-12,64033.09,CLOSED
CLM0003059,POL001937,2024-12-04,54913.33,OPEN
CLM0007365,POL004278,2024-08-31,51847.76,OPEN
CLM0002923,POL000023,2024-08-17,27838.86,CLOSED
CLM0010941,POL976837,2024-12-21,76428.57,IN REVIEW
CLM0007419,POL004084,2025-06-04,5563.52,IN REVIEW
CLM0003349,POL001225,2025-04-07,23491.81,IN REVIEW
CLM0004191,POL001847,2025-10-25,24336.71,DENIED
CLM0010415,POL002082,2025-12-17,44752.22,IN REVIEW
CLM0007625,POL000557,2026-01-25,21583.77,IN REVIEW
CLM0005264,POL003320,2025-03-12,54584.23,OPEN
CLM0002675,POL001396,2024-06-15,57355.03,DENIED
CLM0003998,POL004693,2025-11-08,4823.06,OPEN
CLM0008529,POL004785,N/A,49428.88,CLOSED
CLM0004249,POL002605,2025-08-22,73242.49,IN REVIEW
CLM0003467,POL001097,2026-05-06,46829.4,CLOSED
CLM0010869,POL002514,2025-06-13,26597.06,OPEN
CLM0005211,POL001864,2026-05-03,59492.06,DENIED
CLM0004870,POL002234,2024-08-20,53331.7,DENIED
CLM0001534,POL004162,2025-11-02,73829.68,denied
CLM0008854,POL000858,2024-06-24,20988.86,IN REVIEW
CLM0011041,POL000167,2025-12-10,-40172.96,CLOSED
CLM0004586,POL003010,2024-08-05,28272.3,CLOSED
CLM0007971,POL000255,2025-05-03,61713.14,denied
CLM0010318,POL004399,2024-08-16,40860.97,CLOSED
CLM0011831,POL000061,2024-12-31,18050.6,DENIED
CLM0010033,POL001196,2024-07-30,53404.59,IN REVIEW
CLM0003969,POL001683,2024-09-24,45060.3,DENIED
CLM0006886,POL000954,2026-01-10,7873.65,DENIED
CLM0006332,POL002190,2025-12-15,36884.11,OPEN
CLM0008312,POL001424,2026-02-10,44688.06,OPEN
CLM0005645,POL003312,2024-06-14,49257.19,CLOSED
CLM0006347,POL002606,2026-01-01,26632.81,CLOSED
CLM0004281,POL004308,2025-04-29,23968.27,open
CLM0005632,POL000366,2026-04-14,50382.33,DENIED
CLM0010072,POL000829,2025-09-17,32283.38,CLOSED
CLM0002888,POL004103,2026-03-10,18381.11,CLOSED
CLM0007589,POL004610,2026-02-23,72413.12,OPEN
CLM0002666,POL001702,2025-05-10,65487.46,CLOSED
CLM0001500,POL003473,2025-06-11,33550.54,DENIED
CLM0003239,POL004634,2024-07-14,77147.54,CLOSED
CLM0007557,POL002334,2026-05-04,70164.46,CLOSED
CLM0004068,POL004651,2025-04-11,42160.98,DENIED
CLM0003587,POL000884,2025-06-20,78698.58,IN REVIEW
CLM0003035,POL004995,2024-06-25,27122.81,CLOSED
CLM0006046,POL001466,2025-09-20,47208.43,IN REVIEW
CLM0005946,POL001437,2024-08-18,79320.15,DENIED
CLM0005383,POL000683,2024-10-20,74263.49,CLOSED
CLM0001014,POL002627,2024-12-03,71770.91,DENIED
CLM0008657,POL003013,2024-08-31,11093.83,CLOSED
CLM0000797,POL000893,2025-09-11,26736.28,OPEN
CLM0003186,POL001961,2024-11-24,37482.39,CLOSED
CLM0002825,POL000598,2025-05-23,27927.7,DENIED
CLM0005278,POL003667,2024-07-09,17278.54,IN REVIEW
CLM0005768,POL002526,2025-04-25,11489.97,CLOSED
CLM0011176,POL003341,2025-07-26,50680.33,in review
CLM0010280,POL003320,2026-04-16,13527.62,in review
CLM0004227,POL001213,2025-10-08,24556.99,DENIED
CLM0009833,POL003714,2026-04-26,2922.26,IN REVIEW
CLM0009499,POL000922,2024-08-29,45360.31,OPEN
CLM0006350,POL003363,2026-02-21,27675.55,IN REVIEW
CLM0005486,POL004002,2025-07-17,55898.38,DENIED
CLM0011793,POL002508,2024-12-31,5470.67,DENIED
CLM0003112,POL001061,2025-02-24,9695.19,CLOSED
CLM0007633,POL001734,2025-01-26,74976.13,CLOSED
CLM0008484,POL004955,2025-06-14,23130.24,CLOSED
CLM0001581,POL004890,2026-05-15,71516.63,CLOSED
CLM0009309,POL002795,2026-06-03,21760.97,CLOSED
CLM0001906,POL002982,2025-02-02,8103.03,DENIED
CLM0003265,POL001064,2025-11-25,41011.74,IN REVIEW
CLM0005575,POL001257,2025-11-20,73875.01,CLOSED
CLM0005379,POL001570,2025-07-22,34700.91,CLOSED
CLM0004356,POL000223,2025-06-09,33435.31,IN REVIEW
CLM0011219,POL004179,2025-01-13,23687.38,DENIED
CLM0003530,POL000197,2026-03-11,62637.98,OPEN
CLM0001035,POL000405,2024-09-03,27714.45,DENIED
CLM0009187,POL001164,2025-10-30,21289.63,DENIED
CLM0010866,POL001548,2024-06-26,48210.49,CLOSED
CLM0005703,POL002911,2026-02-05,4118.43,OPEN
CLM0002299,POL004596,2024-12-06,41345.94,OPEN
CLM0004457,POL002658,2025-08-01,11238.56,DENIED
CLM0000039,POL003308,2026-01-18,12302.12,OPEN
CLM0006340,POL003106,2025-11-26,51500.1,IN REVIEW
CLM0006775,POL001279,2025-06-25,36956.38,OPEN
CLM0010478,POL002205,2024-06-06,77627.03,DENIED
CLM0007623,POL003133,2026-02-24,55646.04,DENIED
CLM0003880,POL001083,2025-10-21,52300.27,CLOSED
CLM0001163,POL003807,2024-06-20,22599.51,OPEN
CLM0002900,POL000610,2026-07-06,77733.5,OPEN
CLM0009155,POL004977,2025-08-04,12212.47,CLOSED
CLM0006766,POL001435,2026-03-09,0,DENIED
CLM0001815,POL003622,2024-10-15,77988.81,OPEN
CLM0002903,POL001962,2024-07-09,33990.08,OPEN
CLM0004702,POL002492,2024-07-26,58344.81,IN REVIEW
CLM0007209,POL001004,2026-04-25,60837.07,OPEN
CLM0006932,POL003013,2026-04-21,26090.54,DENIED
CLM0010871,POL001126,2026-03-29,26099.72,CLOSED
CLM0010870,POL004851,2025-08-30,65114.3,OPEN
CLM0008171,POL000312,2025-09-18,14062.78,DENIED
CLM0006970,POL003741,2025-02-09,30731.45,CLOSED
CLM0004088,POL004367,31/12/2025,53709.02,IN REVIEW
CLM0003890,POL000623,2026-02-05,39910.77,CLOSED
CLM0008942,POL002741,2025-08-03,69090.2,DENIED
CLM0000865,POL004858,2024-10-19,26551.05,IN REVIEW
CLM0005748,POL004891,2025-06-01,71156.76,OPEN
CLM0002075,POL001806,2026-03-10,51606.76,OPEN
CLM0007566,POL002475,2025-09-02,28675.95,CLOSED
CLM0004718,POL003043,2025-04-04,35993.85,CLOSED
CLM0000327,POL003929,2025-08-30,55387.47,IN REVIEW
CLM0011731,POL004533,2026-03-19,22765.64,CLOSED
CLM0010274,POL001059,2025-12-24,41684.82,DENIED
CLM0006022,POL004549,2026-04-24,56643.27,DENIED
CLM0000950,POL000848,2025-11-18,35553.64,IN REVIEW
CLM0009256,POL004344,2026-03-10,13762.58,CLOSED
CLM0009792,POL003616,2025-01-28,68862.23,CLOSED
CLM0007010,POL004804,2025-10-15,45786.96,DENIED
CLM0011647,POL001191,2025-07-15,43212.65,OPEN
CLM0008976,POL000342,2024-08-30,61670.5,IN REVIEW
CLM0009465,POL002298,2026-04-19,55338.91,CLOSED
CLM0005256,POL002651,2025-12-13,1468.26,IN REVIEW
CLM0005510,POL000678,2025-11-15,74332.79,DENIED
CLM0003094,POL925581,2026-06-04,22443.82,DENIED
CLM0000068,POL002400,2025-11-28,31293.88,CLOSED
CLM0007907,POL000615,2025-04-29,78078.75,DENIED
CLM0008440,POL002408,2025-04-20,77104.32,CLOSED
CLM0008735,POL000871,2024-08-31,3411.6,OPEN
CLM0004013,POL002809,2024-11-07,51416.99,DENIED
CLM0003848,POL000863,2024-09-26,11825.24,CLOSED
CLM0002245,POL003783,2025-09-10,38878.76,IN REVIEW
CLM0005368,POL002404,2025-11-13,64744.47,closed
CLM0008248,POL002290,2024-10-07,51014.78,OPEN
CLM0010638,POL004335,2024-07-21,70849.87,CLOSED
CLM0008946,POL003536,2026-02-27,36053.81,OPEN
CLM0001416,POL003388,2024-08-16,29939.58,DENIED
CLM0007457,POL000459,2025-02-23,54688.86,CLOSED
CLM0010014,POL000864,2025-12-16,0,CLOSED
CLM0001813,POL003164,2024-12-08,6313.63,CLOSED
CLM0003559,POL002545,2025-12-07,45967.06,IN REVIEW
CLM0009713,POL000692,2025-05-17,46334.51,IN REVIEW
CLM0005610,POL001799,2026-01-18,68803.51,IN REVIEW
CLM0008584,POL000748,2024-10-01,69714.93,IN REVIEW
CLM0010009,POL000127,2024-09-04,5636.13,CLOSED
CLM0009204,POL002376,2025-02-07,26187.35,IN REVIEW
CLM0001930,POL000830,2026-03-26,71432.75,DENIED
CLM0011995,POL002350,2026-05-23,76064.08,CLOSED
CLM0001273,POL002781,2026-04-08,5341.63,DENIED
CLM0003856,POL004658,2024-08-27,30622.43,OPEN
CLM0009734,POL003818,2024-08-29,1269.17,DENIED
CLM0006041,POL003637,2024-07-16,64084.76,OPEN
CLM0003542,POL004788,2026-03-07,9892.24,OPEN
CLM0006721,POL004856,2025-09-30,46261.11,DENIED
CLM0011602,POL003852,2025-06-01,63373.94,DENIED
CLM0010683,POL003303,2024-07-01,17458.62,IN REVIEW
CLM0007221,POL003127,2024-09-13,4749.88,DENIED
CLM0011090,POL000169,2026-02-22,66391.82,OPEN
CLM0008315,POL004106,2024-06-12,70999.3,IN REVIEW
CLM0006265,POL003940,2024-11-22,18378.96,IN REVIEW
CLM0003764,POL003489,2025-08-11,12574.99,IN REVIEW
CLM0000891,POL000320,2026-03-11,46517.61,DENIED
CLM0004423,POL003349,2024-08-17,30511.68,IN REVIEW
CLM0001536,POL001068,2025-10-16,34334.09,CLOSED
CLM0008968,POL000409,2026-05-30,22546.95,IN REVIEW
CLM0009045,POL002027,2025-07-06,67164.59,IN REVIEW
CLM0011411,POL002954,2025-06-13,53665.84,OPEN
CLM0000942,POL004818,2025-11-14,37066.04,CLOSED
CLM0009020,POL000536,2024-06-23,9999999.99,CLOSED
CLM0005783,POL004544,2024-08-20,5679.53,IN REVIEW
CLM0005642,POL002584,2025-01-20,63616.41,DENIED
CLM0008935,POL004486,2024-07-01,17559.01,DENIED
CLM0010356,POL001052,2024-08-20,73774.38,CLOSED
CLM0010132,POL003018,2026-02-09,56271.34,IN REVIEW
CLM0001717,POL003724,2024-07-15,45829.64,OPEN
CLM0010738,POL002640,2026-03-31,2823.03,CLOSED
CLM0007602,POL004315,2026-05-18,28067.62,OPEN
CLM0008485,POL004127,2026-06-11,23977.84,IN REVIEW
CLM0008000,POL004385,2025-05-08,71852.73,DENIED
CLM0006858,POL000728,2026-04-15,-38123.12,DENIED
CLM0006505,POL000632,2024-08-24,32724.19,IN REVIEW
CLM0009554,POL004737,2025-10-30,15311.61,IN REVIEW
CLM0008636,POL001299,2024-06-10,42527.37,DENIED
CLM0000947,POL003773,2025-12-03,50204.96,IN REVIEW
CLM0004838,POL003871,2024-07-29,52333.61,IN REVIEW
CLM0000010,POL003724,2025-05-14,60268.04,IN REVIEW
CLM0009333,POL004166,2024-12-07,50880.84,CLOSED
CLM0002834,POL003224,2025-08-24,7434.55,DENIED
CLM0010994,POL001443,2024-07-09,59376.96,OPEN
CLM0003459,POL003446,2026-03-06,8475.84,  IN REVIEW 
CLM0007996,POL004049,2025-07-15,67874.29,DENIED
CLM0005289,POL002814,2025-08-11,14238.4,OPEN
CLM0006677,POL001098,2025-02-03,53969.39,DENIED
CLM0010492,POL004780,2025-05-09,49647.16,DENIED
CLM0006284,POL003650,2025-09-24,24106.23,IN REVIEW
CLM0008275,POL004200,2025-03-20,37959.21,CLOSED
CLM0001287,POL001244,2024-09-15,6204.89,OPEN
CLM0002901,POL001626,2025-05-16,192.02,DENIED
CLM0004755,POL001432,2025-06-07,46960.78,closed
CLM0004094,POL003771,2025-10-18,63478.31,DENIED
CLM0004269,POL001399,2025-04-04,15943.53,OPEN
CLM0001708,POL003896,2024-09-22,23427.82,OPEN
CLM0003960,POL001809,2025-04-08,15069.94,IN REVIEW
CLM0003988,POL003258,2024-08-21,29513.36,DENIED
CLM0008386,POL000085,2025-04-22,39010.12,OPEN
CLM0007683,POL001105,2026-05-20,58204.43,IN REVIEW
CLM0008836,POL001016,2024-07-25,49779.16,CLOSED
CLM0001754,POL000349,2025-09-04,59637.5,CLOSED
CLM0001146,POL002970,2025-07-12,26128.49,CLOSED
CLM0005228,POL004065,2024-08-24,3313.71,DENIED
CLM0006742,POL002070,2025-07-14,67121.67,DENIED
CLM0006415,POL001882,2024-06-23,56884.35,DENIED
CLM0002175,POL003134,2024-10-24,36615.09,CLOSED
CLM0011844,POL001327,2025-03-25,42689.64,OPEN
CLM0001967,POL002621,2025-12-18,76376.3,CLOSED
CLM0006311,POL000070,2025-07-23,36827.96,IN REVIEW
CLM0004980,POL002321,2025-10-01,79678.69,IN REVIEW
CLM0009572,POL000985,2025-08-22,8061.91,OPEN
CLM0008324,POL000063,2026-05-11,79790.32,IN REVIEW
CLM0005680,POL000242,2025-12-10,70814.49,CLOSED
CLM0002795,POL003907,2026-07-14,62126.9,CLOSED
CLM0011389,POL003665,2024-09-04,4205.44,CLOSED
CLM0010676,POL002519,2024-08-07,36278.38,DENIED
CLM0004209,POL002202,,9540.03,DENIED
CLM0008423,POL000581,2025-03-03,23471.2,OPEN
CLM0003966,POL004012,2026-02-05,57565.6,OPEN
CLM0006683,POL002542,2024-06-11,66076.43,CLOSED
CLM0011758,POL000078,2025-01-01,63136.4,OPEN
CLM0007155,POL001097,2026-02-20,68757.26,CLOSED
CLM0010157,POL001260,31/12/2025,65995.97,OPEN
CLM0004833,POL000697,2026-03-04,21124.76,IN REVIEW
CLM0009733,POL002441,2025-10-22,37108.07,DENIED
CLM0004872,POL003994,2026-05-09,53269.21,DENIED
CLM0006281,POL002988,2025-06-26,22835.42,DENIED
CLM0008725,POL001947,2025-12-09,29306.82,CLOSED
CLM0006929,POL002576,2025-10-12,36570.08,IN REVIEW
CLM0002170,POL000690,N/A,14034.3,  DENIED 
CLM0002758,POL004794,,45661.52,OPEN
CLM0003360,POL002640,2024-08-29,50546.47,DENIED
CLM0000561,POL003182,2026-01-22,68529.47,IN REVIEW
CLM0009762,POL000738,2026-06-05,36003.11,OPEN
CLM0005140,POL003643,2024-08-27,5457.42,OPEN
CLM0004282,POL004659,2024-12-30,58644.79,IN REVIEW
CLM0004873,POL004589,2026-01-25,35806.2,CLOSED
CLM0011284,POL004461,2025-05-11,75140.52,OPEN
CLM0008531,POL002347,2026-03-19,23538.26,DENIED
CLM0007131,POL000400,2025-10-10,51138.7,OPEN
CLM0000537,POL002640,2024-09-05,64564.55,OPEN
CLM0011584,POL002591,2025-07-04,78313.87,DENIED
CLM0002050,POL003195,2026-04-08,45367.74,OPEN
CLM0000165,POL000363,2025-12-31,27745.36,CLOSED
CLM0011700,POL001549,2024-09-22,75133.18,OPEN
CLM0010868,POL002677,2024-07-20,50201.66,IN REVIEW
CLM0007393,POL000295,2024-08-30,69025.71,CLOSED
CLM0009124,POL004232,2026-04-25,29522.65,OPEN
CLM0012000,POL000287,2025-02-20,69662.28,IN REVIEW
CLM0001585,POL000192,2024-09-28,4769.66,DENIED
CLM0011200,POL000794,2024-11-03,21602.3,IN REVIEW
CLM0004606,POL002708,2024-07-23,63953.29,DENIED
CLM0007104,POL001255,31/12/2025,14704.94,OPEN
CLM0002818,POL003038,2025-12-06,6174.95,OPEN
CLM0001794,POL003506,2025-08-29,76393.56,CLOSED
CLM0006363,POL003027,2025-04-01,57088.37,OPEN
CLM0007560,POL003765,2024-06-03,5422.47,DENIED
CLM0009030,POL002449,2025-12-23,67669.56,IN REVIEW
CLM0011437,POL003231,2026-06-03,56436.63,IN REVIEW
CLM0001389,POL004208,2026-01-09,19003.67,DENIED
CLM0010336,POL004962,2026-03-29,23442.85,CLOSED
CLM0003763,POL001982,2026-04-16,77924.29,CLOSED
CLM0008818,POL004036,2024-10-19,2739.88,DENIED
CLM0000352,POL001738,2024-08-29,45096.94,CLOSED
CLM0007523,POL000508,2025-08-17,36468.59,DENIED
CLM0000423,POL002074,2026-03-26,41257.31,CLOSED
CLM0004194,POL004076,2025-02-15,69899.97,CLOSED
CLM0004533,POL003920,2025-10-20,69149.02,IN REVIEW
CLM0000020,POL002793,2025-12-17,54842.98,OPEN
CLM0000840,POL003180,2024-06-30,22487.0,CLOSED
CLM0007920,POL002321,2024-09-19,30462.06,OPEN
CLM0005528,POL004846,2024-09-24,44483.09,DENIED
CLM0007011,POL001951,2026-01-24,41253.76,CLOSED
CLM0010252,POL000157,2026-05-16,12303.38,CLOSED
CLM0004621,POL001503,2025-06-01,36828.85,IN REVIEW
CLM0008411,POL004721,2026-05-01,79880.63,OPEN
CLM0001480,POL003431,2025-01-18,999.71,OPEN
CLM0006665,POL000977,2025-07-21,22312.35,DENIED
CLM0008878,POL002731,2025-02-10,59423.57,OPEN
CLM0004156,POL004353,2025-09-29,71467.61,OPEN
CLM0001457,POL003048,2025-02-28,53822.96,IN REVIEW
CLM0011949,POL004649,2024-09-25,23297.03,DENIED
CLM0004494,POL000087,2026-04-03,43717.79,CLOSED
CLM0007437,POL002670,2024-09-26,18713.6,IN REVIEW
CLM0004885,POL000554,2024-09-02,17647.27,IN REVIEW
CLM0002859,POL000459,2024-07-08,875.3,DENIED
CLM0001580,POL004840,2026-02-07,21046.37,DENIED
CLM0005803,POL003573,2025-09-09,37035.91,DENIED
CLM0001883,POL002687,2025-06-06,35835.04,IN REVIEW
CLM0005613,POL002649,2026-03-31,18631.18,OPEN
CLM0010918,POL004613,2024-11-07,21539.29,CLOSED
CLM0003380,POL001205,,62320.44,IN REVIEW
CLM0000647,POL002478,2025-07-05,26193.39,DENIED
CLM0005287,POL004536,2024-07-03,17162.33,OPEN
CLM0002881,POL003448,2026-07-21,55986.33,CLOSED
CLM0011737,POL004860,2026-02-22,21865.61,OPEN
CLM0005111,POL003090,2024-10-31,50867.16,OPEN
CLM0001620,POL004746,2025-08-28,6801.64,DENIED
CLM0008057,POL003866,2025-07-22,67697.59,OPEN
CLM0003645,POL002414,2026-07-14,17701.45,IN REVIEW
CLM0002916,POL004156,2024-08-09,36179.06,DENIED
CLM0009935,POL004435,2025-03-23,59222.07,DENIED
CLM0003684,POL003443,2025-11-16,42268.76,OPEN
CLM0004243,POL000948,2025-04-25,76981.19,DENIED
CLM0011624,POL000193,2026-02-09,5362.84,DENIED
CLM0001602,POL004877,2025-11-10,37352.75,IN REVIEW
CLM0005042,POL001615,2024-06-07,27985.8,DENIED
CLM0011430,POL002419,2025-07-22,42006.97,CLOSED
CLM0008761,POL003470,2025-06-19,10212.67,CLOSED
CLM0000488,POL002449,2024-07-10,1140.56,DENIED
CLM0011761,POL003834,2024-10-17,11065.85,IN REVIEW
CLM0003953,POL004028,2025-09-26,9022.64,OPEN
CLM0007442,POL001790,2024-12-22,45522.19,IN REVIEW
CLM0008653,POL000136,2025-08-14,1149.43,  OPEN 
CLM0002813,POL003331,2024-12-24,75393.84,  IN REVIEW 
CLM0007416,POL004179,2025-04-24,54364.33,DENIED
CLM0009129,POL001404,2025-07-23,38595.0,denied
CLM0009868,POL000380,2025-02-02,37856.1,denied
CLM0000727,POL002184,2026-01-08,72292.26,IN REVIEW
CLM0000256,POL002124,2024-07-21,39340.02,DENIED
CLM0007299,POL002341,2024-06-11,43784.95,OPEN
CLM0010198,POL001255,2024-06-01,28269.77,CLOSED
CLM0009397,POL001079,2025-07-21,10010.51,DENIED
CLM0001041,POL002934,2024-12-31,32865.93,IN REVIEW
CLM0001714,POL004192,2024-11-11,19848.16,OPEN
CLM0008902,POL003234,2025-08-06,12582.16,DENIED
CLM0006467,POL001445,2025-05-06,54288.3,OPEN
CLM0008077,POL004263,2025-07-03,25038.43,OPEN
CLM0005912,POL000875,2026-03-26,941.62,CLOSED
CLM0008293,POL004808,2025-12-24,5779.94,IN REVIEW
CLM0011503,POL001830,2025-06-11,32562.69,OPEN
CLM0007065,POL001822,2026-06-15,0,IN REVIEW
CLM0008280,POL004912,2025-02-09,43306.8,CLOSED
CLM0006266,POL001509,2025-09-01,1230.93,  CLOSED 
CLM0002161,POL004414,2025-04-30,56709.91,OPEN
CLM0006018,POL002973,2025-02-20,19415.33,IN REVIEW
CLM0002541,POL001409,2026-05-13,25349.29,CLOSED
CLM0006213,POL003851,2026-06-27,61944.6,OPEN
CLM0002368,POL004744,2025-03-12,47942.33,DENIED
CLM0006581,POL004505,2026-05-31,74805.07,DENIED
CLM0009565,POL000457,2025-08-30,62536.95,IN REVIEW
CLM0007191,POL004630,2024-11-28,58573.44,OPEN
CLM0009930,POL002263,2024-07-06,42463.77,CLOSED
CLM0002791,POL000752,2024-08-17,54561.57,OPEN
CLM0005815,POL001702,2025-10-10,19902.51,IN REVIEW
CLM0008245,POL004726,2026-01-09,50613.31,OPEN
CLM0007535,POL002805,2024-12-23,76109.68,OPEN
CLM0004204,POL002442,2025-12-27,78348.1,CLOSED
CLM0006623,POL000273,2026-06-09,78233.97,CLOSED
CLM0001464,POL004306,2025-04-04,70211.54,CLOSED
CLM0007900,POL004106,2025-10-24,62818.34,IN REVIEW
CLM0009248,POL004998,2024-08-05,8328.15,IN REVIEW
CLM0001778,POL003368,2025-06-17,62099.13,OPEN
CLM0007135,POL004769,2026-02-01,8716.3,IN REVIEW
CLM0001379,POL003560,2026-04-25,24159.03,DENIED
CLM0002712,POL004409,2025-04-19,33503.17,IN REVIEW
CLM0009049,POL000839,2025-10-25,24490.57,IN REVIEW
CLM0010581,POL000167,2025-04-29,2647.5,CLOSED
CLM0008199,POL002726,2025-04-28,4108.1,OPEN
CLM0009928,POL003635,2025-04-17,46570.75,IN REVIEW
CLM0008229,POL001625,2024-09-07,24277.84,  IN REVIEW 
CLM0004831,POL004616,2026-03-27,70975.73,  IN REVIEW 
CLM0003404,POL000184,2026-05-30,11774.25,OPEN
CLM0004908,POL000744,2025-03-02,26328.72,CLOSED
CLM0006426,POL003112,2025-01-21,39312.87,IN REVIEW
CLM0004443,POL003278,2026-06-02,17302.93,CLOSED
CLM0002094,POL001192,2026-05-31,9394.12,DENIED
CLM0010503,POL001936,2025-05-06,11077.99,  DENIED 
CLM0011344,POL001976,2026-06-17,9999999.99,CLOSED
CLM0009507,POL001711,2025-12-05,33692.93,CLOSED
CLM0005446,POL003927,2026-07-11,52460.75,IN REVIEW
CLM0006814,POL002354,2025-08-30,72994.45,OPEN
CLM0005167,POL001083,2026-02-13,16915.49,  OPEN 
CLM0004045,POL001086,2025-07-09,9999999.99,CLOSED
CLM0003343,POL001201,2024-06-09,27441.26,CLOSED
CLM0010509,POL004345,2025-11-03,11532.26,OPEN
CLM0000837,POL004741,2025-09-27,9999999.99,open
CLM0008778,POL003854,2024-06-01,8343.67,DENIED
CLM0006608,POL002760,2024-09-03,66071.73,IN REVIEW
CLM0005601,POL004373,2025-12-02,35090.7,CLOSED
CLM0010457,POL002204,2024-07-20,61740.46,OPEN
CLM0008882,POL001645,2026-03-10,13256.66,CLOSED
CLM0006680,POL004683,2025-11-19,63728.4,IN REVIEW
CLM0006955,POL004711,2025-02-02,35074.57,IN REVIEW
CLM0002086,POL004336,2025-05-19,18407.89,  IN REVIEW 
CLM0010342,POL003363,2025-06-27,34620.9,CLOSED
CLM0006512,POL003425,2025-08-27,9347.11,DENIED
CLM0009003,POL003080,2025-10-05,51504.92,DENIED
CLM0005620,POL004178,2025-07-22,15046.09,CLOSED
CLM0010784,POL003741,2025-09-25,29861.34,CLOSED
CLM0006530,POL002302,2024-06-22,30848.1,  IN REVIEW 
CLM0004679,POL000810,2025-02-26,59298.76,OPEN
CLM0010857,POL001093,2024-12-26,21141.89,DENIED
CLM0003956,POL002978,2026-07-08,13918.49,DENIED
CLM0000091,POL001584,2024-12-01,5478.38,DENIED
CLM0002525,POL000766,2025-04-12,21490.08,DENIED
CLM0005371,POL002762,2024-12-14,55601.76,IN REVIEW
CLM0005839,POL000269,2026-07-08,55623.47,CLOSED
CLM0003065,POL002905,2025-12-23,79908.9,CLOSED
CLM0007930,POL002143,2025-08-13,8863.71,OPEN
CLM0008958,POL004516,2025-11-07,185.56,OPEN
CLM0005907,POL002439,2025-05-07,16469.35,IN REVIEW
CLM0009214,POL001029,2025-06-08,49869.17,IN REVIEW
CLM0003662,POL004263,2025-11-02,22651.57,IN REVIEW
CLM0005225,POL000009,2026-05-01,43610.09,DENIED
CLM0006457,POL002014,2025-01-28,32150.18,CLOSED
CLM0001880,POL004632,2026-07-07,57947.04,OPEN
CLM0004810,POL003062,2026-07-21,29471.2,open
CLM0002676,POL003351,2025-09-01,9860.65,CLOSED
CLM0002437,POL003000,2025-07-22,12040.55,CLOSED
CLM0002688,POL002226,2026-04-08,65949.08,DENIED
CLM0003952,POL001667,2026-05-17,77975.93,  IN REVIEW 
CLM0001078,POL004016,2024-12-22,78735.56,OPEN
CLM0000841,POL001626,2025-08-17,49976.07,IN REVIEW
CLM0006900,POL000156,2026-03-19,58027.81,IN REVIEW
CLM0006797,POL003495,2024-06-21,36624.54,OPEN
CLM0002084,POL002872,2024-09-06,10357.21,IN REVIEW
CLM0005117,POL004555,2025-09-09,29577.88,IN REVIEW
CLM0002850,POL000542,2026-02-12,21138.02,CLOSED
CLM0009250,POL003984,2025-04-19,67971.48,CLOSED
CLM0009264,POL004875,2025-10-09,13739.65,OPEN
CLM0007892,POL001294,2025-12-26,32595.33,IN REVIEW
CLM0004499,POL002781,2026-01-29,31907.84,DENIED
CLM0007543,POL003529,2025-09-07,59269.3,IN REVIEW
CLM0001038,POL001464,2025-03-10,51574.35,CLOSED
CLM0011944,POL002077,2025-07-20,64666.48,DENIED
CLM0009161,POL004743,2025-08-27,63903.9,CLOSED
CLM0010464,POL004933,2025-05-04,1260.53,IN REVIEW
CLM0000457,POL003282,2025-12-31,63112.03,DENIED
CLM0006735,POL001584,2025-01-17,0,IN REVIEW
CLM0010864,POL004015,2025-04-15,60692.93,closed
CLM0004973,POL001350,2026-02-07,59783.37,DENIED
CLM0007795,POL004258,2025-03-11,72674.56,CLOSED
CLM0003416,POL003990,2025-10-31,77846.56,DENIED
CLM0010196,POL004841,2024-09-06,72530.11,DENIED
CLM0002951,POL004376,2025-10-27,72215.72,CLOSED
CLM0000750,POL004716,2026-07-12,32810.48,open
CLM0008316,POL003779,2025-10-06,15443.5,OPEN
CLM0007546,POL003805,2025-01-29,15622.04,CLOSED
CLM0002027,POL004831,2024-08-04,1105.56,CLOSED
CLM0006717,POL003930,2025-09-22,69080.24,OPEN
CLM0009750,POL003571,2026-05-09,51069.37,IN REVIEW
CLM0006096,POL004393,2025-12-20,78888.67,DENIED
CLM0009988,POL004768,2025-04-06,74379.97,IN REVIEW
CLM0010283,POL000153,2025-01-30,73386.52,IN REVIEW
CLM0008364,POL003116,N/A,17259.26,DENIED
CLM0008527,POL001693,2025-02-12,7708.93,OPEN
CLM0010027,POL002967,2026-03-11,41130.51,IN REVIEW
CLM0009284,POL002140,2026-01-02,29305.98,DENIED
CLM0007748,POL002885,2025-03-11,48571.39,IN REVIEW
CLM0006463,POL004661,2025-09-19,26035.21,OPEN
CLM0006632,POL000289,2024-09-18,73962.46,IN REVIEW
CLM0008252,POL003451,2024-11-25,53043.33,OPEN
CLM0004681,POL004206,2025-09-16,5908.79,CLOSED
CLM0005097,POL004164,2026-01-10,15487.88,IN REVIEW
CLM0003396,POL003052,2024-10-07,42642.48,CLOSED
CLM0006976,POL004084,2025-11-14,57518.73,IN REVIEW
CLM0006475,POL003447,2025-05-08,41705.13,OPEN
CLM0006540,POL000772,2026-05-18,2117.94,OPEN
CLM0003301,POL002262,2025-09-22,61879.63,OPEN
CLM0007005,POL003333,2025-11-14,62571.43,DENIED
CLM0007622,POL003386,2026-03-14,8057.6,DENIED
CLM0006462,POL000210,2025-01-06,27205.69,DENIED
CLM0010594,POL003118,2024-11-28,28443.56,CLOSED
CLM0011744,POL002474,2026-05-04,672.43,CLOSED
CLM0001369,POL001035,2025-04-19,4204.68,DENIED
CLM0006160,POL004480,2026-01-17,75349.59,CLOSED
CLM0005453,POL003704,2025-09-13,65804.2,CLOSED
CLM0002362,POL004490,2025-11-12,62554.16,CLOSED
CLM0007558,POL001611,2024-12-13,60705.29,IN REVIEW
CLM0010546,POL002109,2025-04-17,28036.2,CLOSED
CLM0004784,POL002399,2025-06-01,12021.96,denied
CLM0000247,POL002276,2026-01-23,58176.81,OPEN
CLM0006504,POL003587,2024-07-04,71797.69,IN REVIEW
CLM0009039,POL001289,2025-10-03,37742.39,OPEN
CLM0003053,POL001975,2024-06-10,45415.29,DENIED
CLM0008464,POL002966,2026-06-04,33474.96,OPEN
CLM0010433,POL002544,2025-09-30,78936.58,OPEN
CLM0006831,POL000381,2026-01-08,31688.25,IN REVIEW
CLM0000590,POL004014,2025-11-14,8316.66,IN REVIEW
CLM0009673,POL002032,2024-08-23,64163.56,IN REVIEW
CLM0010057,POL000114,2025-07-14,58707.3,CLOSED
CLM0006959,POL001002,2025-04-21,62455.56,DENIED
CLM0003556,POL000809,2025-09-28,41893.15,DENIED
CLM0000682,POL000408,2024-06-23,60799.91,DENIED
CLM0000500,POL000354,2024-09-16,49948.74,DENIED
CLM0007807,POL004605,2025-08-11,6258.67,OPEN
CLM0001519,POL001572,2024-12-09,59229.29,CLOSED
CLM0009231,POL003202,2025-04-25,7831.69,OPEN
CLM0011807,POL002020,2025-11-14,24119.56,IN REVIEW
CLM0010416,POL003018,2026-05-18,68741.38,CLOSED
CLM0005021,POL003297,2026-01-03,18268.95,  IN REVIEW 
CLM0000250,POL001420,2026-04-07,15057.25,DENIED
CLM0010528,POL004673,2026-07-04,58367.84,OPEN
CLM0000108,POL003713,2026-07-16,71415.03,CLOSED
CLM0011212,POL004342,2025-03-03,51527.57,CLOSED
CLM0002654,POL003625,2024-11-08,3270.91,OPEN
CLM0000869,POL002139,2026-03-31,16970.28,IN REVIEW
CLM0010812,POL003497,2026-03-26,74117.18,IN REVIEW
CLM0010659,POL000987,2025-01-14,28785.82,CLOSED
CLM0001402,POL001996,2025-07-07,30689.08,OPEN
CLM0005940,POL004414,2026-06-15,25724.82,CLOSED
CLM0006383,POL004329,2026-04-16,39975.09,CLOSED
CLM0005599,POL004486,2025-09-13,35906.51,IN REVIEW
CLM0011659,POL002524,2025-01-19,24745.75,IN REVIEW
CLM0008794,POL910052,2024-10-29,49808.28,DENIED
CLM0008253,POL001338,2025-10-31,68011.49,DENIED
CLM0007582,POL001184,2024-10-10,50677.44,OPEN
CLM0010859,POL004678,2025-02-03,48324.18,OPEN
CLM0000303,POL000176,2025-04-04,26844.89,DENIED
CLM0009757,POL001614,2025-08-09,57589.56,OPEN
CLM0009992,POL001700,2025-07-20,47071.88,IN REVIEW
CLM0001224,POL004480,2026-05-13,56976.42,CLOSED
CLM0001149,POL001461,2025-03-10,6353.71,in review
CLM0003136,POL001785,N/A,17056.09,IN REVIEW
CLM0001680,POL002404,2025-02-14,66329.02,IN REVIEW
CLM0001005,POL003889,2026-06-03,16959.37,DENIED
CLM0011105,POL004553,31/12/2025,15502.99,IN REVIEW
CLM0010112,POL002216,2025-07-08,76618.99,OPEN
CLM0003228,POL000468,2025-07-11,33204.13,DENIED
CLM0005178,POL004940,2025-11-04,9634.06,in review
CLM0006177,POL000514,2026-04-06,26337.35,OPEN
CLM0009808,POL000875,2025-01-31,40338.55,CLOSED
CLM0007680,POL003473,2026-03-01,72450.22,DENIED
CLM0007301,POL003050,2025-01-16,29188.23,DENIED
CLM0000114,POL000352,2025-04-10,46379.61,OPEN
CLM0011755,POL000925,2026-02-09,53676.72,IN REVIEW
CLM0011325,POL002060,2026-05-20,73294.73,OPEN
CLM0004093,POL003283,2025-08-13,40864.84,CLOSED
CLM0009853,POL002446,2025-10-17,30454.74,DENIED
CLM0007310,POL004995,2025-08-28,55473.33,OPEN
CLM0000778,POL003289,2024-10-30,14956.59,OPEN
CLM0008689,POL000805,2025-01-06,44193.59,CLOSED
CLM0005504,POL001433,2026-04-17,60789.43,IN REVIEW
CLM0011103,POL004853,2025-05-30,54817.73,IN REVIEW
CLM0011931,POL002087,2025-10-19,70695.23,OPEN
CLM0007170,POL002426,2025-06-13,33337.09,DENIED
CLM0005658,POL000344,2025-11-13,39186.67,IN REVIEW
CLM0010056,POL001483,2025-02-17,48628.5,DENIED
CLM0007326,POL004652,2024-07-03,16155.21,DENIED
CLM0010326,POL001343,2025-02-14,5703.41,CLOSED
CLM0006846,POL000617,2025-08-06,79549.75,CLOSED
CLM0000132,POL000120,2026-04-27,15470.86,DENIED
CLM0004242,POL001154,2024-09-18,-43581.07,DENIED
CLM0009984,POL000063,2024-11-28,64629.59,CLOSED
CLM0002593,POL002640,2024-08-06,60658.25,DENIED
CLM0007571,POL002938,2026-06-14,23180.92,OPEN
CLM0002361,POL001110,2024-06-16,74513.1,IN REVIEW
CLM0005348,POL001922,2024-12-03,23735.36,DENIED
CLM0008969,POL000722,2024-12-22,71769.05,IN REVIEW
CLM0001103,POL000794,2025-11-01,47633.58,IN REVIEW
CLM0005465,POL001712,2025-02-09,38775.27,OPEN
CLM0003592,POL001848,2025-09-17,6461.01,CLOSED
CLM0007770,POL003813,2026-03-30,55514.91,OPEN
CLM0006867,POL000091,2024-11-16,70113.55,DENIED
CLM0000317,POL004552,2026-05-04,70555.45,IN REVIEW
CLM0006209,POL003705,2025-06-29,19857.52,OPEN
CLM0000188,POL000809,2025-12-11,29926.97,CLOSED
CLM0000111,POL000231,2024-12-21,45936.18,DENIED
CLM0000246,POL001447,2025-03-02,46364.23,IN REVIEW
CLM0003256,POL002780,2025-03-09,40923.89,DENIED
CLM0000779,POL000216,2024-12-11,46204.09,DENIED
CLM0009205,POL000885,2025-07-26,11957.8,DENIED
CLM0007297,POL001078,2025-02-22,50398.9,IN REVIEW
CLM0008764,POL000293,2026-05-16,12664.85,DENIED
CLM0000174,POL001390,2026-01-03,13886.21,CLOSED
CLM0009491,POL002598,2026-05-17,77380.67,IN REVIEW
CLM0004458,POL000580,2026-06-16,47731.93,CLOSED
CLM0002765,POL002249,2024-12-19,25768.22,OPEN
CLM0007452,POL002496,2025-10-18,70079.63,OPEN
CLM0010098,POL002941,2025-03-17,52369.43,DENIED
CLM0009670,POL960757,2024-10-28,40419.5,IN REVIEW
CLM0007765,POL001081,2025-02-22,27287.4,CLOSED
CLM0001085,POL002421,2024-07-23,58464.99,DENIED
CLM0006617,POL003797,2026-02-07,57766.53,CLOSED
CLM0000258,POL001388,2024-10-18,38387.53,DENIED
CLM0000156,POL003123,2025-10-25,13098.04,CLOSED
CLM0007174,POL000107,2025-09-02,49778.77,CLOSED
CLM0001675,POL004767,2024-12-12,52013.28,CLOSED
CLM0005295,POL001191,2026-07-17,41671.79,IN REVIEW
CLM0000966,POL001798,2026-02-22,28124.44,CLOSED
CLM0001407,POL004406,2026-05-01,75454.12,CLOSED
CLM0000826,POL001416,2024-09-08,38949.13,OPEN
CLM0002499,POL000123,2025-11-05,70201.87,DENIED
CLM0011935,POL004303,2025-01-13,29250.17,DENIED
CLM0009034,POL000202,2025-02-20,16461.14,DENIED
CLM0008566,POL004688,2025-10-05,380.14,OPEN
CLM0008757,POL003641,2025-09-18,1298.4,CLOSED
CLM0009942,POL000482,2026-02-10,6953.18,DENIED
CLM0011025,POL001404,0000-00-00,15644.9,IN REVIEW
CLM0006035,POL000241,2025-04-30,16881.2,DENIED
CLM0003407,POL003835,2025-07-07,48483.56,DENIED
CLM0011600,POL004078,2025-12-25,15663.55,CLOSED
CLM0005212,POL003807,2025-12-11,73151.55,CLOSED
CLM0006864,POL001584,2025-04-10,35307.49,DENIED
CLM0011005,POL002474,2024-11-01,68217.88,CLOSED
CLM0000768,POL001615,2026-04-21,60355.7,  IN REVIEW 
CLM0003842,POL000443,2024-09-09,32368.77,DENIED
CLM0002804,POL000244,2026-05-11,67101.25,IN REVIEW
CLM0000436,POL004000,2026-06-27,50268.03,OPEN
CLM0009615,POL003243,2026-13-45,64849.17,DENIED
CLM0000515,POL004594,2025-07-21,1145.01,IN REVIEW
CLM0005894,POL003363,2025-02-18,27388.01,DENIED
CLM0008157,POL003057,2026-01-27,28272.33,DENIED
CLM0010339,POL003645,2026-03-07,36863.27,CLOSED
CLM0000344,POL002281,2025-04-06,36382.5,IN REVIEW
CLM0001945,POL003244,2025-07-19,72841.59,OPEN
CLM0001117,POL001185,2024-06-26,76182.85,OPEN
CLM0006916,POL003781,2024-08-13,18654.69,IN REVIEW
CLM0005474,POL003068,2025-03-12,73496.18,OPEN
CLM0010582,POL000448,N/A,20176.04,OPEN
CLM0002585,POL003757,2025-05-13,12217.08,IN REVIEW
CLM0003879,POL002301,2026-06-23,1954.05,CLOSED
CLM0002165,POL000931,2025-10-14,31608.99,OPEN
CLM0003946,POL002635,2025-07-11,26460.74,DENIED
CLM0003687,POL002696,2025-03-10,6812.75,OPEN
CLM0009632,POL002268,2025-03-04,64624.23,IN REVIEW
CLM0002392,POL001110,2025-08-31,35457.55,OPEN
CLM0007197,POL002114,2026-02-23,2784.84,OPEN
CLM0003857,POL000346,2025-01-27,36702.81,IN REVIEW
CLM0006203,POL003171,2026-07-18,62520.29,DENIED
CLM0004647,POL004776,2026-03-04,4369.43,IN REVIEW
CLM0010092,POL001537,2026-06-01,54045.52,OPEN
CLM0003769,POL000278,2024-06-20,63719.39,CLOSED
CLM0006762,POL004124,2026-02-27,71975.56,DENIED
CLM0006024,POL004809,2025-03-03,54070.95,OPEN
CLM0000035,POL004558,2025-04-15,58724.05,CLOSED
CLM0008444,POL001149,2024-08-04,9875.74,OPEN
CLM0004543,POL000410,2026-02-19,71144.85,CLOSED
CLM0003103,POL001169,0000-00-00,37969.15,IN REVIEW
CLM0011509,POL003675,2025-10-26,29424.34,DENIED
CLM0000356,POL003217,2026-06-03,74084.94,CLOSED
CLM0000935,POL004408,2024-08-13,60529.71,OPEN
CLM0003905,POL000728,2026-03-05,48303.21,CLOSED
CLM0007777,POL003634,2025-01-20,46269.92,DENIED
CLM0009389,POL002690,2026-06-11,41224.73,CLOSED
CLM0009883,POL004282,2026-03-11,64277.88,IN REVIEW
CLM0005899,POL001658,2024-09-12,77590.1,OPEN
CLM0011076,POL000172,2025-04-03,5253.91,DENIED
CLM0011242,POL003135,2026-02-17,35351.3,DENIED
CLM0008351,POL003376,2025-05-09,8298.79,DENIED
CLM0002649,POL004349,2024-11-19,41696.71,OPEN
CLM0005660,POL003092,2026-01-03,9522.85,CLOSED
CLM0011566,POL000547,2025-02-17,21646.58,CLOSED
CLM0004712,POL002589,2025-10-13,35344.32,  OPEN 
CLM0003456,POL004632,2025-10-21,50245.66,OPEN
CLM0002744,POL001548,2024-11-26,36369.63,OPEN
CLM0007809,POL001755,2025-09-27,12953.55,DENIED
CLM0011350,POL002624,2025-01-08,26848.99,IN REVIEW
CLM0003668,POL004345,2026-05-25,58606.28,  DENIED 
CLM0002010,POL002369,2026-04-29,18386.54,DENIED
CLM0004144,POL004071,2026-02-18,16287.26,IN REVIEW
CLM0004497,POL003306,2024-10-21,51553.63,DENIED
CLM0005443,POL000959,2025-03-04,54875.93,DENIED
CLM0004661,POL000368,2024-11-07,12386.58,CLOSED
CLM0000672,POL002465,2026-02-12,11632.71,CLOSED
CLM0007512,POL002738,2024-06-03,21170.07,IN REVIEW
CLM0005166,POL002595,2025-06-27,10046.06,CLOSED
CLM0001467,POL002540,2026-01-21,20104.76,CLOSED
CLM0009809,POL001989,2025-10-15,50827.19,CLOSED
CLM0011111,POL004069,2026-01-20,21530.57,DENIED
CLM0007797,POL000748,2026-04-16,78302.79,IN REVIEW
CLM0002522,POL000692,2026-07-10,7057.28,IN REVIEW
CLM0006216,POL002032,2024-09-19,76122.29,OPEN
CLM0008191,POL004293,2024-08-12,73378.47,CLOSED
CLM0005210,POL004931,2024-12-03,61086.19,OPEN
CLM0009486,POL003059,2026-02-21,53833.72,CLOSED
CLM0011000,POL000674,2025-10-04,21832.75,CLOSED
CLM0006790,POL004918,2024-07-25,26382.32,IN REVIEW
CLM0001583,POL001477,2026-02-23,45948.94,DENIED
CLM0010818,POL002876,2025-10-09,24198.34,CLOSED
CLM0001306,POL002781,0000-00-00,71556.74,IN REVIEW
CLM0000905,POL000011,2025-12-15,57420.44,closed
CLM0011488,POL003854,2026-06-10,2391.6,OPEN
CLM0008930,POL001241,2026-03-16,6100.53,CLOSED
CLM0002890,POL002414,0000-00-00,20718.66,IN REVIEW
CLM0006671,POL002720,2025-03-01,1996.94,CLOSED
CLM0000961,POL002202,2025-09-19,68681.3,  CLOSED 
CLM0009163,POL000671,2025-08-29,3314.36,OPEN
CLM0003334,POL000182,2025-04-06,5423.34,CLOSED
CLM0001234,POL000335,2025-09-06,19023.87,OPEN
CLM0010013,POL000160,2025-08-21,18704.14,DENIED
CLM0009569,POL003592,2025-02-12,79514.87,CLOSED
CLM0009015,POL004496,2026-06-11,8881.67,  DENIED 
CLM0010699,POL002123,2026-07-11,66188.39,IN REVIEW
CLM0004538,POL000354,2025-08-10,60419.33,OPEN
CLM0008047,POL001425,2026-06-02,34029.71,  DENIED 
CLM0004241,POL003324,2026-04-09,44909.22,OPEN
CLM0011366,POL004221,2025-10-16,1776.15,in review
CLM0005797,POL004307,2025-09-28,44570.59,CLOSED
CLM0010245,POL000401,2024-08-18,73505.07,OPEN
CLM0001952,POL000044,2025-11-19,43385.31,OPEN
CLM0007124,POL002959,2025-04-02,69527.22,DENIED
CLM0003881,POL004744,2026-01-07,77283.89,CLOSED
CLM0001471,POL004081,2025-10-24,5096.75,DENIED
CLM0008596,POL003596,2025-08-10,52075.54,  OPEN 
CLM0002018,POL001585,2024-07-23,71632.34,DENIED
CLM0009669,POL003922,2025-03-23,61089.4,DENIED
CLM0006034,POL002287,2026-02-07,2722.82,CLOSED
CLM0005360,POL004111,2024-11-01,19217.57,closed
CLM0006377,POL000399,2025-11-19,34909.46,IN REVIEW
CLM0005981,POL002350,2024-08-19,18076.4,OPEN
CLM0001213,POL002936,2026-05-28,12588.66,CLOSED
CLM0008452,POL004831,2026-02-17,38960.42,IN REVIEW
CLM0008597,POL000163,2024-09-08,3980.62,DENIED
CLM0007926,POL004036,2024-07-31,68704.03,OPEN
CLM0008536,POL002474,2025-01-18,18564.33,DENIED
CLM0008121,POL001483,2026-04-20,51624.63,DENIED
CLM0011513,POL001552,2024-11-24,0,OPEN
CLM0006351,POL002444,2024-08-10,63530.99,CLOSED
CLM0007446,POL004337,2024-06-08,48563.13,DENIED
CLM0002208,POL004343,2025-04-08,73973.83,denied
CLM0008996,POL000135,2026-02-18,11774.74,  OPEN 
CLM0011019,POL002552,2024-09-07,2379.6,DENIED
CLM0005492,POL003446,2025-06-17,15121.28,DENIED
CLM0007837,POL002036,2025-10-05,58158.52,DENIED
CLM0001195,POL004232,2024-10-09,34254.34,DENIED
CLM0007448,POL001667,2025-02-14,76723.92,OPEN
CLM0008939,POL004808,2025-07-03,33950.31,DENIED
CLM0000439,POL000150,2026-03-03,79407.7,CLOSED
CLM0002800,POL001499,2024-11-20,43073.34,IN REVIEW
CLM0010885,POL004992,2025-06-24,24229.7,IN REVIEW
CLM0004255,POL003300,2026-07-13,32982.9,IN REVIEW
CLM0004110,POL001516,2025-02-21,62231.58,IN REVIEW
CLM0010978,POL003557,2024-08-22,25610.39,in review
CLM0004778,POL001162,2026-04-26,17156.77,DENIED
CLM0000991,POL004118,2026-04-04,8258.59,IN REVIEW
CLM0003155,POL001930,2024-10-10,61981.31,DENIED
CLM0011538,POL000950,2024-08-31,45522.69,CLOSED
CLM0009327,POL003644,2024-07-15,4181.51,CLOSED
CLM0010097,POL002128,2025-03-23,20596.28,DENIED
CLM0009752,POL003567,2024-12-26,32804.93,CLOSED
CLM0004182,POL001656,2024-09-13,61265.72,IN REVIEW
CLM0010303,POL002998,2025-06-19,59782.9,  CLOSED 
CLM0010824,POL002657,2025-04-04,3544.59,DENIED
CLM0011932,POL002891,2024-06-27,17772.83,OPEN
CLM0011455,POL002335,2025-03-23,73188.18,CLOSED
CLM0007788,POL002562,2025-04-17,49980.85,OPEN
CLM0010985,POL000263,2026-01-15,26484.43,DENIED
CLM0008274,POL000787,2026-05-27,9999999.99,DENIED
CLM0008523,POL000022,2026-07-01,64113.04,IN REVIEW
CLM0000803,POL000450,2026-03-19,72877.43,CLOSED
CLM0005296,POL003378,2026-03-03,1128.64,IN REVIEW
CLM0006076,POL002106,2024-12-10,5899.47,IN REVIEW
CLM0006697,POL001024,2025-11-06,7035.96,OPEN
CLM0008436,POL004356,2025-07-06,15870.51,OPEN
CLM0010264,POL004819,2025-03-03,27277.01,CLOSED
CLM0004984,POL004045,2025-08-31,1295.29,IN REVIEW
CLM0006198,POL001507,2025-09-27,17123.77,DENIED
CLM0009457,POL000080,31/12/2025,21813.34,CLOSED
CLM0008217,POL004429,2024-06-10,16474.25,IN REVIEW
CLM0002320,POL000532,2024-12-20,46159.46,OPEN
CLM0003342,POL001731,2024-06-12,62324.55,IN REVIEW
CLM0007239,POL003468,2024-07-04,9999999.99,  OPEN 
CLM0007980,POL003230,2026-04-15,47388.97,closed
CLM0003071,POL000843,2024-06-19,0,IN REVIEW
CLM0011018,POL001200,2026-05-01,68045.97,OPEN
CLM0006999,POL004744,2025-07-21,38484.22,OPEN
CLM0008263,POL002408,2024-11-27,43622.14,DENIED
CLM0011790,POL002388,2025-10-18,52731.04,DENIED
CLM0006420,POL004108,2026-03-12,15910.51,CLOSED
CLM0011751,POL004441,2026-06-15,49800.41,CLOSED
CLM0006240,POL004640,2026-05-03,3243.92,CLOSED
CLM0002933,POL004908,2024-12-23,35800.87,CLOSED
CLM0006098,POL004177,2026-05-30,56763.96,DENIED
CLM0006661,POL001780,2026-02-19,46389.49,IN REVIEW
CLM0011283,POL004687,2026-01-26,71280.66,OPEN
CLM0008610,POL002330,2025-12-15,44536.8,CLOSED
CLM0005017,POL001558,2025-02-17,32154.44,DENIED
CLM0000396,POL004659,2025-03-08,34951.79,CLOSED
CLM0011916,POL003178,2025-04-18,46067.64,OPEN
CLM0004546,POL002038,2025-01-23,53005.6,IN REVIEW
CLM0009602,POL004034,2024-10-31,75692.58,OPEN
CLM0004425,POL004465,2024-08-03,60464.88,OPEN
CLM0000836,POL001235,2026-07-02,2879.08,IN REVIEW
CLM0009603,POL004604,2024-11-13,49925.93,DENIED
CLM0006248,POL004277,2024-10-23,48780.86,DENIED
CLM0009887,POL001659,2024-12-16,66418.21,IN REVIEW
CLM0005469,POL002104,2025-09-16,18185.74,OPEN
CLM0005934,POL002157,2025-06-16,17767.41,DENIED
CLM0002000,POL000242,2025-10-13,43391.9,DENIED
CLM0003992,POL003690,2025-06-25,11719.0,CLOSED
CLM0006577,POL000075,2026-05-14,40599.02,DENIED
CLM0008775,POL001024,2026-07-20,32861.87,OPEN
CLM0002275,POL003146,,35745.67,OPEN
CLM0004835,POL003671,2024-08-12,73766.44,CLOSED
CLM0004998,POL002511,2025-07-13,61300.01,IN REVIEW
CLM0000695,POL001281,2024-06-19,9999999.99,IN REVIEW
CLM0000334,POL000940,2025-02-24,2567.55,OPEN
CLM0009967,POL000538,2025-07-14,50246.69,OPEN
CLM0001420,POL004304,2026-01-31,50942.35,IN REVIEW
CLM0002796,POL004279,2025-08-28,52328.12,OPEN
CLM0006232,POL004853,2025-01-03,5844.72,CLOSED
CLM0010695,POL004158,2025-05-14,41853.45,DENIED
CLM0006049,POL004063,2024-07-22,43423.54,DENIED
CLM0007367,POL000337,2024-08-19,73508.81,DENIED
CLM0000692,POL956336,2025-12-01,10121.98,IN REVIEW
CLM0011295,POL003391,2025-04-23,44856.22,OPEN
CLM0011905,POL003886,2024-07-31,52274.45,OPEN
CLM0011293,POL002182,2025-07-09,20048.14,DENIED
CLM0011902,POL002423,2025-08-16,11208.27,closed
CLM0003733,POL001559,2026-06-01,22696.33,CLOSED
CLM0006902,POL001063,2025-05-27,29955.94,DENIED
CLM0000029,POL002442,2026-03-07,67102.9,OPEN
CLM0003225,POL000819,2024-06-24,67195.65,IN REVIEW
CLM0009708,POL003233,2024-12-15,1043.42,DENIED
CLM0004803,POL001545,2024-12-26,37117.42,IN REVIEW
CLM0001082,POL000779,2026-03-13,77254.36,IN REVIEW
CLM0002969,POL002949,2024-10-04,36254.15,IN REVIEW
CLM0001211,POL002408,2026-02-26,58038.97,CLOSED
CLM0011426,POL001206,2025-01-07,61523.82,IN REVIEW
CLM0000375,POL000803,2025-05-15,2588.26,CLOSED
CLM0006201,POL003914,2026-06-01,68548.77,DENIED
CLM0003894,POL004810,2025-05-23,22653.0,IN REVIEW
CLM0003738,POL000346,2026-03-01,55483.64,CLOSED
CLM0002770,POL003198,2025-11-21,48014.12,DENIED
CLM0004697,POL001720,2024-10-04,17501.19,CLOSED
CLM0001940,POL001357,2024-12-08,33280.83,  CLOSED 
CLM0004534,POL002291,2024-12-10,60833.85,DENIED
CLM0001278,POL002432,2026-01-26,51511.09,IN REVIEW
CLM0010654,POL001938,2025-10-29,19110.6,OPEN
CLM0006104,POL004179,2024-08-12,61408.51,CLOSED
CLM0004899,POL002544,2025-12-18,68341.06,CLOSED
CLM0005676,POL001713,2024-11-04,8709.49,DENIED
CLM0009304,POL000126,2024-10-30,76297.53,OPEN
CLM0007530,POL000814,2025-06-21,2698.0,DENIED
CLM0009592,POL000630,2026-04-12,48933.16,CLOSED
CLM0000330,POL002914,2026-02-28,73297.33,CLOSED
CLM0000350,POL001784,2026-04-24,4915.88,OPEN
CLM0005286,POL002259,2025-07-19,45833.86,OPEN
CLM0008122,POL003787,2025-11-07,70964.01,OPEN
CLM0006946,POL003247,2025-12-29,79364.5,  DENIED 
CLM0006516,POL002477,2024-09-26,41701.7,IN REVIEW
CLM0000099,POL003794,2026-05-06,3055.82,CLOSED
CLM0003722,POL000767,2026-06-04,27296.14,CLOSED
CLM0004175,POL000396,2025-02-06,42615.19,DENIED
CLM0007456,POL001853,2026-03-30,10206.25,CLOSED
CLM0003781,POL000836,2026-06-27,73736.52,OPEN
CLM0003174,POL004044,2025-09-23,15555.58,DENIED
CLM0000673,POL001292,2025-03-16,33961.38,DENIED
CLM0003410,POL003556,2026-07-05,73663.02,DENIED
CLM0003522,POL001196,2024-11-16,24556.79,CLOSED
CLM0004672,POL002966,2025-06-20,53544.08,IN REVIEW
CLM0004893,POL001155,2025-01-08,53857.78,DENIED
CLM0003247,POL003158,2025-08-20,34730.55,DENIED
CLM0002238,POL004026,2025-07-31,4160.66,DENIED
CLM0009141,POL001354,2026-05-13,31151.57,DENIED
CLM0003550,POL004295,2025-04-22,63537.69,OPEN
CLM0006161,POL003933,2024-07-29,41073.65,CLOSED
CLM0009888,POL001396,2025-08-17,7856.71,  OPEN 
CLM0005890,POL000512,2026-01-14,15018.7,OPEN
CLM0003123,POL000005,2024-11-12,71073.88,IN REVIEW
CLM0009686,POL001579,2025-12-16,23101.25,IN REVIEW
CLM0000220,POL002668,31/12/2025,14430.77,OPEN
CLM0004410,POL003643,2025-03-27,4265.42,CLOSED
CLM0003789,POL004026,2026-04-27,38184.26,OPEN
CLM0007706,POL003988,2024-07-17,21433.18,OPEN
CLM0002412,POL000314,2026-04-08,65359.53,DENIED
CLM0007103,POL000916,2024-12-28,26614.06,DENIED
CLM0004483,POL001419,2024-07-09,57265.25,OPEN
CLM0002090,POL004978,2026-04-26,58045.87,  DENIED 
CLM0006435,POL002913,2024-11-16,14662.02,DENIED
CLM0009102,POL000323,2026-05-28,40762.21,OPEN
CLM0003089,POL002740,2025-04-15,24827.55,CLOSED
CLM0000146,POL003227,2024-10-08,65803.05,OPEN
CLM0003772,POL000392,2024-10-02,14594.79,OPEN
CLM0005213,POL000532,2026-01-22,41953.61,CLOSED
CLM0001483,POL003656,2024-08-12,75314.26,DENIED
CLM0011051,POL000664,2025-11-20,39989.82,CLOSED
CLM0008679,POL001542,2024-06-03,57572.63,DENIED
CLM0001725,POL000530,2024-10-26,62900.07,DENIED
CLM0003945,POL003578,2024-10-02,67338.62,DENIED
CLM0011875,POL002116,2025-11-05,77344.69,DENIED
CLM0003034,POL000932,2025-12-14,19966.61,DENIED
CLM0004135,POL002765,2025-11-08,70894.21,IN REVIEW
CLM0009456,POL002039,2024-09-12,36341.64,CLOSED
CLM0004515,POL003000,2024-11-20,24933.49,DENIED
CLM0007729,POL004519,2025-07-12,35936.43,OPEN
CLM0008881,POL002909,2025-05-04,58424.95,OPEN
CLM0009943,POL000347,2025-02-08,38871.42,OPEN
CLM0002764,POL003860,2025-10-16,23311.94,  CLOSED 
CLM0003941,POL004697,2025-09-17,44122.3,IN REVIEW
CLM0001724,POL000700,2025-02-12,10673.41,CLOSED
CLM0002856,POL001026,2024-07-17,24087.33,IN REVIEW
CLM0001844,POL000117,2025-08-14,32239.98,IN REVIEW
CLM0001101,POL004512,2025-05-05,51410.38,IN REVIEW
CLM0003934,POL004321,2024-12-31,31085.46,OPEN
CLM0010273,POL001321,2025-10-12,68927.24,OPEN
CLM0004461,POL001473,2026-07-08,20198.71,OPEN
CLM0005830,POL003552,2026-07-18,26294.82,IN REVIEW
CLM0002251,POL004191,2024-10-20,53954.89,OPEN
CLM0003300,POL001387,2026-02-09,40049.51,OPEN
CLM0001575,POL000277,2024-07-04,22876.29,DENIED
CLM0010175,POL002303,2025-11-30,57665.14,IN REVIEW
CLM0003795,POL003327,2024-10-22,51221.92,OPEN
CLM0004650,POL000559,2026-05-31,58099.39,OPEN
CLM0010505,POL003220,2024-08-24,70597.19,DENIED
CLM0006223,POL901256,2025-11-08,42857.84,CLOSED
CLM0002773,POL002968,2024-12-20,74140.87,IN REVIEW
CLM0005814,POL001018,2024-09-09,72632.99,OPEN
CLM0005617,POL001311,2025-10-17,24102.28,IN REVIEW
CLM0001729,POL003524,2024-06-06,3829.98,  DENIED 
CLM0010548,POL003990,2026-01-10,43134.93,DENIED
CLM0000574,POL000987,2024-07-07,75072.6,CLOSED
CLM0006767,POL004989,2024-11-23,15330.54,OPEN
CLM0000907,POL001161,2025-10-09,10037.79,closed
CLM0005546,POL002963,2024-09-24,70442.39,OPEN
CLM0010389,POL004740,2025-02-02,64037.35,CLOSED
CLM0003188,POL000481,2025-02-27,4924.26,OPEN
CLM0001426,POL000232,2025-03-31,74665.53,OPEN
CLM0011961,POL002739,2026-07-01,9311.86,CLOSED
CLM0011253,POL000503,2026-03-03,42076.18,CLOSED
CLM0006120,POL003051,2025-06-04,55359.79,OPEN
CLM0003465,POL004895,2025-05-12,-34315.1,IN REVIEW
CLM0001360,POL000695,2026-05-08,31465.82,IN REVIEW
CLM0008118,POL000185,2025-04-06,38025.75,DENIED
CLM0005124,POL003233,2025-02-06,5852.96,CLOSED
CLM0005172,POL004765,2025-10-15,52247.88,OPEN
CLM0003698,POL002483,2025-03-12,35668.76,IN REVIEW
CLM0006514,POL004207,2025-12-14,76459.23,IN REVIEW
CLM0004977,POL002691,2025-06-05,51503.64,DENIED
CLM0002624,POL002909,2024-06-10,65878.72,IN REVIEW
CLM0001889,POL004172,N/A,37503.76,IN REVIEW
CLM0005524,POL003048,2026-05-17,64065.27,IN REVIEW
CLM0005233,POL001585,2025-12-16,12792.56,IN REVIEW
CLM0009682,POL003097,2025-07-19,9025.81,CLOSED
CLM0008049,POL004820,2024-06-16,62313.4,CLOSED
CLM0011177,POL000442,2024-08-09,45006.21,OPEN
CLM0010955,POL002510,2025-05-30,40205.83,OPEN
CLM0003972,POL002932,2025-05-18,33003.54,IN REVIEW
CLM0010708,POL000797,2025-03-22,51277.78,CLOSED
CLM0003254,POL000619,2026-05-14,34198.72,DENIED
CLM0000284,POL004374,2025-03-18,76437.03,OPEN
CLM0008886,POL001449,2025-04-23,17153.46,DENIED
CLM0000637,POL003543,2025-03-14,13019.77,IN REVIEW
CLM0006428,POL000324,2026-03-21,31527.55,IN REVIEW
CLM0000611,POL002742,2026-05-23,55421.41,CLOSED
CLM0010742,POL004361,2024-10-22,4698.2,OPEN
CLM0007822,POL004637,2025-10-04,66935.55,CLOSED
CLM0009475,POL001463,2026-01-02,21569.98,OPEN
CLM0003995,POL001001,2026-07-01,57892.86,OPEN
CLM0002054,POL002641,2026-02-20,67662.68,IN REVIEW
CLM0001744,POL000509,2026-02-22,31493.8,CLOSED
CLM0000598,POL004465,2025-04-05,38338.24,CLOSED
CLM0010377,POL001876,2024-08-26,10189.24,DENIED
CLM0007219,POL000960,2024-07-12,8172.51,OPEN
CLM0001307,POL004811,2024-06-24,62552.95,IN REVIEW
CLM0007895,POL927744,2025-03-24,75361.03,CLOSED
CLM0008455,POL002719,2025-01-16,40847.31,CLOSED
CLM0011224,POL000641,2025-05-16,13572.6,DENIED
CLM0010893,POL002238,2026-06-04,15136.39,DENIED
CLM0001217,POL002199,2026-03-07,26070.94,  DENIED 
CLM0008132,POL000260,2025-07-27,22884.42,OPEN
CLM0004490,POL001210,2024-12-14,79832.47,IN REVIEW
CLM0009402,POL000147,2025-06-28,71146.89,CLOSED
CLM0007056,POL003109,2026-02-18,37030.8,in review
CLM0000418,POL003644,2024-09-05,6578.51,DENIED
CLM0004639,POL000518,2025-12-04,41924.34,DENIED
CLM0007385,POL003069,2025-12-22,33947.39,CLOSED
CLM0003717,POL003092,2025-12-07,55684.8,DENIED
CLM0009165,POL000821,2025-08-31,45528.5,CLOSED
CLM0001391,POL936470,2026-03-25,49248.69,IN REVIEW
CLM0001452,POL000817,2025-11-21,50315.7,CLOSED
CLM0001053,POL003194,2025-03-29,70329.87,DENIED
CLM0004547,POL003290,2024-08-19,20499.9,  DENIED 
CLM0005862,POL000115,2026-01-03,66906.66,OPEN
CLM0007128,POL004188,2025-10-16,48189.63,IN REVIEW
CLM0010899,POL001698,2026-06-14,34345.79,DENIED
CLM0006508,POL004739,2025-12-15,61004.51,OPEN
CLM0001564,POL000622,2025-10-29,9171.21,  IN REVIEW 
CLM0011626,POL000738,2024-08-28,59229.88,CLOSED
CLM0006947,POL003656,2024-10-11,37371.09,IN REVIEW
CLM0007964,POL002318,2025-05-08,37915.34,OPEN
CLM0004853,POL003461,2025-11-30,33811.22,IN REVIEW
CLM0011684,POL004014,2024-10-14,40482.92,OPEN
CLM0010335,POL000031,2025-07-11,56049.04,CLOSED
CLM0000757,POL000813,2024-11-05,31098.37,OPEN
CLM0010677,POL003776,2026-07-03,51248.36,OPEN
CLM0010696,POL002551,2024-11-24,53908.31,OPEN
CLM0009948,POL003360,2026-01-30,14023.56,IN REVIEW
CLM0007963,POL004059,2024-06-20,12657.96,IN REVIEW
CLM0010074,POL004400,2024-12-08,6405.33,DENIED
CLM0007868,POL000924,2026-01-01,11189.33,CLOSED
CLM0009355,POL000956,2025-10-22,18067.81,DENIED
CLM0001574,POL003698,2025-08-18,28931.54,  DENIED 
CLM0005120,POL004309,2024-08-26,60217.31,  IN REVIEW 
CLM0011605,POL004859,2024-10-07,29295.88,IN REVIEW
CLM0009689,POL000525,2024-12-16,10959.77,DENIED
CLM0002579,POL000565,2026-04-13,56673.42,IN REVIEW
CLM0010270,POL000702,2024-06-21,11603.82,CLOSED
CLM0006693,POL002671,2024-10-20,51143.53,DENIED
CLM0004165,POL001492,2026-04-10,75643.94,CLOSED
CLM0009521,POL001872,2024-06-05,40289.13,DENIED
CLM0006941,POL003908,2024-12-04,37668.09,DENIED
CLM0000766,POL003386,2025-06-04,26127.56,DENIED
CLM0009803,POL001038,2026-05-07,55357.32,OPEN
CLM0009882,POL002441,2026-01-14,13791.12,IN REVIEW
CLM0006378,POL003588,2025-01-05,64860.02,OPEN
CLM0008340,POL004897,2024-07-25,0,CLOSED
CLM0007121,POL000250,2025-12-05,73393.85,IN REVIEW
CLM0000493,POL001096,2025-06-01,10872.87,OPEN
CLM0002276,POL002457,2026-03-25,37190.8,DENIED
CLM0007030,POL000970,2024-09-06,69269.38,CLOSED
CLM0009566,POL003335,2025-09-17,50580.9,IN REVIEW
CLM0002958,POL002760,2026-01-06,41184.56,IN REVIEW
CLM0001622,POL003652,2024-08-16,34663.69,DENIED
CLM0008949,POL000695,2026-07-11,25008.86,CLOSED
CLM0002422,POL002106,2026-03-06,72337.65,open
CLM0005392,POL004204,2025-04-07,303.51,CLOSED
CLM0003412,POL003424,2025-07-11,7070.12,DENIED
CLM0004200,POL000598,2024-08-28,47697.44,IN REVIEW
CLM0000005,POL004170,2024-12-20,30206.54,DENIED
CLM0006720,POL001695,2025-09-18,57631.0,IN REVIEW
CLM0010186,POL001784,2025-03-14,16763.74,IN REVIEW
CLM0011381,POL003095,2024-09-22,79002.28,DENIED
CLM0002957,POL000459,0000-00-00,9609.14,DENIED
CLM0009110,POL000887,2024-06-15,24468.96,CLOSED
CLM0004434,POL000391,2024-12-16,40667.27,IN REVIEW
CLM0004597,POL004594,2026-02-08,67292.29,IN REVIEW
CLM0004148,POL003183,2025-11-03,74716.89,OPEN
CLM0011857,POL002037,0000-00-00,13021.52,CLOSED
CLM0004029,POL000603,2025-08-31,57651.65,IN REVIEW
CLM0005902,POL003164,2025-06-19,29565.42,OPEN
CLM0005903,POL002269,2024-10-19,3785.64,  OPEN 
CLM0005954,POL936426,2026-04-24,47132.68,CLOSED
CLM0000409,POL004019,2026-13-45,50675.19,OPEN
CLM0005858,POL002437,2025-06-14,43792.74,open
CLM0003602,POL004763,2025-02-04,68796.32,closed
CLM0007327,POL000663,2025-07-27,73758.71,DENIED
CLM0001750,POL001110,2024-11-27,40201.91,OPEN
CLM0006179,POL000578,2024-07-12,19873.72,OPEN
CLM0005687,POL002604,2025-08-22,78307.3,CLOSED
CLM0007714,POL002828,2025-04-15,18426.34,IN REVIEW
CLM0006564,POL003290,2024-11-05,65827.14,OPEN
CLM0001172,POL002848,2024-10-03,48382.29,IN REVIEW
CLM0009291,POL003938,2025-11-19,62742.15,IN REVIEW
CLM0003993,POL001610,2024-10-05,74978.57,OPEN
CLM0004342,POL000137,2024-09-06,26769.83,DENIED
CLM0004809,POL003669,2025-06-30,46636.85,OPEN
CLM0009364,POL001395,2025-12-15,38647.36,DENIED
CLM0008781,POL004285,2025-09-23,34843.58,OPEN
CLM0003768,POL001132,2026-03-02,27389.94,DENIED
CLM0000094,POL003305,2025-07-20,14117.9,DENIED
CLM0010539,POL004393,2025-03-22,37150.31,IN REVIEW
CLM0007834,POL004444,2026-07-15,10327.3,OPEN
CLM0006965,POL004376,2025-03-30,59691.22,IN REVIEW
CLM0008076,POL002557,2025-10-04,5058.14,OPEN
CLM0003577,POL002778,2024-11-15,4364.52,CLOSED
CLM0006282,POL002108,2025-05-14,38437.58,CLOSED
CLM0007121,POL000250,2025-12-05,73393.85,IN REVIEW
CLM0009530,POL004448,2025-10-01,60021.55,CLOSED
CLM0002932,POL001336,2026-02-10,2967.32,OPEN
CLM0010018,POL004461,2025-12-17,59771.11,denied
CLM0010469,POL002486,2024-10-29,17158.99,DENIED
CLM0010409,POL004375,2025-05-26,26083.47,DENIED
CLM0011319,POL002644,2026-13-45,72868.48,DENIED
CLM0002227,POL002905,2026-02-04,25866.04,DENIED
CLM0004652,POL001027,2026-06-09,25184.78,OPEN
CLM0005305,POL001633,2025-08-14,4755.57,IN REVIEW
CLM0003335,POL000193,2026-06-30,22193.97,DENIED
CLM0010487,POL002074,2026-06-15,17634.86,DENIED
CLM0006664,POL002726,2024-07-04,62610.86,CLOSED
CLM0001895,POL001797,2025-04-12,77114.34,IN REVIEW
CLM0009235,POL002939,2024-10-10,56817.93,OPEN
CLM0003670,POL004418,2024-10-26,30943.32,DENIED
CLM0002297,POL002809,2024-12-14,9999999.99,DENIED
CLM0011578,POL000602,2025-04-14,29755.65,IN REVIEW
CLM0009731,POL002687,2025-03-31,66951.58,CLOSED
CLM0006833,POL001419,2025-07-21,13690.59,OPEN
CLM0008774,POL001297,2025-11-17,18501.55,OPEN
CLM0007741,POL003034,2025-05-18,33196.27,IN REVIEW
CLM0003442,POL004239,2025-01-29,15668.88,denied
CLM0008961,POL001100,2026-04-11,33944.79,OPEN
CLM0009289,POL966195,2025-03-05,76733.4,CLOSED
CLM0006711,POL000660,2026-03-04,43954.25,OPEN
CLM0006879,POL001486,2024-09-22,34680.38,CLOSED
CLM0008286,POL001898,2025-04-08,18269.39,OPEN
CLM0002077,POL001723,2025-11-25,45340.96,OPEN
CLM0004335,POL003290,2024-11-23,53248.38,DENIED
CLM0004919,POL002562,2026-06-11,24377.43,IN REVIEW
CLM0011443,POL004496,2025-04-21,21841.89,OPEN
CLM0008283,POL002732,2026-02-01,6950.42,OPEN
CLM0005988,POL003178,2025-09-05,19325.06,OPEN
CLM0004387,POL003904,2025-04-15,32735.9,OPEN
CLM0005840,POL004469,31/12/2025,73752.46,IN REVIEW
CLM0000669,POL001273,2026-04-18,17290.05,OPEN
CLM0009516,POL000848,2025-03-03,22734.56,  OPEN 
CLM0003282,POL001250,2024-11-13,48302.92,IN REVIEW
CLM0007471,POL001742,2024-08-08,36016.42,DENIED
CLM0005829,POL001429,2024-06-04,10833.48,DENIED
CLM0005626,POL003116,2024-09-10,42334.0,in review
CLM0008183,POL002992,2026-06-18,52421.95,CLOSED
CLM0001302,POL002135,2025-11-01,27632.19,OPEN
CLM0000674,POL003539,2026-02-16,66730.61,DENIED
CLM0001721,POL001322,2024-07-23,38893.94,OPEN
CLM0009482,POL001924,2024-12-21,67766.29,IN REVIEW
CLM0001957,POL004247,2025-02-11,37969.84,OPEN
CLM0009860,POL003751,,26245.87,IN REVIEW
CLM0001910,POL000897,2024-08-23,12433.46,CLOSED
CLM0003374,POL004553,2026-05-24,34340.93,DENIED
CLM0009125,POL000342,2025-02-03,45962.68,CLOSED
CLM0005457,POL004065,2025-03-29,70317.36,DENIED
CLM0007460,POL003771,2025-03-23,45873.57,OPEN
CLM0004950,POL000484,2026-13-45,21498.2,IN REVIEW
CLM0005018,POL003512,2026-06-23,32078.73,  IN REVIEW 
CLM0007379,POL003155,2025-03-13,62729.48,DENIED
CLM0003555,POL003662,2024-08-29,7440.32,IN REVIEW
CLM0004392,POL004744,2025-09-27,72551.27,DENIED
CLM0009134,POL003536,2025-09-08,71356.84,CLOSED
CLM0010706,POL004986,2026-01-20,53722.66,CLOSED
CLM0011441,POL002337,2026-06-16,36203.17,OPEN
CLM0001437,POL000732,2026-07-13,77876.95,IN REVIEW
CLM0005801,POL001731,2025-09-10,12860.7,IN REVIEW
CLM0000087,POL001984,2024-10-09,21302.62,IN REVIEW
CLM0004006,POL004435,2024-11-25,56652.18,CLOSED
CLM0002130,POL000548,2025-06-30,6013.18,DENIED
CLM0011371,POL003881,2024-09-03,32500.15,closed
CLM0004281,POL004308,2025-04-29,23968.27,open
CLM0007531,POL004494,2025-05-19,60973.0,DENIED
CLM0000013,POL003347,2024-07-30,64731.95,IN REVIEW
CLM0009362,POL004486,0000-00-00,42106.09,OPEN
CLM0002306,POL000252,2024-09-22,79336.68,OPEN
CLM0004871,POL002681,2024-06-05,20415.87,IN REVIEW
CLM0010527,POL003735,2024-11-16,18989.11,CLOSED
CLM0002286,POL001736,2026-01-22,35020.81,CLOSED
CLM0006413,POL003132,2026-07-12,61166.4,  OPEN 
CLM0011526,POL003377,2024-08-27,6860.08,CLOSED
CLM0002749,POL004291,2024-09-13,-5065.71,OPEN
CLM0011487,POL000093,2026-06-01,3162.02,CLOSED
CLM0000474,POL000965,2026-02-23,12363.2,DENIED
CLM0010299,POL002358,2024-11-02,47362.41,DENIED
CLM0008011,POL003582,2025-07-11,79906.53,CLOSED
CLM0006108,POL001979,2024-12-30,52440.43,IN REVIEW
CLM0010058,POL003323,2025-12-14,769.56,OPEN
CLM0004822,POL002111,2025-08-01,47887.26,IN REVIEW
CLM0005451,POL004946,2024-12-30,66117.71,CLOSED
CLM0002332,POL001567,2025-09-15,58357.17,CLOSED
CLM0003264,POL002720,2025-06-27,47485.7,CLOSED
CLM0006650,POL001024,2026-01-08,9170.13,OPEN
CLM0010600,POL001705,2025-05-03,34811.01,  CLOSED 
CLM0009614,POL001776,2025-10-19,29953.46,CLOSED
CLM0002074,POL000978,2025-09-21,35845.2,IN REVIEW
CLM0000988,POL000057,2026-04-15,21866.04,CLOSED
CLM0006823,POL001123,2025-04-16,33384.47,  OPEN 
CLM0007958,POL000143,2026-13-45,56541.72,IN REVIEW
CLM0001169,POL000122,2026-03-27,68809.87,DENIED
CLM0007430,POL002029,2024-06-30,39784.67,DENIED
CLM0001637,POL002790,2025-10-28,48618.0,OPEN
CLM0003204,POL000065,2024-07-02,3934.19,DENIED
CLM0009787,POL000948,2025-06-03,66592.99,  IN REVIEW 
CLM0009874,POL003585,2025-02-09,20785.26,OPEN
CLM0001490,POL002778,2026-07-09,34735.0,DENIED
CLM0000232,POL001736,2024-11-25,307.72,OPEN
CLM0011678,POL000703,,26114.61,CLOSED
CLM0011345,POL002353,2025-11-22,70487.07,CLOSED
CLM0002785,POL002316,2025-05-22,30073.73,DENIED
CLM0011757,POL004250,2026-02-11,43891.71,OPEN
CLM0000848,POL001387,2025-09-30,6761.27,IN REVIEW
CLM0000928,POL002855,2026-01-24,64311.62,CLOSED
CLM0001546,POL003401,2025-12-18,44160.0,DENIED
CLM0007263,POL002108,2025-05-25,68004.61,DENIED
CLM0010077,POL002788,2025-08-29,68003.23,CLOSED
CLM0008547,POL004091,2024-10-15,20036.95,OPEN
CLM0006290,POL000541,2026-06-07,74423.32,DENIED
CLM0001897,POL001508,2025-06-20,40632.51,CLOSED
CLM0008185,POL003637,2026-06-09,45804.81,IN REVIEW
CLM0000223,POL002257,2026-01-19,43849.83,IN REVIEW
CLM0003107,POL001471,2025-12-31,11842.64,OPEN
CLM0001329,POL001309,2026-01-25,66477.0,DENIED
CLM0002728,POL004538,2024-07-24,26950.52,IN REVIEW
CLM0009038,POL001618,2025-02-15,56943.35,  OPEN 
CLM0011886,POL002465,2025-10-05,3694.72,OPEN
CLM0006763,POL002092,2025-06-15,21287.18,DENIED
CLM0008889,POL002664,2025-05-25,12138.75,OPEN
CLM0011629,POL004064,2024-12-08,12644.22,DENIED
CLM0000295,POL003804,2024-06-24,3281.35,OPEN
CLM0010969,POL002482,2026-06-02,14561.0,OPEN
CLM0002634,POL002431,2024-07-13,26601.6,CLOSED
CLM0003681,POL002452,2024-08-27,43340.27,IN REVIEW
CLM0001640,POL001760,2025-01-31,43236.94,OPEN
CLM0008394,POL000298,2025-04-14,79601.91,CLOSED
CLM0007282,POL001831,2025-05-05,44760.36,CLOSED
CLM0006922,POL002813,2024-12-01,26293.6,IN REVIEW
CLM0000239,POL002339,2024-09-08,30954.64,DENIED
CLM0011820,POL004251,2025-05-13,59044.83,DENIED
CLM0010226,POL004405,2026-04-10,76222.62,CLOSED
CLM0011191,POL000832,2025-11-24,23063.5,IN REVIEW
CLM0004726,POL000602,2025-06-28,19451.12,IN REVIEW
CLM0008339,POL004868,2025-02-26,34999.42,IN REVIEW
CLM0008758,POL004441,2026-06-26,52971.69,OPEN
CLM0009778,POL002861,2025-01-29,43836.73,DENIED
CLM0011153,POL002073,2024-10-26,15965.81,CLOSED
CLM0000159,POL000392,2025-06-15,51915.0,IN REVIEW
CLM0004158,POL004891,2025-09-13,76724.64,CLOSED
CLM0003606,POL004395,2025-10-03,3344.91,DENIED
CLM0001394,POL000985,2026-06-16,69696.24,DENIED
CLM0001763,POL004214,2024-08-18,22222.4,CLOSED
CLM0008061,POL001410,2026-01-27,3470.65,OPEN
CLM0008109,POL003245,2026-04-21,25046.31,CLOSED
CLM0000369,POL000188,2025-11-10,16921.35,  OPEN 
CLM0005959,POL002226,2025-06-09,38038.98,OPEN
CLM0008846,POL002534,2025-05-23,58283.92,DENIED
CLM0003800,POL000437,2025-09-25,67540.45,OPEN
CLM0001973,POL000166,2026-03-25,76512.48,OPEN
CLM0003564,POL000553,2024-07-10,5630.22,IN REVIEW
CLM0009422,POL001268,2024-07-01,48978.63,OPEN
CLM0007145,POL004584,2026-05-10,21239.33,IN REVIEW
CLM0004357,POL002500,2025-04-16,65532.64,OPEN
CLM0010448,POL004355,2025-07-27,52974.76,DENIED
CLM0008152,POL000019,2026-06-19,25068.99,DENIED
CLM0007361,POL002056,2025-03-18,6345.22,DENIED
CLM0005774,POL004682,2025-11-20,3500.71,IN REVIEW
CLM0004159,POL001279,2025-11-07,72581.98,CLOSED
CLM0005568,POL003750,2026-01-03,65773.16,OPEN
CLM0002763,POL002066,2026-01-25,72551.27,CLOSED
CLM0003499,POL002713,2025-09-07,35866.79,in review
CLM0008319,POL002907,2025-05-12,41070.49,IN REVIEW
CLM0000852,POL001785,2025-11-24,49376.46,IN REVIEW
CLM0000990,POL000731,2024-09-20,0,IN REVIEW
CLM0011680,POL001756,2025-12-22,6229.15,CLOSED
CLM0002079,POL000310,2025-05-10,44735.47,CLOSED
CLM0001623,POL001116,2024-08-06,9784.47,OPEN
CLM0010793,POL004292,2026-04-07,40162.35,IN REVIEW
CLM0002417,POL002883,2024-10-06,2332.41,IN REVIEW
CLM0003954,POL003508,2025-11-24,20349.23,CLOSED
CLM0008955,POL000417,2025-01-06,50231.84,DENIED
CLM0002683,POL003596,2024-12-07,12661.98,DENIED
CLM0002239,POL000038,2025-08-02,50055.16,OPEN
CLM0010382,POL001403,2026-06-13,-12506.17,CLOSED
CLM0005122,POL964084,2025-06-04,53744.43,DENIED
CLM0001866,POL002361,2025-07-30,9630.48,CLOSED
CLM0006982,POL004847,2026-06-10,27099.28,DENIED
CLM0006615,POL001446,2025-03-25,64039.62,IN REVIEW
CLM0011773,POL003007,2025-12-10,21526.02,IN REVIEW
CLM0006604,POL003150,2025-04-06,56442.28,OPEN
CLM0004288,POL002207,2026-06-07,24753.79,IN REVIEW
CLM0011136,POL000830,2025-03-30,10845.37,IN REVIEW
CLM0002942,POL001576,2025-01-16,68916.63,OPEN
CLM0010063,POL003955,2024-10-13,31116.67,CLOSED
CLM0006984,POL001014,2026-04-19,10168.13,IN REVIEW
CLM0000118,POL003703,2026-02-20,39902.89,OPEN
CLM0008368,POL004242,2024-07-14,48120.45,IN REVIEW
CLM0011967,POL001836,2026-06-21,5975.75,DENIED
CLM0011506,POL002700,2025-01-15,24167.11,OPEN
CLM0011745,POL003277,2025-08-17,36254.34,OPEN
CLM0001876,POL004984,2025-12-10,25478.26,DENIED
CLM0006995,POL003089,2025-11-20,19628.83,OPEN
CLM0001335,POL003199,2026-01-17,55003.0,CLOSED
CLM0000011,POL001400,2026-01-26,35337.31,OPEN
CLM0005694,POL000760,2025-11-16,26095.54,CLOSED
CLM0002887,POL001928,2025-10-03,48709.55,IN REVIEW
CLM0009815,POL000907,2025-11-10,54622.62,IN REVIEW
CLM0004040,POL004280,31/12/2025,25859.78,IN REVIEW
CLM0005433,POL004518,2025-06-18,265.6,IN REVIEW
CLM0003750,POL000058,2025-09-20,9945.73,OPEN
CLM0005243,POL000066,2024-07-23,25974.54,DENIED
CLM0001833,POL001191,2025-01-26,55023.25,OPEN
CLM0000475,POL003822,2024-09-08,41094.46,  IN REVIEW 
CLM0005445,POL001150,2025-09-21,12002.68,DENIED
CLM0009217,POL001143,2024-06-13,55125.45,OPEN
CLM0009169,POL000449,2025-07-19,77656.9,closed
CLM0008067,POL003130,2024-06-23,75665.14,IN REVIEW
CLM0002149,POL002191,2025-09-21,9092.86,DENIED
CLM0001013,POL000138,2024-12-24,-42381.57,IN REVIEW
CLM0001943,POL002560,2025-01-16,41056.79,DENIED
CLM0001155,POL003078,2026-04-28,7148.75,DENIED
CLM0005864,POL004746,2025-03-01,6628.81,OPEN
CLM0004505,POL003307,2024-10-06,41818.45,OPEN
CLM0002434,POL003258,2024-08-04,5595.54,DENIED
CLM0002431,POL928531,2025-04-02,41966.5,IN REVIEW
CLM0000731,POL000981,2026-03-25,72119.59,DENIED
CLM0006360,POL002252,2024-09-15,73048.55,DENIED
CLM0006391,POL000440,2024-10-18,50903.5,  IN REVIEW 
CLM0011281,POL002155,2025-05-30,17878.84,IN REVIEW
CLM0008704,POL000118,2025-03-24,54170.9,OPEN
CLM0006601,POL001576,2024-11-15,14503.26,DENIED
CLM0007283,POL000611,2026-05-01,26995.32,DENIED
CLM0006525,POL000103,2024-08-27,53819.38,IN REVIEW
CLM0007388,POL000775,2024-09-26,49058.89,CLOSED
CLM0010137,POL000317,2026-06-15,44030.07,DENIED
CLM0005468,POL001033,2026-03-01,24216.1,CLOSED
CLM0007212,POL002420,2026-04-23,76484.21,IN REVIEW
CLM0007536,POL004529,2024-08-30,6952.26,IN REVIEW
CLM0006663,POL000092,2025-10-06,75890.74,DENIED
CLM0010221,POL000237,2025-05-10,9495.32,IN REVIEW
CLM0007715,POL002006,2026-06-17,76055.12,DENIED
CLM0008618,POL004377,2026-06-19,64675.15,CLOSED
CLM0000754,POL000960,2026-05-04,74301.17,DENIED
CLM0011842,POL003632,2024-07-12,31618.43,DENIED
CLM0004610,POL003639,2025-03-11,57172.02,DENIED
CLM0007804,POL004198,2026-06-23,73539.65,CLOSED
CLM0004353,POL001607,2024-09-13,49725.5,CLOSED
CLM0002506,POL000063,2025-10-18,58589.88,OPEN
CLM0000524,POL002613,2026-02-03,68316.08,CLOSED
CLM0005015,POL004874,2025-09-22,64236.27,IN REVIEW
CLM0003325,POL004683,2026-03-05,75199.5,IN REVIEW
CLM0003658,POL004118,2025-05-05,22888.95,IN REVIEW
CLM0007036,POL002504,2025-07-12,27727.77,OPEN
CLM0008321,POL003118,2025-01-02,44716.75,DENIED
CLM0001011,POL000974,2026-06-26,74284.86,OPEN
CLM0009828,POL000356,2025-11-11,25174.81,DENIED
CLM0009432,POL001001,2026-07-18,27933.5,OPEN
CLM0007066,POL000534,2024-06-15,7756.0,CLOSED
CLM0000487,POL000660,2025-07-16,32628.3,DENIED
CLM0001331,POL001595,2026-07-11,12152.76,OPEN
CLM0009180,POL004243,2026-03-05,61231.81,OPEN
CLM0006376,POL002445,2026-02-01,48539.12,IN REVIEW
CLM0008329,POL002254,2026-06-16,69898.61,CLOSED
CLM0008915,POL004796,2026-04-03,9934.28,CLOSED
CLM0001204,POL001512,2024-08-05,4401.18,OPEN
CLM0009509,POL004532,2026-07-19,67917.98,IN REVIEW
CLM0007298,POL004869,2026-06-06,21853.78,DENIED
CLM0000831,POL001409,2026-03-13,4655.77,in review
CLM0005990,POL003862,2024-10-16,52379.21,IN REVIEW
CLM0000804,POL000368,2025-01-16,47278.01,  DENIED 
CLM0005119,POL004183,2025-12-25,2222.48,OPEN
CLM0003501,POL000960,2025-11-18,66455.14,CLOSED
CLM0001768,POL004177,2025-07-31,74484.49,OPEN
CLM0011398,POL000427,2024-11-18,75612.67,DENIED
CLM0000825,POL004593,2026-03-23,40790.48,OPEN
CLM0008040,POL001510,2025-04-04,22608.87,DENIED
CLM0004511,POL001165,2026-05-03,47587.2,IN REVIEW
CLM0009683,POL004322,2025-08-06,29390.28,OPEN
CLM0011825,POL003661,2025-07-30,76480.8,OPEN
CLM0011641,POL000552,2024-12-18,35359.66,DENIED
CLM0007401,POL000528,2026-07-02,78225.1,IN REVIEW
CLM0010129,POL003185,2024-09-12,235.05,IN REVIEW
CLM0008494,POL002642,2026-04-13,74358.92,CLOSED
CLM0011452,POL003753,2025-09-04,30706.94,CLOSED
CLM0005690,POL002797,2024-07-29,13364.89,OPEN
CLM0006938,POL001837,2026-03-14,23409.55,OPEN
CLM0011287,POL002730,2025-05-18,69884.03,OPEN
CLM0009203,POL002659,2024-09-20,4282.56,IN REVIEW
CLM0009510,POL004581,2024-09-18,27985.64,IN REVIEW
CLM0009126,POL001647,2026-05-18,21317.42,denied
CLM0006354,POL001507,2025-12-29,49571.26,IN REVIEW
CLM0005341,POL002566,2026-03-15,69293.79,CLOSED
CLM0005591,POL001154,2026-01-16,18311.51,OPEN
CLM0001533,POL004186,2026-07-03,29961.95,CLOSED
CLM0005019,POL000620,2025-02-11,59070.53,IN REVIEW
CLM0002545,POL002480,2024-12-28,14208.61,CLOSED
CLM0001007,POL004734,2026-01-28,39840.17,IN REVIEW
CLM0003427,POL004223,2024-09-10,3590.56,OPEN
CLM0001616,POL000358,2026-06-01,7822.92,DENIED
CLM0009001,POL003458,2026-04-27,37800.62,CLOSED
CLM0010266,POL002978,2025-05-22,37566.93,IN REVIEW
CLM0001300,POL000874,2025-03-05,21924.97,IN REVIEW
CLM0011447,POL000016,2025-05-19,17930.27,  IN REVIEW 
CLM0007378,POL000924,2024-10-18,0,OPEN
CLM0004913,POL004857,2024-11-24,75521.09,CLOSED
CLM0002546,POL003888,2024-10-17,1024.61,CLOSED
CLM0002169,POL001827,2025-09-03,47315.53,DENIED
CLM0011838,POL000837,2026-05-22,6522.85,CLOSED
CLM0008241,POL000696,2025-01-30,16375.5,IN REVIEW
CLM0011741,POL000652,2024-12-12,57770.69,IN REVIEW
CLM0011833,POL000500,2025-07-10,66322.12,OPEN
CLM0002240,POL002018,2025-02-21,18681.41,DENIED
CLM0008448,POL003217,2025-11-14,24974.85,OPEN
CLM0009517,POL003390,2026-02-07,12967.96,OPEN
CLM0008607,POL001918,2026-04-27,48664.89,OPEN
CLM0005244,POL002908,2026-03-22,31481.14,in review
CLM0004896,POL000264,2024-07-27,10521.81,OPEN
CLM0001633,POL004792,2025-04-26,54562.67,IN REVIEW
CLM0006673,POL001983,2025-05-09,72291.51,OPEN
CLM0003354,POL001385,2024-09-04,38817.77,CLOSED
CLM0011892,POL004107,2026-07-21,3574.0,  IN REVIEW 
CLM0003851,POL001007,2024-06-17,52477.47,IN REVIEW
CLM0000274,POL004451,2025-02-09,51693.06,OPEN
CLM0000086,POL003046,2024-08-29,31618.74,CLOSED
CLM0002853,POL004456,2025-10-29,16776.38,DENIED
CLM0009847,POL004379,2025-12-11,8742.44,IN REVIEW
CLM0011036,POL001216,2024-07-05,13743.26,OPEN
CLM0001738,POL003409,2024-12-20,45303.41,CLOSED
CLM0009596,POL003824,2024-08-02,46260.96,CLOSED
CLM0005793,POL003944,2024-06-04,15659.26,DENIED
CLM0011564,POL003594,2024-12-20,36628.14,DENIED
CLM0010479,POL000245,2025-08-01,11355.28,OPEN
CLM0009825,POL002053,2026-07-21,28908.35,CLOSED
CLM0010189,POL003354,2024-07-13,28881.13,IN REVIEW
CLM0000897,POL003677,2025-06-15,12720.35,OPEN
CLM0007383,POL001574,2026-06-01,15878.93,DENIED
CLM0011615,POL002545,2024-10-08,25613.43,CLOSED
CLM0006038,POL001094,2024-07-19,46326.0,DENIED
CLM0000392,POL002465,2025-07-22,39306.14,IN REVIEW
CLM0007594,POL002277,2024-08-20,20793.9,CLOSED
CLM0009612,POL003121,2025-08-11,62119.84,OPEN
CLM0006081,POL002634,2025-01-02,8033.02,DENIED
CLM0006573,POL001168,2026-01-01,42132.75,CLOSED
CLM0001283,POL004325,2025-01-27,61958.29,CLOSED
CLM0000304,POL003065,2025-05-24,11659.42,DENIED
CLM0005675,POL000124,2025-09-02,21494.84,CLOSED
CLM0007264,POL001458,2024-08-02,30788.55,IN REVIEW
CLM0003610,POL003833,2024-12-12,55831.91,OPEN
CLM0008105,POL000056,2026-13-45,73613.74,OPEN
CLM0009426,POL002216,2025-02-19,60365.92,OPEN
CLM0009638,POL002012,2025-11-30,11441.29,IN REVIEW
CLM0001800,POL004783,2024-10-18,72355.9,IN REVIEW
CLM0010778,POL002332,2025-01-15,1986.02,OPEN
CLM0006387,POL001369,2025-09-09,44973.18,OPEN
CLM0004272,POL000521,2026-03-22,9999999.99,OPEN
CLM0010035,POL002311,2025-07-10,55876.51,DENIED
CLM0003647,POL004207,2026-06-10,60637.87,OPEN
CLM0002056,POL001140,2026-05-20,36260.36,CLOSED
CLM0005614,POL001840,2024-11-24,4399.41,OPEN
CLM0004341,POL004822,2026-01-04,35008.95,DENIED
CLM0004707,POL003522,2026-03-12,35248.5,DENIED
CLM0006860,POL001142,2025-08-30,72454.44,OPEN
CLM0003208,POL000418,2025-02-06,59392.0,CLOSED
CLM0000413,POL000848,2025-04-24,31957.85,CLOSED
CLM0003649,POL002477,2025-02-11,44578.29,IN REVIEW
CLM0011351,POL004206,2024-08-19,59132.75,OPEN
CLM0009653,POL003192,2024-09-17,67734.56,IN REVIEW
CLM0011830,POL000589,2025-10-24,60139.8,IN REVIEW
CLM0007578,POL003115,2026-03-12,21293.32,DENIED
CLM0003493,POL003434,2025-04-18,56507.27,CLOSED
CLM0006249,POL003016,2024-08-05,27838.03,CLOSED
CLM0007186,POL003285,2026-04-01,64728.91,OPEN
CLM0002467,POL001632,2025-01-13,67784.49,OPEN
CLM0010805,POL002342,2024-07-03,30587.26,CLOSED
CLM0001793,POL002912,2025-01-14,77009.9,OPEN
CLM0005247,POL000229,2024-09-25,51734.42,CLOSED
CLM0005267,POL977745,2025-09-01,76724.73,IN REVIEW
CLM0009189,POL002569,2025-05-25,13757.0,OPEN
CLM0001740,POL003068,2025-04-06,62713.43,IN REVIEW
CLM0000665,POL001161,2026-04-20,52346.65,DENIED
CLM0007435,POL003422,2024-09-24,72413.79,CLOSED
CLM0003871,POL003046,2025-10-08,38516.18,DENIED
CLM0009706,POL001082,2026-03-18,27902.02,IN REVIEW
CLM0000964,POL004936,2025-06-05,74231.32,OPEN
CLM0010907,POL001083,2026-13-45,40853.67,IN REVIEW
CLM0004846,POL002232,2024-10-16,50222.88,closed
CLM0003922,POL002837,2026-01-15,20837.16,IN REVIEW
CLM0010159,POL001213,2025-09-22,62258.09,DENIED
CLM0002912,POL001335,2024-06-06,22964.48,CLOSED
CLM0002313,POL003109,2024-08-27,33456.36,IN REVIEW
CLM0008991,POL003542,2026-03-19,859.05,IN REVIEW
CLM0005936,POL002664,,68454.43,DENIED
CLM0002574,POL000478,2026-06-25,40634.87,CLOSED
CLM0004539,POL002412,2025-01-27,22144.73,  DENIED 
CLM0010808,POL001086,2025-10-28,33346.46,DENIED
CLM0002176,POL000132,2024-09-16,46391.16,DENIED
CLM0008869,POL001866,2025-03-23,74845.02,IN REVIEW
CLM0004922,POL004233,2025-12-15,38457.76,DENIED
CLM0000367,POL001548,2025-01-14,4238.56,CLOSED
CLM0010999,POL001631,2025-09-09,34219.96,DENIED
CLM0008864,POL004447,2025-06-03,43544.14,DENIED
CLM0001739,POL001414,2025-01-11,42773.92,DENIED
CLM0000605,POL000285,2025-02-21,48297.36,DENIED
CLM0007997,POL004708,2026-03-05,1122.41,IN REVIEW
CLM0009436,POL004751,2026-04-06,5445.17,IN REVIEW
CLM0011088,POL002754,2025-05-06,68587.05,OPEN
CLM0000667,POL970252,2025-03-03,16355.73,IN REVIEW
CLM0010716,POL002990,2024-12-10,69488.88,DENIED
CLM0004635,POL002699,2025-10-27,59384.0,IN REVIEW
CLM0010115,POL002028,2025-09-28,2318.59,IN REVIEW
CLM0001260,POL002386,2025-08-22,55213.36,CLOSED
CLM0007180,POL002714,2026-07-10,40181.08,IN REVIEW
CLM0011320,POL002576,2026-01-06,9999999.99,OPEN
CLM0000355,POL000710,2025-10-28,21283.25,DENIED
CLM0010218,POL004317,2025-11-05,9544.92,CLOSED
CLM0007844,POL003323,31/12/2025,64311.37,OPEN
CLM0002892,POL004116,2025-10-10,78283.58,IN REVIEW
CLM0010710,POL004004,2024-06-04,31443.71,CLOSED
CLM0006585,POL002313,2024-06-22,57167.19,IN REVIEW
CLM0007772,POL003868,2025-08-16,64291.29,OPEN
CLM0011717,POL000889,2024-12-26,51296.42,DENIED
CLM0008662,POL001510,2025-11-16,69261.81,OPEN
CLM0001644,POL959545,2026-01-28,29351.43,IN REVIEW
CLM0001619,POL003574,2025-12-07,28651.45,IN REVIEW
CLM0008695,POL004790,2025-12-07,55341.41,DENIED
CLM0011824,POL001758,2026-04-20,41262.71,OPEN
CLM0011966,POL003826,2024-09-20,47800.24,DENIED
CLM0011804,POL004585,2025-07-26,68880.43,denied
CLM0007149,POL003394,2024-07-29,58210.16,OPEN
CLM0011201,POL004548,2026-06-02,1756.04,DENIED
CLM0004083,POL002190,2024-10-20,37496.42,OPEN
CLM0010655,POL003998,2024-07-12,23328.06,OPEN
CLM0001295,POL002822,2026-03-11,74808.01,IN REVIEW
CLM0010486,POL004990,2026-04-05,2875.32,OPEN
CLM0008768,POL002425,2026-04-07,439.5,OPEN
CLM0005561,POL002981,2025-03-01,36080.23,DENIED
CLM0008655,POL004002,2024-09-19,15106.85,DENIED
CLM0008188,POL003573,2026-13-45,60760.19,DENIED
CLM0011653,POL000841,2024-07-14,53698.42,OPEN
CLM0004644,POL003381,2026-01-24,60840.67,  DENIED 
CLM0005769,POL004265,2026-04-23,75653.33,DENIED
CLM0004507,POL004433,2026-05-27,75758.22,OPEN
CLM0008944,POL000900,N/A,40131.71,denied
CLM0000430,POL004297,2024-07-15,9671.94,DENIED
CLM0005879,POL004049,2025-03-27,26366.05,DENIED
CLM0010802,POL001812,2026-05-17,9999999.99,DENIED
CLM0011054,POL004654,2026-06-16,31409.22,DENIED
CLM0005454,POL940291,2026-05-03,46248.28,OPEN
CLM0005928,POL001209,2025-04-25,45075.31,denied
CLM0000079,POL001536,2025-04-23,1837.22,CLOSED
CLM0005414,POL001098,2025-03-02,61160.23,CLOSED
CLM0006043,POL002478,2024-07-12,27302.82,DENIED
CLM0011314,POL002544,2025-01-21,27819.1,denied
CLM0005604,POL000682,2026-03-03,34569.3,IN REVIEW
CLM0011953,POL000171,2024-08-06,70609.39,OPEN
CLM0003088,POL000119,2025-01-03,664.46,OPEN
CLM0008081,POL002927,2024-10-17,10095.73,DENIED
CLM0008467,POL001531,2026-06-24,22276.32,OPEN
CLM0008459,POL000138,2025-04-07,60442.58,DENIED
CLM0005452,POL003152,2025-02-19,23176.24,OPEN
CLM0001589,POL003345,2024-06-04,56412.61,OPEN
CLM0005701,POL001555,2024-12-23,68320.21,IN REVIEW
CLM0011415,POL000999,2024-09-01,13029.8,OPEN
CLM0011247,POL000728,N/A,46993.91,DENIED
CLM0009634,POL001840,2025-08-06,49771.46,DENIED
CLM0010630,POL000574,2025-06-12,28906.65,DENIED
CLM0001104,POL004480,2024-11-23,70416.9,DENIED
CLM0006953,POL000160,2026-02-21,14097.83,DENIED
CLM0001838,POL003401,2024-06-29,61729.89,CLOSED
CLM0003910,POL000550,2024-07-02,41690.23,OPEN
CLM0008226,POL003128,2025-12-26,64528.64,OPEN
CLM0010540,POL001439,2026-06-28,67781.17,  OPEN 
CLM0006958,POL001006,2026-03-02,77794.52,IN REVIEW
CLM0010211,POL004649,2025-06-08,70314.1,DENIED
CLM0002450,POL004683,2025-04-23,65494.96,OPEN
CLM0003040,POL000921,2024-12-20,61854.61,DENIED
CLM0011394,POL004093,2025-04-12,22255.59,CLOSED
CLM0000169,POL004556,2024-08-29,15030.99,DENIED
CLM0005126,POL003975,2025-02-08,56636.48,OPEN
CLM0007836,POL003931,2025-03-08,68467.18,  OPEN 
CLM0006346,POL001218,2024-10-25,67863.3,OPEN
CLM0009730,POL001365,2024-09-24,58765.71,OPEN
CLM0011364,POL001694,2026-02-04,46841.07,IN REVIEW
CLM0000686,POL000193,2026-04-17,34987.61,IN REVIEW
CLM0006903,POL948282,2024-11-21,31025.03,IN REVIEW
CLM0008572,POL002795,2025-08-15,54756.88,IN REVIEW
CLM0003517,POL002837,2026-02-03,8280.33,IN REVIEW
CLM0004397,POL001999,2025-03-20,22448.52,CLOSED
CLM0004031,POL002064,2024-09-04,50025.44,OPEN
CLM0006128,POL002049,2025-11-27,70289.72,DENIED
CLM0004988,POL000021,2024-11-06,7398.95,IN REVIEW
CLM0010429,POL001970,2025-08-23,39371.75,CLOSED
CLM0011588,POL003598,2025-05-18,45776.99,IN REVIEW
CLM0003752,POL003231,2025-03-30,32796.65,CLOSED
CLM0002906,POL001718,2024-10-07,41177.46,CLOSED
CLM0007390,POL001270,2026-05-09,68371.8,OPEN
CLM0010725,POL002921,2025-08-04,43996.22,DENIED
CLM0008441,POL003730,2024-12-20,78637.96,DENIED
CLM0004055,POL001165,2025-11-23,42902.28,DENIED
CLM0009195,POL003243,N/A,39383.77,DENIED
CLM0008693,POL001323,2024-10-28,38959.74,DENIED
CLM0010113,POL000693,2026-05-19,11601.02,IN REVIEW
CLM0010466,POL004241,2025-05-07,51642.73,IN REVIEW
CLM0002064,POL001939,2024-06-07,875.29,DENIED
CLM0008702,POL003515,0000-00-00,48350.21,IN REVIEW
CLM0000199,POL003660,2025-06-12,19746.15,  DENIED 
CLM0011338,POL005000,2024-11-10,42040.55,OPEN
CLM0002678,POL003551,2026-03-28,16171.99,DENIED
CLM0001377,POL002146,2024-06-19,41517.04,IN REVIEW
CLM0001476,POL001364,2024-08-24,22254.61,IN REVIEW
CLM0000466,POL949272,2026-02-14,9736.54,CLOSED
CLM0006459,POL001850,2024-11-12,48094.03,DENIED
CLM0006178,POL000025,2026-02-24,6099.01,DENIED
CLM0011422,POL002974,2025-05-12,48086.22,DENIED
CLM0005061,POL002111,2024-11-27,35536.4,CLOSED
CLM0007808,POL004682,2026-04-28,902.22,CLOSED
CLM0000917,POL001592,2025-05-14,10855.71,OPEN
CLM0009298,POL002681,2025-12-28,16443.67,CLOSED
CLM0011316,POL004834,2024-08-04,6509.37,OPEN
CLM0006011,POL002430,2024-10-06,64300.68,CLOSED
CLM0009719,POL003191,2024-06-17,30447.79,CLOSED
CLM0000548,POL000161,2025-01-10,22172.41,OPEN
CLM0008035,POL002205,2024-12-14,35423.47,OPEN
CLM0009624,POL003513,2025-05-14,47130.82,IN REVIEW
CLM0010522,POL000398,2024-08-01,52861.64,CLOSED
CLM0004694,POL002414,2026-01-08,53779.95,IN REVIEW
CLM0003860,POL001395,2025-01-26,59244.92,IN REVIEW
CLM0004572,POL004572,2026-01-21,61417.34,CLOSED
CLM0008669,POL004470,2026-01-05,50708.09,DENIED
CLM0002651,POL004235,2026-05-14,21728.72,CLOSED
CLM0011203,POL003841,2025-06-19,32858.2,DENIED
CLM0011098,POL001281,2025-09-18,74212.92,DENIED
CLM0006398,POL003981,2024-08-16,24806.53,OPEN
CLM0011713,POL002464,2024-09-14,384.92,DENIED
CLM0004592,POL003184,2025-02-18,49589.23,closed
CLM0007466,POL003507,2025-10-17,79340.25,IN REVIEW
CLM0006358,POL003168,2024-11-17,50799.68,CLOSED
CLM0009099,POL001060,2025-04-21,61524.06,denied
CLM0002993,POL004860,2024-06-20,40419.69,DENIED
CLM0010007,POL001794,2025-08-06,51454.89,OPEN
CLM0007105,POL000842,2025-08-18,38347.23,CLOSED
CLM0003843,POL001247,2026-06-16,55749.08,DENIED
CLM0010762,POL001814,2026-05-23,62891.11,DENIED
CLM0009156,POL003300,2026-07-10,6396.82,OPEN
CLM0008410,POL003633,2025-03-22,49632.39,CLOSED
CLM0005795,POL002295,2026-03-01,4707.43,OPEN
CLM0003096,POL000222,2025-02-09,57978.82,DENIED
CLM0006847,POL000442,2024-11-26,34422.12,CLOSED
CLM0000633,POL002315,2026-05-12,77286.17,OPEN
CLM0008093,POL000042,2025-07-23,38337.21,DENIED
CLM0002729,POL001739,2025-01-10,21959.69,IN REVIEW
CLM0004448,POL001114,2026-02-06,30400.4,DENIED
CLM0004790,POL003191,2025-03-12,74940.28,OPEN
CLM0007860,POL002757,2025-12-29,73947.66,IN REVIEW
CLM0002618,POL000607,2024-08-18,51831.86,CLOSED
CLM0006114,POL002672,2026-02-22,74661.62,DENIED
CLM0006305,POL001991,2024-09-02,14116.66,CLOSED
CLM0008994,POL004749,2025-11-24,34801.76,IN REVIEW
CLM0007579,POL002400,2026-01-10,20841.05,OPEN
CLM0006489,POL000100,2024-06-15,67937.23,OPEN
CLM0003823,POL004103,2025-11-05,41171.73,OPEN
CLM0009255,POL001138,2024-11-17,2568.34,DENIED
CLM0009128,POL002233,2025-12-08,53157.82,DENIED
CLM0000218,POL002472,2026-04-03,59705.2,CLOSED
CLM0003175,POL001221,2026-04-21,19999.86,OPEN
CLM0008277,POL003964,2026-03-08,28238.57,DENIED
CLM0009892,POL004748,N/A,16932.72,CLOSED
CLM0006729,POL003265,2025-10-20,40621.13,IN REVIEW
CLM0011078,POL003079,2024-09-20,42958.83,in review
CLM0006630,POL002529,2024-08-27,40155.71,OPEN
CLM0004767,POL003115,2024-08-28,47761.15,OPEN
CLM0004782,POL003332,2025-02-01,69030.57,IN REVIEW
CLM0009649,POL003003,2025-03-21,60414.22,IN REVIEW
CLM0006485,POL001380,2025-12-18,28485.51,DENIED
CLM0010392,POL003293,2025-03-19,74735.54,IN REVIEW
CLM0007164,POL004794,2025-02-27,56063.93,CLOSED
CLM0008724,POL003933,2025-01-22,12308.34,DENIED
CLM0008974,POL003531,2026-01-05,7386.25,IN REVIEW
CLM0004501,POL001611,2025-09-17,78122.82,IN REVIEW
CLM0002659,POL002016,2026-04-01,40979.96,IN REVIEW
CLM0010037,POL001253,2026-03-07,972.48,OPEN
CLM0008525,POL003207,2025-12-06,47879.21,DENIED
CLM0000719,POL002680,2024-06-30,54762.1,CLOSED
CLM0001170,POL002954,2026-02-02,46641.53,OPEN
CLM0002996,POL004684,2025-07-09,50663.06,DENIED
CLM0009191,POL000284,2024-08-24,4361.17,OPEN
CLM0008852,POL003437,2025-07-14,16221.47,  DENIED 
CLM0005150,POL002059,2026-02-10,35037.92,OPEN
CLM0006789,POL001257,2025-05-22,10029.69,OPEN
CLM0007943,POL003369,2025-05-17,65079.52,DENIED
CLM0002824,POL000388,2024-08-24,35959.9,IN REVIEW
CLM0002489,POL004111,2025-07-18,41886.18,OPEN
CLM0007833,POL003011,2024-07-29,28109.58,CLOSED
CLM0011675,POL000457,2025-05-09,14847.09,OPEN
CLM0006385,POL003133,2025-11-13,9999999.99,OPEN
CLM0008909,POL001079,2026-02-25,17067.92,IN REVIEW
CLM0006404,POL000017,2026-01-26,44964.27,CLOSED
CLM0001124,POL001788,2025-10-26,48321.02,OPEN
CLM0010456,POL002980,2025-02-18,23830.06,IN REVIEW
CLM0002866,POL003272,2025-05-18,40034.78,IN REVIEW
CLM0007655,POL004342,2024-12-09,52921.55,IN REVIEW
CLM0001955,POL002878,2024-06-29,25790.75,  CLOSED 
CLM0000773,POL004867,2024-09-22,65814.35,OPEN
CLM0000663,POL002810,2026-01-16,57135.18,CLOSED
CLM0000395,POL000670,2025-09-22,51791.17,OPEN
CLM0006905,POL003722,2024-07-21,48963.29,DENIED
CLM0005339,POL000956,2025-12-01,59539.48,CLOSED
CLM0002554,POL002524,2026-01-19,31363.33,DENIED
CLM0009218,POL000096,2026-04-21,876.6,IN REVIEW
CLM0000898,POL003840,2026-02-24,0,CLOSED
CLM0003468,POL001064,2026-01-09,45969.13,OPEN
CLM0004292,POL002525,2025-08-28,74340.79,OPEN
CLM0008748,POL005000,2024-08-23,70282.18,OPEN
CLM0004705,POL001821,2025-01-16,28061.34,CLOSED
CLM0004914,POL949177,2026-04-20,79470.86,IN REVIEW
CLM0002389,POL001215,2026-06-15,27690.47,CLOSED
CLM0011915,POL001328,2025-07-20,49320.06,CLOSED
CLM0008838,POL001507,2025-08-04,77474.67,DENIED
CLM0004740,POL004775,2026-01-10,31710.62,OPEN
CLM0003209,POL003358,2025-08-11,41238.68,DENIED
CLM0003651,POL004013,2024-07-25,65141.5,CLOSED
CLM0011141,POL002673,2026-05-20,8915.69,denied
CLM0009949,POL002443,2024-06-14,64931.55,DENIED
CLM0010735,POL003080,2026-03-08,46149.07,IN REVIEW
CLM0007188,POL002388,2024-10-17,48591.48,CLOSED
CLM0005639,POL002120,2025-03-10,13265.36,DENIED
CLM0007709,POL002834,2026-07-14,51546.32,DENIED
CLM0007993,POL001264,2025-02-22,74469.9,IN REVIEW
CLM0003924,POL002745,2024-11-17,25743.74,IN REVIEW
CLM0011410,POL003825,2024-08-27,29519.54,DENIED
CLM0002956,POL004088,2024-12-19,65272.28,IN REVIEW
CLM0008428,POL004445,2025-02-11,68877.05,CLOSED
CLM0001934,POL004284,2025-02-07,23408.1,open
CLM0002473,POL004434,2025-11-16,53566.41,OPEN
CLM0011057,POL000615,2025-12-08,58278.46,IN REVIEW
CLM0009024,POL001051,2024-07-19,35132.99,  CLOSED 
CLM0006075,POL001207,2026-01-12,35262.22,OPEN
CLM0011765,POL001512,2026-05-11,55893.93,open
CLM0002806,POL001753,2024-09-11,32208.96,OPEN
CLM0002515,POL002251,2025-04-29,25417.4,in review
CLM0011501,POL002038,2025-02-13,10590.09,CLOSED
CLM0002742,POL000697,2025-02-07,79114.66,OPEN
CLM0008365,POL004875,2025-10-30,3440.38,DENIED
CLM0003820,POL004615,2026-05-14,41544.63,CLOSED
CLM0002928,POL003062,2026-05-05,68882.8,IN REVIEW
CLM0003330,POL001599,2025-12-12,28932.38,OPEN
CLM0007621,POL003430,2025-06-28,9878.5,CLOSED
CLM0004912,POL004629,2025-01-19,29762.64,OPEN
CLM0004819,POL002524,2024-07-26,52013.94,DENIED
CLM0006260,POL003488,2025-07-03,22605.16,OPEN
CLM0004788,POL003060,2026-01-07,1320.47,IN REVIEW
CLM0003509,POL003248,2024-11-03,15960.14,DENIED
CLM0006102,POL003766,2026-02-20,72840.44,DENIED
CLM0005566,POL002624,2024-09-06,22883.53,CLOSED
CLM0010633,POL002002,2026-05-29,1567.07,DENIED
CLM0006579,POL001257,2024-10-08,20040.2,DENIED
CLM0001215,POL004420,2026-03-14,55681.08,CLOSED
CLM0008605,POL003319,2026-05-25,8761.58,CLOSED
CLM0000604,POL003227,2025-07-15,8792.0,IN REVIEW
CLM0004401,POL003201,2026-05-30,13910.17,  IN REVIEW 
CLM0005047,POL000245,2025-10-08,38310.81,IN REVIEW
CLM0005479,POL004239,2024-07-27,32248.24,OPEN
CLM0004038,POL001335,2024-06-01,5821.79,OPEN
CLM0001690,POL002307,2026-05-18,75064.36,DENIED
CLM0007740,POL003670,2025-11-18,64376.24,CLOSED
CLM0001235,POL002614,2025-09-09,55259.01,IN REVIEW
CLM0003755,POL004098,2025-11-12,73811.46,OPEN
CLM0010195,POL001813,2025-02-17,56942.61,OPEN
CLM0007140,POL004438,2025-04-02,62951.23,IN REVIEW
CLM0006678,POL002548,2024-07-16,3390.2,CLOSED
CLM0000587,POL004839,2025-03-18,15436.64,IN REVIEW
CLM0006058,POL000701,2025-12-25,55446.83,IN REVIEW
CLM0003157,POL004408,2024-09-07,8568.94,CLOSED
CLM0006210,POL001906,2024-09-28,9550.64,CLOSED
CLM0006532,POL002348,2025-10-30,26583.96,DENIED
CLM0011771,POL003562,31/12/2025,7264.48,IN REVIEW
CLM0003401,POL000161,2026-01-02,35991.31,CLOSED
CLM0007511,POL004916,2024-09-06,42894.36,IN REVIEW
CLM0003389,POL001281,2025-02-02,17368.97,OPEN
CLM0011145,POL000879,2025-04-08,49476.35,IN REVIEW
CLM0003332,POL000989,2026-07-09,7539.43,IN REVIEW
CLM0002011,POL004225,2025-09-16,70316.17,denied
CLM0007058,POL001014,2026-01-01,21325.55,CLOSED
CLM0007760,POL004875,2024-12-19,65142.64,DENIED
CLM0008880,POL001392,2025-02-19,70220.97,OPEN
CLM0003125,POL003725,2025-03-25,60449.67,OPEN
CLM0009131,POL003783,2025-10-30,1915.6,IN REVIEW
CLM0006599,POL000145,2025-05-12,45413.28,OPEN
CLM0010019,POL004293,2024-08-04,47534.57,IN REVIEW
CLM0001137,POL000358,2026-01-21,53254.95,CLOSED
CLM0001205,POL001871,2024-08-16,47601.6,IN REVIEW
CLM0001027,POL004173,2024-12-22,52898.25,OPEN
CLM0010839,POL003953,2024-11-21,45021.7,DENIED
CLM0003411,POL000564,2026-07-21,32437.99,CLOSED
CLM0004467,POL001369,2025-10-01,28398.94,CLOSED
CLM0005393,POL004529,2025-10-05,41532.08,CLOSED
CLM0006406,POL002718,2025-01-28,16006.93,DENIED
CLM0000145,POL001613,2025-05-23,9777.43,IN REVIEW
CLM0003720,POL003746,2024-08-04,36076.54,CLOSED
CLM0002643,POL002527,2025-02-23,36810.32,DENIED
CLM0005970,POL000432,2024-11-15,52607.18,CLOSED
CLM0006246,POL002744,2025-09-06,49032.29,DENIED
CLM0010873,POL001073,2025-10-06,26786.35,DENIED
CLM0010368,POL004829,2026-05-27,-3265.76,DENIED
CLM0007719,POL004391,2024-07-03,50071.35,CLOSED
CLM0009168,POL000196,2024-06-24,35045.16,DENIED
CLM0002682,POL001297,2026-06-20,30100.6,OPEN
CLM0000506,POL001326,2026-03-01,31240.4,OPEN
CLM0001346,POL003779,2025-03-07,69294.53,IN REVIEW
CLM0008537,POL001576,2024-12-21,69107.2,denied
CLM0000824,POL004817,2024-10-25,50604.53,CLOSED
CLM0002959,POL003307,2026-01-06,71993.62,IN REVIEW
CLM0007554,POL003437,2026-04-17,76971.81,IN REVIEW
CLM0004427,POL001280,2024-08-11,8184.25,DENIED
CLM0009437,POL000354,2026-04-07,-54660.56,IN REVIEW
CLM0005538,POL003702,2025-11-26,79767.66,DENIED
CLM0005143,POL003783,2026-07-17,0,DENIED
CLM0000596,POL001495,2026-03-04,63108.71,open
CLM0011760,POL003436,2025-12-07,26531.23,OPEN
CLM0011377,POL001200,2025-08-08,42630.78,IN REVIEW
CLM0005743,POL003374,2024-11-25,39134.56,DENIED
CLM0003898,POL002294,2026-07-04,15960.45,OPEN
CLM0010327,POL002452,2024-07-25,26473.36,OPEN
CLM0009202,POL000191,2024-11-15,60546.73,closed
CLM0004643,POL001519,2026-03-13,18722.07,CLOSED
CLM0006454,POL003635,2025-08-02,79412.24,OPEN
CLM0004414,POL003165,2025-06-23,31455.52,DENIED
CLM0009945,POL001395,2026-06-04,43861.71,DENIED
CLM0001433,POL004436,2026-02-23,72447.28,DENIED
CLM0011445,POL003867,2024-11-18,12038.75,IN REVIEW
CLM0007544,POL003242,2024-06-07,34247.21,OPEN
CLM0008608,POL004099,2024-12-30,5850.08,CLOSED
CLM0010786,POL000099,2026-06-19,54084.26,CLOSED
CLM0010338,POL003261,2026-06-04,55694.58,  OPEN 
CLM0001375,POL000370,2026-07-09,21521.51,DENIED
CLM0010422,POL003375,2024-08-12,51772.31,OPEN
CLM0000195,POL003041,2026-04-11,67205.91,DENIED
CLM0005196,POL004908,2025-12-29,59875.58,IN REVIEW
CLM0010458,POL001203,2025-10-04,3202.47,IN REVIEW
CLM0001524,POL002306,2026-05-07,2247.97,IN REVIEW
CLM0008178,POL000163,2026-03-07,1928.88,CLOSED
CLM0006151,POL003619,2025-03-29,41887.36,OPEN
CLM0005269,POL001525,2025-05-09,17265.09,OPEN
CLM0000965,POL003347,2025-03-02,59451.03,CLOSED
CLM0005342,POL004786,2024-11-30,21818.32,OPEN
CLM0010378,POL004859,2025-05-11,57621.41,IN REVIEW
CLM0005252,POL003086,2025-08-16,26657.67,closed
CLM0006602,POL000907,2024-12-25,20972.03,IN REVIEW
CLM0000056,POL001172,2026-02-07,54607.46,IN REVIEW
CLM0003248,POL002370,2025-12-28,58499.56,IN REVIEW
CLM0011028,POL000868,2025-08-18,7734.39,OPEN
CLM0010694,POL909026,2024-07-05,34343.16,CLOSED
CLM0002250,POL000295,2025-01-08,38687.27,IN REVIEW
CLM0004828,POL003242,2025-07-05,2898.59,OPEN
CLM0011884,POL002442,2024-07-11,28231.89,CLOSED
CLM0001783,POL001795,2026-05-16,9765.69,  OPEN 
CLM0001383,POL002770,2025-02-20,0,IN REVIEW
CLM0008581,POL003268,2025-04-11,999.82,DENIED
CLM0000546,POL000245,2026-02-07,19992.37,IN REVIEW
CLM0000427,POL002599,2025-01-25,37477.8,CLOSED
CLM0005662,POL000758,2026-06-07,14024.34,CLOSED
CLM0001245,POL003163,2024-12-03,41844.43,IN REVIEW
CLM0006433,POL001309,2025-02-19,-16565.5,DENIED
CLM0006985,POL001078,2025-11-22,38144.29,OPEN
CLM0011298,POL003398,2025-08-18,30758.6,DENIED
CLM0000643,POL002031,2026-05-06,62792.83,OPEN
CLM0007852,POL001715,2026-06-09,58476.01,OPEN
CLM0003365,POL004793,2025-01-09,43766.82,DENIED
CLM0001474,POL004038,2025-01-25,43472.47,DENIED
CLM0006535,POL002306,2025-01-14,29606.88,DENIED
CLM0009915,POL004220,2026-02-19,17119.02,OPEN
CLM0005257,POL003035,2024-08-21,9443.03,CLOSED
CLM0008835,POL002568,2026-01-24,35266.37,OPEN
CLM0011112,POL001833,2025-08-29,-50586.17,CLOSED
CLM0007113,POL002655,2025-01-11,49946.19,IN REVIEW
CLM0010341,POL003461,2024-12-12,33056.16,CLOSED
CLM0005967,POL004132,2024-08-08,27365.05,IN REVIEW
CLM0008637,POL000223,2024-08-07,44994.26,IN REVIEW
CLM0003853,POL001401,2026-03-07,-38095.17,IN REVIEW
CLM0002070,POL001032,2024-10-16,47121.61,DENIED
CLM0008546,POL002106,2025-03-24,68552.68,CLOSED
CLM0005978,POL003313,2025-05-25,27123.33,  CLOSED 
CLM0011296,POL004014,2025-05-11,62539.44,CLOSED
CLM0000782,POL001251,2026-06-14,4844.92,OPEN
CLM0000589,POL999378,2025-07-31,77321.53,IN REVIEW
CLM0001382,POL001445,2025-10-29,72777.86,closed
CLM0000814,POL004514,2024-12-03,50423.71,DENIED
CLM0004796,POL002299,2025-09-24,52330.48,OPEN
CLM0008738,POL004045,2025-08-18,11168.57,open
CLM0007127,POL003719,2025-08-07,6970.04,CLOSED
CLM0005376,POL000625,2024-09-12,39693.83,IN REVIEW
CLM0011579,POL003466,2026-01-09,42175.86,IN REVIEW
CLM0009382,POL002211,2025-11-04,33284.0,OPEN
CLM0000668,POL002185,2025-10-21,47891.2,IN REVIEW
CLM0000394,POL004683,2024-08-18,53389.12,OPEN
CLM0008451,POL000921,2026-04-06,62816.64,IN REVIEW
CLM0010362,POL001711,2025-12-15,1831.27,DENIED
CLM0007716,POL002183,2025-03-10,7918.79,DENIED
CLM0011921,POL002227,2025-06-17,46122.31,DENIED
CLM0006219,POL003333,2025-01-30,7584.3,DENIED
CLM0008335,POL001789,2026-03-30,56406.42,CLOSED
CLM0005138,POL003691,2026-02-26,51020.23,DENIED
CLM0006437,POL004083,2024-08-22,12915.73,DENIED
CLM0009506,POL003768,2026-01-10,36726.47,  IN REVIEW 
CLM0011474,POL000518,2024-06-17,44151.66,DENIED
CLM0000571,POL001247,2024-10-07,68364.16,OPEN
CLM0010947,POL004308,2025-09-25,19685.81,OPEN
CLM0007957,POL000774,2025-03-04,2302.65,  OPEN 
CLM0006710,POL002585,2024-10-16,71975.25,OPEN
CLM0004517,POL000331,2025-02-10,52818.95,CLOSED
CLM0008053,POL003928,2025-06-10,36255.76,OPEN
CLM0009997,POL002711,2025-01-27,3100.31,CLOSED
CLM0004418,POL000341,2025-05-02,41105.09,CLOSED
CLM0002195,POL001291,2024-12-07,18874.12,DENIED
CLM0006105,POL001349,2025-02-05,64307.72,OPEN
CLM0007775,POL001449,2025-03-26,30685.56,CLOSED
CLM0007425,POL001994,2025-09-24,44692.04,OPEN
CLM0008196,POL001060,2024-06-23,23024.36,CLOSED
CLM0011357,POL004742,2025-05-05,38904.63,IN REVIEW
CLM0006894,POL000370,2026-03-30,40725.85,IN REVIEW
CLM0002783,POL000791,2024-06-23,55852.84,DENIED
CLM0004777,POL002057,2024-08-09,22901.74,IN REVIEW
CLM0008209,POL002611,2025-11-01,68084.51,OPEN
CLM0008666,POL002850,2026-07-20,8660.65,IN REVIEW
CLM0005931,POL002775,2026-03-08,26444.34,DENIED
CLM0004032,POL000002,2025-08-15,14394.94,CLOSED
CLM0011856,POL004680,2025-08-13,9524.44,  DENIED 
CLM0007404,POL002913,2025-12-23,66956.29,IN REVIEW
CLM0004935,POL002129,2025-09-22,16460.23,OPEN
CLM0000278,POL003227,2025-12-14,52369.78,CLOSED
CLM0010945,POL004086,2026-05-22,32070.19,IN REVIEW
CLM0009278,POL004376,2025-04-01,36359.32,DENIED
CLM0001456,POL004048,2025-03-03,23321.76,  IN REVIEW 
CLM0008311,POL002024,2024-11-08,748.59,CLOSED
CLM0011887,POL000083,2025-10-12,16409.61,IN REVIEW
CLM0001755,POL002185,2024-12-02,10038.1,IN REVIEW
CLM0006343,POL000225,2025-08-08,52196.01,CLOSED
CLM0004090,POL000948,2024-07-27,6007.45,DENIED
CLM0007953,POL001690,2026-04-19,33357.65,CLOSED
CLM0005813,POL002873,2025-08-12,73463.17,OPEN
CLM0000688,POL003118,2025-03-14,8083.61,IN REVIEW
CLM0011479,POL977712,2025-04-30,19692.48,DENIED
CLM0004046,POL003865,2025-02-28,56344.5,CLOSED
CLM0002288,POL002095,2025-09-19,53958.51,CLOSED
CLM0006057,POL004961,2026-05-09,30113.09,DENIED
CLM0003714,POL004494,2026-05-17,61457.63,CLOSED
CLM0005927,POL004913,2024-06-04,13820.13,CLOSED
CLM0004651,POL002401,2024-12-14,76335.0,IN REVIEW
CLM0009087,POL000645,N/A,28640.25,denied
CLM0001342,POL002695,2025-06-27,1894.97,IN REVIEW
CLM0009032,POL003223,2025-12-17,38280.24,IN REVIEW
CLM0010240,POL001512,2025-09-07,36262.68,OPEN
CLM0003358,POL001200,,48739.47,CLOSED
CLM0008520,POL004352,2024-09-06,58786.59,DENIED
CLM0010435,POL003159,N/A,52716.79,IN REVIEW
CLM0006996,POL002337,2026-02-26,28493.88,DENIED
CLM0008193,POL000827,2025-08-22,4337.07,IN REVIEW
CLM0009306,POL003915,2025-10-03,36483.92,DENIED
CLM0000769,POL001534,2024-08-19,61974.99,IN REVIEW
CLM0005027,POL004522,2026-07-10,74399.72,CLOSED
CLM0006407,POL001983,2025-04-30,13097.14,IN REVIEW
CLM0001427,POL003325,2024-09-09,50910.67,OPEN
CLM0011014,POL003730,2026-01-10,37173.82,IN REVIEW
CLM0005153,POL001683,2024-11-07,28020.03,IN REVIEW
CLM0011299,POL003201,2026-06-12,60343.52,IN REVIEW
CLM0010608,POL000208,2025-12-27,66486.66,CLOSED
CLM0008828,POL000165,2024-07-24,30897.0,CLOSED
CLM0011984,POL000075,2025-11-19,59772.2,CLOSED
CLM0000899,POL002094,2025-06-27,54891.6,OPEN
CLM0006071,POL002691,2025-06-05,32741.32,DENIED
CLM0001057,POL003043,2026-01-21,8179.53,CLOSED
CLM0004450,POL003755,2026-04-09,55207.36,IN REVIEW
CLM0000166,POL000312,2024-11-16,42766.82,DENIED
CLM0004927,POL004454,2025-06-13,57349.1,IN REVIEW
CLM0001390,POL003591,2026-02-05,76030.46,DENIED
CLM0001180,POL001878,2025-10-29,31383.75,denied
CLM0003580,POL001189,2024-11-08,76197.94,CLOSED
CLM0000542,POL003660,2025-02-10,31319.83,IN REVIEW
CLM0000502,POL003908,2025-07-12,73901.07,IN REVIEW
CLM0007768,POL002464,2025-11-17,60921.69,  IN REVIEW 
CLM0009463,POL004312,2025-10-20,20501.11,CLOSED
CLM0011855,POL003338,2024-07-14,50502.9,IN REVIEW
CLM0007441,POL004205,2026-04-11,75258.73,CLOSED
CLM0003721,POL001771,2025-04-05,23249.32,DENIED
CLM0005082,POL000244,2025-11-03,48354.18,CLOSED
CLM0006634,POL002254,2024-11-04,1654.04,CLOSED
CLM0003324,POL001888,2026-03-02,59908.88,DENIED
CLM0002020,POL003514,2025-09-08,37699.33,CLOSED
CLM0004986,POL003687,2026-06-17,54433.95,OPEN
CLM0011795,POL002043,2025-10-30,24705.04,OPEN
CLM0008763,POL003545,2025-12-29,59940.41,DENIED
CLM0006189,POL002199,2026-05-11,9961.76,OPEN
CLM0011061,POL002711,2025-03-02,32141.39,  CLOSED 
CLM0005037,POL002509,2026-01-10,53037.6,DENIED
CLM0002190,POL000315,2024-06-10,63933.21,IN REVIEW
CLM0008264,POL001453,2025-07-08,33089.91,OPEN
CLM0003457,POL003977,2024-07-01,20079.43,CLOSED
CLM0003827,POL004956,2026-01-11,19013.37,IN REVIEW
CLM0004309,POL002608,2025-07-16,68386.57,DENIED
CLM0010905,POL000070,2024-07-10,61384.55,OPEN
CLM0002761,POL986038,2024-08-07,38049.63,DENIED
CLM0009182,POL001421,2026-04-17,56954.15,IN REVIEW
CLM0009905,POL000685,2024-07-19,30002.73,DENIED
CLM0008288,POL004016,2026-04-07,26660.79,DENIED
CLM0003758,POL981808,2026-03-24,29749.62,CLOSED
CLM0005372,POL002064,2026-06-22,48979.03,DENIED
CLM0001748,POL002542,2024-06-30,55198.17,IN REVIEW
CLM0002273,POL001522,2026-07-05,18224.14,DENIED
CLM0003723,POL001711,2026-13-45,20613.55,CLOSED
CLM0003039,POL000732,2024-07-22,8839.47,CLOSED
CLM0009973,POL001179,N/A,60504.12,CLOSED
CLM0002099,POL000909,2024-12-23,73355.95,DENIED
CLM0007705,POL000407,2024-12-14,28560.61,DENIED
CLM0002476,POL004424,2026-01-13,2001.61,CLOSED
CLM0007292,POL000060,2026-04-15,17489.03,DENIED
CLM0009909,POL000249,2026-02-01,26045.52,CLOSED
CLM0010745,POL003012,2024-08-02,51458.53,IN REVIEW
CLM0002287,POL003568,2024-10-27,29169.81,OPEN
CLM0010612,POL001382,2025-06-09,35140.68,DENIED
CLM0003680,POL003693,2025-03-27,-17823.86,IN REVIEW
CLM0008212,POL001850,2026-03-01,36669.31,IN REVIEW
CLM0011431,POL004543,2024-12-10,16974.28,  OPEN 
CLM0010981,POL001640,2026-01-19,61255.72,  IN REVIEW 
CLM0008068,POL001212,2025-11-29,23481.25,DENIED
CLM0007025,POL001182,2025-06-24,59218.5,DENIED
CLM0005937,POL002968,,16474.04,OPEN
CLM0001478,POL004900,2026-05-09,47587.54,DENIED
CLM0001121,POL003647,2025-08-06,63889.84,IN REVIEW
CLM0001966,POL001408,2025-02-19,36172.47,DENIED
CLM0008654,POL004696,2026-06-24,33446.82,IN REVIEW
CLM0002799,POL002283,2026-06-21,53257.08,CLOSED
CLM0009334,POL001075,2025-06-09,39890.47,DENIED
CLM0011108,POL003169,2025-02-13,48015.87,CLOSED
CLM0009953,POL004923,2026-03-20,74066.7,OPEN
CLM0001022,POL002648,2026-06-09,39488.74,IN REVIEW
CLM0010102,POL004624,2025-03-09,31533.79,DENIED
CLM0010224,POL002395,2024-10-24,74537.97,CLOSED
CLM0005598,POL002618,2026-03-10,63299.4,OPEN
CLM0006829,POL000286,2025-05-29,66017.58,OPEN
CLM0000405,POL000167,2026-06-07,55087.53,DENIED
CLM0011930,POL003345,2024-07-14,46130.37,DENIED
CLM0002494,POL004196,2025-06-16,46235.44,DENIED
CLM0003678,POL002206,2025-05-09,40748.93,OPEN
CLM0009636,POL002590,2025-03-27,35098.08,denied
CLM0003388,POL002350,2025-08-14,67035.36,OPEN
CLM0010414,POL002884,2025-11-29,76420.86,DENIED
CLM0009467,POL000208,2025-03-30,59631.28,DENIED
CLM0008401,POL004440,2025-01-28,41612.69,DENIED
CLM0005522,POL000294,2026-01-03,55151.46,IN REVIEW
CLM0002264,POL000989,2025-02-18,66900.92,CLOSED
CLM0010259,POL000260,2026-06-16,57689.07,IN REVIEW
CLM0004498,POL002029,2025-07-19,48994.87,DENIED
CLM0004021,POL001233,2024-06-20,64450.64,OPEN
CLM0001792,POL001755,2025-07-26,61696.27,IN REVIEW
CLM0006872,POL004453,2025-12-26,22698.27,IN REVIEW
CLM0005388,POL003791,2025-09-01,26297.45,DENIED
CLM0010928,POL001119,2024-09-28,18892.0,CLOSED
CLM0009664,POL004697,2026-01-10,25514.02,IN REVIEW
CLM0000952,POL000092,2024-10-16,44773.24,IN REVIEW
CLM0010291,POL003047,2025-02-18,18864.44,DENIED
CLM0000408,POL002403,2024-07-27,64629.49,DENIED
CLM0005099,POL001776,2024-11-03,43689.84,DENIED
CLM0001701,POL001902,2025-05-11,54238.35,CLOSED
CLM0007178,POL001882,2025-07-11,74028.48,OPEN
CLM0009162,POL000586,2026-04-21,10098.05,IN REVIEW
CLM0002722,POL002797,2025-08-28,27839.12,IN REVIEW
CLM0008784,POL003318,2024-12-13,44735.38,CLOSED
CLM0010312,POL960612,2024-08-15,16981.07,DENIED
CLM0002894,POL003706,2025-09-20,30172.29,open
CLM0006728,POL000376,2025-03-17,61662.27,DENIED
CLM0004235,POL002015,2024-11-30,41177.68,DENIED
CLM0011827,POL000530,2025-10-23,56844.05,IN REVIEW
CLM0011992,POL002609,2024-07-06,64407.11,DENIED
CLM0006491,POL001843,2024-07-30,79001.95,  DENIED 
CLM0003916,POL003103,2024-09-24,46739.75,CLOSED
CLM0009210,POL001658,2024-12-15,17449.88,OPEN
CLM0002005,POL002846,2024-12-30,11709.51,  OPEN 
CLM0009459,POL004422,2025-12-30,26178.06,OPEN
CLM0006747,POL003916,2026-05-30,747.8,OPEN
CLM0006345,POL003501,2024-06-20,38001.41,OPEN
CLM0009404,POL003547,2024-08-16,68678.22,IN REVIEW
CLM0001624,POL004305,2026-05-20,73410.42,CLOSED
CLM0000738,POL001689,2026-07-10,64480.44,DENIED
CLM0006881,POL000238,2026-04-20,10852.2,CLOSED
CLM0000063,POL003871,2025-04-26,27093.81,IN REVIEW
CLM0004510,POL000393,2024-07-25,823.22,CLOSED
CLM0007999,POL003744,2024-08-25,0,DENIED
CLM0004121,POL003173,2025-12-05,35620.71,OPEN
CLM0008521,POL003594,2026-06-01,-36898.77,OPEN
CLM0003490,POL001946,2025-02-17,14301.64,IN REVIEW
CLM0011407,POL001007,2026-06-25,18720.62,CLOSED
CLM0001810,POL003622,2025-06-10,74635.81,DENIED
CLM0009067,POL001541,2026-04-12,73951.89,DENIED
CLM0003295,POL000395,2026-03-28,51070.92,IN REVIEW
CLM0008756,POL001792,2025-02-17,42524.93,DENIED
CLM0009764,POL002624,2025-11-10,50791.55,DENIED
CLM0004799,POL004774,2025-12-24,62560.72,IN REVIEW
CLM0002087,POL003863,2025-02-13,51235.13,DENIED
CLM0010049,POL000550,2026-05-26,77580.95,IN REVIEW
CLM0005704,POL002901,2025-11-29,73573.92,DENIED
CLM0010641,POL004586,2024-07-19,69791.55,OPEN
CLM0003350,POL001493,2025-05-18,74916.28,IN REVIEW
CLM0006215,POL002202,2026-02-28,30380.68,CLOSED
CLM0003177,POL004456,2025-03-23,6314.43,open
CLM0004168,POL002970,2025-10-12,42924.67,IN REVIEW
CLM0004321,POL001841,2024-11-04,56894.26,OPEN
CLM0009671,POL003227,2024-08-04,32954.08,IN REVIEW
CLM0002154,POL003102,2025-11-16,59931.56,OPEN
CLM0009944,POL003589,2026-05-30,74170.82,DENIED
CLM0001031,POL004855,2025-10-12,25393.08,IN REVIEW
CLM0002531,POL000870,2025-04-04,75654.49,DENIED
CLM0003119,POL001782,2024-06-26,26191.85,OPEN
CLM0010181,POL003183,2024-07-15,2296.43,IN REVIEW
CLM0011424,POL000014,2025-02-27,23784.29,OPEN
CLM0006211,POL004366,2024-07-25,19132.84,IN REVIEW
CLM0001356,POL001015,2025-03-22,40790.15,CLOSED
CLM0001635,POL000359,2025-03-04,30513.27,DENIED
CLM0005158,POL003895,2025-10-10,21756.71,OPEN
CLM0009136,POL000367,2024-11-16,51433.14,OPEN
CLM0000856,POL004778,2025-09-16,49041.98,IN REVIEW
CLM0011979,POL002577,2026-03-21,42163.62,OPEN
CLM0003185,POL001693,2025-10-05,28060.27,closed
CLM0009974,POL004068,2025-07-02,26574.82,CLOSED
CLM0005139,POL001746,2026-03-23,50325.9,DENIED
CLM0002805,POL004429,2026-03-06,55065.3,CLOSED
CLM0006497,POL000274,2025-06-16,63423.93,OPEN
CLM0005942,POL001481,2024-09-29,28166.46,IN REVIEW
CLM0005024,POL002631,2024-12-08,47378.35,DENIED
CLM0003775,POL000842,2025-01-28,44839.33,CLOSED
CLM0005288,POL004156,2024-09-24,71404.54,OPEN
CLM0002720,POL000184,2025-04-05,79794.62,DENIED
CLM0003882,POL001656,2026-04-24,58206.69,OPEN
CLM0010511,POL003031,2024-06-15,13497.54,IN REVIEW
CLM0011679,POL004826,2025-06-16,6303.48,OPEN
CLM0011356,POL003623,2024-12-20,10101.12,OPEN
CLM0004037,POL000496,2024-09-25,35211.36,OPEN
CLM0011419,POL001480,2025-04-24,30374.22,DENIED
CLM0008552,POL000127,2025-01-09,0,OPEN
CLM0007913,POL004180,2025-09-19,41444.34,IN REVIEW
CLM0007756,POL003032,2026-05-06,45859.93,DENIED
CLM0005619,POL001293,2024-10-30,61231.89,DENIED
CLM0000903,POL002839,2025-10-03,57711.66,IN REVIEW
CLM0002549,POL002553,2024-08-10,37466.36,DENIED
CLM0008126,POL002843,2025-12-24,46828.7,OPEN
CLM0007426,POL004010,2024-08-25,65998.6,CLOSED
CLM0005677,POL001154,2026-06-28,65121.77,CLOSED
CLM0011416,POL003470,2026-07-15,15682.55,DENIED
CLM0010912,POL001008,2024-06-24,79581.22,DENIED
CLM0002711,POL002760,2024-08-31,8403.59,CLOSED
CLM0010998,POL002664,2025-09-29,11842.03,IN REVIEW
CLM0000053,POL000389,2025-08-05,19857.51,IN REVIEW
CLM0008933,POL001828,2025-07-28,41244.87,IN REVIEW
CLM0008545,POL003659,2024-12-02,30543.17,DENIED
CLM0000653,POL002843,2026-02-05,47804.84,CLOSED
CLM0011020,POL004014,2025-09-01,49654.04,DENIED
CLM0010194,POL002585,2024-11-22,11326.69,OPEN
CLM0009810,POL002556,2025-07-04,44522.8,DENIED
CLM0007242,POL002993,2025-10-20,47792.2,IN REVIEW
CLM0002942,POL001576,2025-01-16,68916.63,OPEN
CLM0005089,POL001993,2025-02-08,7598.84,IN REVIEW
CLM0011583,POL000083,2025-10-17,53654.87,OPEN
CLM0009399,POL002839,2025-05-09,13148.97,OPEN
CLM0009538,POL004216,2025-06-30,44566.58,  CLOSED 
CLM0001758,POL000565,2025-05-12,57596.35,CLOSED
CLM0006725,POL004239,2025-12-22,18833.87,OPEN
CLM0001598,POL001816,2025-12-03,71298.37,OPEN
CLM0007132,POL000710,2025-07-04,13907.41,CLOSED
CLM0006287,POL003398,N/A,31352.11,IN REVIEW
CLM0006782,POL000669,2024-09-13,15598.51,IN REVIEW
CLM0006344,POL001929,2025-11-30,68860.7,IN REVIEW
CLM0002664,POL000817,2025-01-25,59480.48,OPEN
CLM0011358,POL001866,2026-03-01,39151.99,DENIED
CLM0011508,POL001101,2024-12-29,59480.26,CLOSED
CLM0009621,POL004094,2024-07-31,11929.07,DENIED
CLM0010005,POL004919,2026-07-05,23629.47,IN REVIEW
CLM0001726,POL004331,31/12/2025,39474.18,IN REVIEW
CLM0000310,POL003428,2026-02-12,33268.68,IN REVIEW
CLM0005579,POL003138,2025-05-14,35422.29,  DENIED 
CLM0008897,POL004107,2026-07-18,36974.1,denied
CLM0009360,POL004023,2025-11-24,79405.77,IN REVIEW
CLM0008477,POL002353,2026-01-07,61365.54,denied
CLM0000784,POL002376,2026-01-18,36278.71,OPEN
CLM0007357,POL002885,2024-11-06,49871.35,DENIED
CLM0009423,POL002979,2026-05-03,17977.33,IN REVIEW
CLM0004384,POL001221,,28878.17,DENIED
CLM0005202,POL004045,2025-06-29,43072.45,CLOSED
CLM0001702,POL001161,2025-03-26,52560.06,CLOSED
CLM0010820,POL003089,2025-04-18,16750.4,CLOSED
CLM0008965,POL001746,2025-11-10,49380.26,CLOSED
CLM0003779,POL002912,2025-11-09,53810.97,OPEN
CLM0009597,POL003386,2024-10-08,61892.81,DENIED
CLM0001747,POL004663,2026-07-13,59616.61,IN REVIEW
CLM0002370,POL002518,2026-05-02,479.11,OPEN
CLM0007235,POL001574,2024-12-25,26186.5,OPEN
CLM0008220,POL001726,2025-08-24,23207.59,OPEN
CLM0000816,POL004921,2026-03-10,41189.93,OPEN
CLM0001908,POL002915,2025-04-17,30368.02,denied
CLM0011883,POL003699,2025-08-30,72932.09,CLOSED
CLM0003323,POL001112,2024-09-06,2857.95,IN REVIEW
CLM0009097,POL002724,2025-06-07,16853.84,DENIED
CLM0003655,POL000220,2024-10-09,49419.87,IN REVIEW
CLM0008342,POL002622,2025-03-21,55053.37,CLOSED
CLM0006173,POL000374,2025-12-15,72834.49,  OPEN 
CLM0004774,POL000065,2025-12-27,62914.11,DENIED
CLM0002573,POL003885,2025-12-02,10031.56,in review
CLM0002235,POL000977,2026-04-27,40856.29,DENIED
CLM0002214,POL003119,2024-08-12,41048.6,IN REVIEW
CLM0007856,POL004939,2025-11-26,40827.79,CLOSED
CLM0010878,POL000528,2024-07-17,22778.76,CLOSED
CLM0006884,POL000017,2025-10-02,19871.71,DENIED
CLM0011738,POL004024,2025-03-18,4927.82,IN REVIEW
CLM0008760,POL002302,2024-08-01,48009.12,CLOSED
CLM0008626,POL004581,2025-06-11,68545.03,OPEN
CLM0001765,POL003696,2025-08-27,33223.19,OPEN
CLM0003413,POL001529,2026-01-22,4600.17,CLOSED
CLM0003121,POL002646,2026-05-09,46077.32,CLOSED
CLM0000292,POL003561,2025-02-18,30878.76,CLOSED
CLM0002148,POL002643,2025-05-19,38521.73,CLOSED
CLM0003299,POL000077,2025-01-08,-51432.86,IN REVIEW
CLM0005043,POL004154,2025-08-17,43252.52,DENIED
CLM0006373,POL003459,2025-01-10,64801.96,IN REVIEW
CLM0004735,POL004235,2026-02-15,77806.49,CLOSED
CLM0000709,POL001629,0000-00-00,49451.1,OPEN
CLM0005321,POL001377,2024-10-02,32494.8,DENIED
CLM0011185,POL000455,2026-04-11,33391.11,CLOSED
CLM0010358,POL003391,2025-11-11,42472.55,IN REVIEW
CLM0002697,POL004803,2025-12-29,76576.06,DENIED
CLM0011196,POL000358,2026-06-17,45004.54,CLOSED
CLM0003095,POL000454,2025-07-25,17272.12,DENIED
CLM0011483,POL003795,2025-09-20,32211.6,CLOSED
CLM0001614,POL004794,2026-03-26,14379.93,IN REVIEW
CLM0010430,POL003950,2024-11-11,69545.06,OPEN
CLM0003024,POL001085,2026-04-28,36629.73,CLOSED
CLM0002645,POL004248,2024-07-23,39584.72,DENIED
CLM0000995,POL002462,2025-07-02,36710.05,DENIED
CLM0011631,POL000414,2026-03-31,15013.77,CLOSED
CLM0005375,POL004056,2025-07-08,37974.58,DENIED
CLM0000809,POL002425,2025-08-04,42830.02,IN REVIEW
CLM0007568,POL001399,2025-12-02,25544.85,DENIED
CLM0009492,POL002254,2025-10-30,25698.32,open
CLM0000551,POL002484,2025-09-19,12523.84,IN REVIEW
CLM0005101,POL002029,2025-05-17,19589.19,OPEN
CLM0002249,POL002440,2026-03-11,35351.58,DENIED
CLM0010136,POL004247,2025-12-21,79478.68,open
CLM0004285,POL003712,2025-04-21,67772.54,DENIED
CLM0007522,POL003264,2026-06-23,25767.48,IN REVIEW
CLM0009511,POL003368,2025-12-04,14112.87,CLOSED
CLM0002378,POL003721,2025-03-25,33014.29,DENIED
CLM0011779,POL004766,2026-03-13,20771.46,DENIED
CLM0008004,POL004644,2025-03-16,78806.69,IN REVIEW
CLM0001885,POL000516,2025-09-11,58960.4,IN REVIEW
CLM0000359,POL002657,2024-08-31,22785.07,CLOSED
CLM0004634,POL000522,2024-09-13,9896.74,DENIED
CLM0007771,POL003437,2026-02-03,37724.79,CLOSED
CLM0004739,POL003404,2024-10-28,52361.66,IN REVIEW
CLM0009908,POL000246,2025-08-08,53225.27,  DENIED 
CLM0007645,POL001155,2025-06-27,44282.79,DENIED
CLM0004207,POL001475,2024-08-30,21470.37,IN REVIEW
CLM0009674,POL003040,2026-05-18,71286.09,OPEN
CLM0005008,POL002060,2024-12-23,39960.1,DENIED
CLM0003892,POL003530,2025-04-12,7118.89,IN REVIEW
CLM0006939,POL004978,2024-09-03,3347.65,OPEN
CLM0004720,POL004647,2025-09-20,75042.97,IN REVIEW
CLM0001199,POL004563,2024-06-29,13889.21,IN REVIEW
CLM0004949,POL004383,2025-03-08,42837.29,CLOSED
CLM0011754,POL002029,2025-01-01,64869.01,OPEN
CLM0006743,POL003174,2026-01-15,39892.21,OPEN
CLM0004574,POL002217,2025-02-23,70687.58,in review
CLM0002984,POL004612,2026-07-17,59638.87,DENIED
CLM0006936,POL002777,2026-04-25,70836.85,  OPEN 
CLM0006897,POL004301,2025-06-12,68387.4,CLOSED
CLM0002983,POL003448,2024-12-27,49196.04,DENIED
CLM0010026,POL000184,2024-11-19,47149.73,CLOSED
CLM0011147,POL001589,2024-12-09,71712.35,CLOSED
CLM0009395,POL002792,2024-09-04,8261.77,OPEN
CLM0011251,POL003915,2025-06-30,22328.88,IN REVIEW
CLM0007507,POL004046,2025-05-29,9950.73,OPEN
CLM0006744,POL003411,2026-01-08,7032.46,CLOSED
CLM0003702,POL002648,2025-12-09,61572.16,IN REVIEW
CLM0000421,POL004227,2026-03-15,72659.84,DENIED
CLM0002115,POL004402,2024-12-17,79986.26,DENIED
CLM0007012,POL004763,2024-07-24,69017.89,OPEN
CLM0005485,POL000524,2025-10-28,56025.43,IN REVIEW
CLM0000920,POL003234,2024-12-09,53265.76,OPEN
CLM0009317,POL003640,2025-06-19,24439.24,OPEN
CLM0007956,POL004208,2025-08-29,19600.3,IN REVIEW
CLM0004721,POL003857,2025-11-10,35800.0,DENIED
CLM0006641,POL003524,2025-07-14,7627.85,CLOSED
CLM0008707,POL003027,2024-09-08,64610.37,OPEN
CLM0002367,POL001083,2025-12-15,36964.3,CLOSED
CLM0002334,POL001742,2024-06-25,38516.36,IN REVIEW
CLM0011775,POL001120,2025-06-19,51289.94,IN REVIEW
CLM0008195,POL001335,2025-10-23,79920.32,IN REVIEW
CLM0005050,POL001055,2024-10-26,65961.69,DENIED
CLM0007475,POL003049,2024-08-30,23433.89,CLOSED
CLM0011102,POL002289,2024-08-08,74567.36,DENIED
CLM0009606,POL003077,2026-06-03,43511.1,OPEN
CLM0006270,POL001325,2026-05-17,64434.92,IN REVIEW
CLM0001742,POL002963,2026-13-45,33073.26,IN REVIEW
CLM0006506,POL004290,2025-12-20,14086.84,OPEN
CLM0003976,POL003711,2025-12-25,78773.03,OPEN
CLM0008073,POL002031,N/A,31231.3,CLOSED
CLM0010962,POL003351,2024-10-19,75099.66,IN REVIEW
CLM0011656,POL002774,2025-10-12,39275.83,DENIED
CLM0006519,POL003118,2025-10-06,45665.17,IN REVIEW
CLM0000716,POL002359,2025-01-05,18818.76,IN REVIEW
CLM0006236,POL002410,2026-04-04,6820.14,DENIED
CLM0002465,POL000094,2024-10-22,68897.49,open
CLM0000718,POL004328,2025-07-09,50853.41,DENIED
CLM0000838,POL004221,2026-03-06,37622.38,DENIED
CLM0005673,POL003201,2025-02-11,70030.59,DENIED
CLM0009000,POL004184,2026-02-26,35604.1,IN REVIEW
CLM0006732,POL001237,2025-07-25,42433.17,DENIED
CLM0006193,POL002662,2024-07-25,29128.08,CLOSED
CLM0000236,POL001690,2025-05-27,6677.22,DENIED
CLM0004496,POL002828,2026-02-27,73055.92,CLOSED
CLM0000916,POL001932,31/12/2025,46737.3,DENIED
CLM0006341,POL001070,2026-05-14,18216.02,OPEN
CLM0011378,POL002059,2024-08-14,70566.11,IN REVIEW
CLM0009745,POL004326,2026-05-04,78733.15,CLOSED
CLM0002117,POL001100,2025-07-28,10768.38,CLOSED
CLM0001769,POL001408,2026-01-10,73250.83,IN REVIEW
CLM0007722,POL001676,2024-12-21,36252.33,CLOSED
CLM0001065,POL004569,2025-01-08,31012.58,OPEN
CLM0008326,POL003999,2025-01-01,34509.08,OPEN
CLM0004655,POL003217,2025-03-10,54479.59,DENIED
CLM0005735,POL002846,2025-10-11,6291.41,OPEN
CLM0006646,POL001879,2024-06-19,44751.31,DENIED
CLM0003308,POL002355,2025-07-14,46488.24,DENIED
CLM0002210,POL003614,2025-02-18,62404.66,IN REVIEW
CLM0002440,POL002384,2025-04-11,18944.03,IN REVIEW
CLM0006826,POL002446,2026-01-12,67823.49,CLOSED
CLM0004229,POL004125,2025-11-08,24435.44,IN REVIEW
CLM0002244,POL003404,2024-06-11,69130.03,CLOSED
CLM0004367,POL001826,2026-01-09,7837.79,denied
CLM0011439,POL002831,2025-02-03,36475.69,CLOSED
CLM0000382,POL002526,2024-09-15,8469.5,DENIED
CLM0001875,POL000637,2025-07-21,24305.11,DENIED
CLM0004308,POL003662,2024-08-26,23519.22,CLOSED
CLM0000371,POL001334,2026-06-24,8155.94,IN REVIEW
CLM0004143,POL002304,2025-07-05,72272.08,OPEN
CLM0005534,POL000902,2025-08-10,71133.29,  OPEN 
CLM0004276,POL001355,2025-01-26,5051.51,OPEN
CLM0009783,POL002631,2025-06-17,75734.36,CLOSED
CLM0008141,POL003700,2025-08-24,73550.77,DENIED
CLM0011920,POL002169,2024-10-31,698.75,  IN REVIEW 
CLM0001132,POL004593,2025-03-27,15432.96,OPEN
CLM0009704,POL004533,2025-12-24,56004.9,CLOSED
CLM0007574,POL001805,2025-12-06,41808.79,OPEN
CLM0000568,POL003592,2024-06-09,66726.28,CLOSED
CLM0010128,POL001782,2024-08-18,32717.28,OPEN
CLM0006907,POL001808,2025-09-09,48938.48,CLOSED
CLM0011494,POL003894,2025-10-07,20852.4,CLOSED
CLM0002107,POL000203,2025-07-16,55458.61,OPEN
CLM0001184,POL003067,2025-06-06,12072.21,DENIED
CLM0003181,POL001253,2024-06-08,11499.78,IN REVIEW
CLM0009837,POL004137,2024-09-18,26528.74,DENIED
CLM0002564,POL001351,2024-09-04,51927.75,OPEN
CLM0005834,POL000424,2026-05-02,12956.49,OPEN
CLM0008847,POL000843,2024-08-24,24127.47,OPEN
CLM0005747,POL003412,2024-06-26,48695.32,CLOSED
CLM0011718,POL004046,2026-07-03,49386.11,CLOSED
CLM0010908,POL001373,2025-12-31,16372.79,OPEN
CLM0002873,POL003387,2025-02-10,72129.67,CLOSED
CLM0001168,POL004115,2025-05-30,55026.74,IN REVIEW
CLM0010739,POL004281,2025-04-11,78702.22,DENIED
CLM0005708,POL001545,2025-01-15,57955.04,CLOSED
CLM0003585,POL004252,2024-12-19,56248.36,CLOSED
CLM0008776,POL002434,2025-05-04,59965.14,OPEN
CLM0011081,POL000003,2024-08-23,76884.68,CLOSED
CLM0009277,POL004489,2024-11-12,62218.85,OPEN
CLM0010091,POL003423,2026-01-03,33878.94,  OPEN 
CLM0001673,POL004175,2025-08-14,68413.63,OPEN
CLM0009707,POL004443,2025-02-08,38533.95,OPEN
CLM0000813,POL001729,2024-10-12,21527.33,OPEN
CLM0003749,POL000036,2025-10-27,37749.48,IN REVIEW
CLM0004215,POL001554,2024-12-30,40490.17,IN REVIEW
CLM0009303,POL003352,2025-06-27,10541.12,DENIED
CLM0005529,POL004889,2024-10-27,543.93,OPEN
CLM0001710,POL003097,2025-12-30,34118.85,DENIED
CLM0003266,POL002139,2026-01-11,19661.88,DENIED
CLM0002495,POL000963,2026-06-05,69009.58,DENIED
CLM0000112,POL002384,2025-10-28,32498.07,DENIED
CLM0006737,POL004475,2025-10-25,19920.62,CLOSED
CLM0001158,POL001588,2026-07-15,7916.06,DENIED
CLM0008649,POL003745,2025-04-26,9101.65,DENIED
CLM0011027,POL002076,2025-01-01,49498.61,DENIED
CLM0008454,POL000868,2026-06-12,7254.37,open
CLM0003563,POL002606,2024-08-31,29456.25,OPEN
CLM0002068,POL004325,2025-12-16,25446.92,DENIED
CLM0010081,POL002664,2024-10-24,35668.94,DENIED
CLM0002565,POL004951,2026-03-27,26147.41,OPEN
CLM0010154,POL001104,2025-12-28,18308.74,OPEN
CLM0011604,POL001657,2025-11-06,36121.74,OPEN
CLM0005327,POL003228,2024-07-16,10665.53,DENIED
CLM0002231,POL004714,2025-05-03,20758.3,DENIED
CLM0008474,POL001600,2025-06-25,65772.31,OPEN
CLM0010164,POL003466,2026-01-26,70873.64,OPEN
CLM0003423,POL002272,2025-01-15,58115.15,CLOSED
CLM0010355,POL004754,2026-05-05,74968.57,DENIED
CLM0002982,POL002854,2025-02-01,12845.43,OPEN
CLM0007324,POL003014,2026-02-14,63653.86,OPEN
CLM0011863,POL001025,2024-08-03,41277.55,IN REVIEW
CLM0009077,POL003105,2025-07-19,56359.79,OPEN
CLM0003730,POL000123,2025-07-23,33603.83,DENIED
CLM0005096,POL004631,2024-06-18,44036.47,DENIED
CLM0002338,POL000031,2024-12-09,13588.62,DENIED
CLM0005974,POL001039,2025-06-15,46902.21,CLOSED
CLM0002532,POL003846,2024-07-21,18490.75,OPEN
CLM0007598,POL002170,2024-08-18,66012.43,OPEN
CLM0004081,POL004563,2025-09-06,69250.25,CLOSED
CLM0008376,POL002622,2025-08-10,15191.12,CLOSED
CLM0011736,POL003953,2024-08-06,6272.1,DENIED
CLM0009513,POL004406,2026-03-18,15672.9,IN REVIEW
CLM0004247,POL003760,2025-10-07,1384.6,IN REVIEW
CLM0007343,POL000535,31/12/2025,7281.9,DENIED
CLM0007349,POL002105,2024-08-12,73954.81,DENIED
CLM0009802,POL003068,2025-08-31,62915.27,OPEN
CLM0001573,POL004528,2025-05-25,5937.46,OPEN
CLM0002449,POL003070,2024-09-21,63414.72,CLOSED
CLM0004832,POL003349,,41698.81,OPEN
CLM0010667,POL001623,2025-12-10,42365.45,CLOSED
CLM0001939,POL003017,2024-12-07,37115.5,OPEN
CLM0000494,POL004187,2026-02-27,50815.86,OPEN
CLM0000927,POL003154,2025-12-06,56107.69,CLOSED
CLM0005128,POL000663,2025-02-19,64942.28,IN REVIEW
CLM0001919,POL000495,2025-02-11,25487.32,CLOSED
CLM0002830,POL003807,2026-03-29,20862.4,DENIED
CLM0011928,POL004804,2026-06-11,28198.89,IN REVIEW
CLM0001238,POL001863,2025-11-17,47052.59,OPEN
CLM0006486,POL003801,2026-01-22,44492.86,IN REVIEW
CLM0006914,POL000170,2026-01-02,36758.2,DENIED
CLM0009620,POL000740,2024-06-28,56959.56,OPEN
CLM0007700,POL003802,2026-02-17,8768.99,CLOSED
CLM0003839,POL936706,2024-12-25,53205.58,CLOSED
CLM0006978,POL000359,2025-07-29,34059.08,IN REVIEW
CLM0000161,POL004404,2025-12-01,22541.64,  IN REVIEW 
CLM0010322,POL970902,2025-12-28,25496.09,IN REVIEW
CLM0001948,POL000723,2025-10-08,14985.47,CLOSED
CLM0003997,POL000002,2025-02-05,12405.02,IN REVIEW
CLM0008420,POL001936,0000-00-00,43880.47,CLOSED
CLM0003057,POL000971,2026-04-18,46061.88,IN REVIEW
CLM0001255,POL001080,2024-09-08,57980.96,OPEN
CLM0002483,POL000540,2026-07-14,19455.64,DENIED
CLM0007675,POL000650,2025-09-02,77278.85,IN REVIEW
CLM0001086,POL003462,2024-11-12,11622.52,IN REVIEW
CLM0008079,POL003930,2024-12-16,20306.78,CLOSED
CLM0001630,POL003741,2024-08-10,54985.43,CLOSED
CLM0003356,POL000126,2025-06-30,51667.6,DENIED
CLM0000201,POL004211,2026-01-19,63873.04,OPEN
CLM0007018,POL003707,2025-11-03,36456.04,CLOSED
CLM0002684,POL003229,2024-10-11,34301.6,closed
CLM0003429,POL004795,2025-04-24,21024.47,CLOSED
CLM0007547,POL001688,2026-03-16,887.69,IN REVIEW
CLM0004075,POL003596,2025-08-11,56352.09,DENIED
CLM0001825,POL004757,2025-01-07,39489.56,OPEN
CLM0008063,POL003107,2024-06-14,27782.24,CLOSED
CLM0000320,POL001715,2024-10-14,57520.67,DENIED
CLM0006605,POL003594,2024-06-26,77230.81,IN REVIEW
CLM0003333,POL003692,2026-05-09,21043.1,IN REVIEW
CLM0007168,POL003201,2024-10-06,70685.91,OPEN
CLM0011477,POL001345,2024-07-08,36214.36,OPEN
CLM0010877,POL003669,2025-01-23,46687.24,IN REVIEW
CLM0005133,POL004484,2024-10-04,71105.59,DENIED
CLM0005381,POL000972,2026-03-07,69976.46,IN REVIEW
CLM0011370,POL000741,2025-10-23,51979.95,DENIED
CLM0009021,POL002010,2024-12-10,67063.08,closed
CLM0002543,POL002670,2025-05-16,77133.22,DENIED
CLM0005100,POL004065,2025-04-19,16233.53,CLOSED
CLM0001808,POL004800,2025-10-09,56089.24,OPEN
CLM0004719,POL004467,2024-12-26,62381.4,DENIED
CLM0006840,POL004534,2026-02-10,18110.32,CLOSED
CLM0003579,POL001165,2026-06-27,15807.32,OPEN
CLM0008576,POL002235,2025-07-07,34017.91,DENIED
CLM0008302,POL003486,2024-07-18,49718.07,OPEN
CLM0000608,POL000784,2025-08-09,78180.39,IN REVIEW
CLM0003661,POL002296,2025-04-03,77520.99,OPEN
CLM0004162,POL000733,2024-06-09,27783.07,CLOSED
CLM0005652,POL004324,2024-10-20,38673.34,CLOSED
CLM0003515,POL001152,2025-12-08,66071.32,OPEN
CLM0003903,POL001541,2024-12-26,32555.29,DENIED
CLM0005363,POL000327,2025-08-30,58022.18,OPEN
CLM0003967,POL000119,2025-10-17,26710.32,IN REVIEW
CLM0000176,POL002013,2024-09-08,20391.43,OPEN
CLM0005700,POL003276,2026-05-02,53067.03,IN REVIEW
CLM0000300,POL002586,2025-02-18,39806.71,IN REVIEW
CLM0007693,POL004827,2025-08-26,30474.74,IN REVIEW
CLM0007064,POL000087,2026-01-16,33251.54,CLOSED
CLM0006382,POL004287,2024-09-06,63510.19,IN REVIEW
CLM0011060,POL002077,2025-11-10,71879.4,IN REVIEW
CLM0010103,POL003882,2024-10-29,33440.11,DENIED
CLM0007189,POL002065,2024-07-03,21428.21,CLOSED
CLM0005259,POL004133,2024-06-09,28748.51,OPEN
CLM0004419,POL002488,2025-06-15,24392.69,OPEN
CLM0008971,POL002723,2025-04-06,27382.12,IN REVIEW
CLM0011328,POL003434,2025-05-27,26510.35,IN REVIEW
CLM0000926,POL000703,2024-11-29,68180.26,  CLOSED 
CLM0007496,POL000430,2025-11-15,9910.78,DENIED
CLM0009758,POL004503,2024-10-22,1308.2,IN REVIEW
CLM0008824,POL002705,2025-12-21,71726.91,CLOSED
CLM0003626,POL000057,2025-05-26,17203.83,CLOSED
CLM0003611,POL001768,2026-04-17,78429.59,  OPEN 
CLM0001568,POL003355,2025-12-21,5230.67,IN REVIEW
CLM0000648,POL001598,2026-07-14,78030.55,CLOSED
CLM0005146,POL000232,2026-13-45,17236.88,DENIED
CLM0004284,POL002683,2025-08-06,25332.7,IN REVIEW
CLM0011687,POL002298,2024-11-03,70990.63,CLOSED
CLM0004789,POL001832,2025-11-24,35793.1,CLOSED
CLM0001941,POL003424,2024-10-15,11794.12,OPEN
CLM0010237,POL004135,2025-01-11,669.2,  CLOSED 
CLM0008373,POL001824,2024-06-02,50702.47,DENIED
CLM0009859,POL002088,2025-03-22,16183.95,IN REVIEW
CLM0005118,POL001133,2026-06-23,9518.48,IN REVIEW
CLM0007745,POL004520,2026-13-45,10370.03,CLOSED
CLM0006828,POL000094,2025-09-05,37342.71,CLOSED
CLM0007211,POL002689,2025-10-13,36417.25,IN REVIEW
CLM0000810,POL000784,2025-07-24,10750.62,IN REVIEW
CLM0005962,POL001373,2026-04-08,37088.7,OPEN
CLM0004378,POL002507,2024-11-12,14765.02,IN REVIEW
CLM0009493,POL004744,2025-07-30,19854.02,OPEN
CLM0009785,POL001319,2026-07-11,37854.5,DENIED
CLM0011841,POL000643,2026-04-06,31092.7,OPEN
CLM0005014,POL000946,2025-01-09,61945.06,OPEN
CLM0007351,POL004513,2025-09-08,3017.3,IN REVIEW
CLM0004555,POL001969,2024-11-28,43754.64,DENIED
CLM0001462,POL004526,2025-09-06,69672.75,DENIED
CLM0001743,POL000240,2025-12-08,33944.36,OPEN
CLM0004201,POL002674,2025-04-07,69780.36,CLOSED
CLM0001008,POL004371,2025-04-23,25570.97,IN REVIEW
CLM0008833,POL000054,2025-06-11,19223.15,CLOSED
CLM0003284,POL002170,2025-03-10,7556.22,CLOSED
CLM0004860,POL004049,2026-01-28,9514.33,OPEN
CLM0000441,POL001238,2026-05-13,74542.5,IN REVIEW
CLM0008219,POL002908,2024-12-25,13538.34,DENIED
CLM0006770,POL000642,2025-08-27,14079.62,OPEN
CLM0009543,POL003383,2024-09-06,67597.04,IN REVIEW
CLM0005565,POL001297,2024-08-11,60554.6,CLOSED
CLM0008179,POL000423,2024-10-23,69738.25,CLOSED
CLM0006483,POL002708,2024-08-28,41447.18,IN REVIEW
CLM0008640,POL003567,2024-12-31,44014.0,OPEN
CLM0008682,POL002754,2025-06-23,33719.36,IN REVIEW
CLM0009679,POL004951,2026-01-04,16182.9,IN REVIEW
CLM0010794,POL002716,2024-08-31,3058.1,DENIED
CLM0004157,POL002589,2024-10-24,49874.27,DENIED
CLM0003822,POL002808,2025-06-21,68156.61,IN REVIEW
CLM0001219,POL002000,2025-02-18,47590.75,IN REVIEW
CLM0003068,POL000522,2026-03-08,48555.22,OPEN
CLM0005712,POL003933,2026-01-31,73851.05,OPEN
CLM0009793,POL002004,2025-12-31,39807.95,OPEN
CLM0011556,POL002375,2025-11-01,36652.06,IN REVIEW
CLM0006234,POL004040,2026-05-24,73225.58,IN REVIEW
CLM0007069,POL004823,2024-12-15,61454.06,IN REVIEW
CLM0003100,POL004664,2024-09-29,69831.46,  OPEN 
CLM0004131,POL002841,2025-01-10,49600.75,IN REVIEW
CLM0000244,POL003815,2025-08-09,22714.33,IN REVIEW
CLM0004649,POL004223,2026-03-25,51449.48,IN REVIEW
CLM0006256,POL004346,2026-04-04,63418.9,CLOSED
CLM0008037,POL003400,2025-10-13,9791.23,IN REVIEW
CLM0000702,POL002626,2025-05-02,16243.15,DENIED
CLM0003713,POL003934,2024-07-02,56610.7,DENIED
CLM0009969,POL004177,2026-04-01,12349.87,DENIED
CLM0003886,POL000064,2024-12-23,27141.49,DENIED
CLM0009370,POL002617,2025-07-13,55352.36,OPEN
CLM0000853,POL004942,2026-06-16,62595.91,CLOSED
CLM0004595,POL003793,2025-12-04,34064.55,IN REVIEW
CLM0004105,POL004679,2025-02-23,77483.81,CLOSED
CLM0006445,POL002178,2025-08-25,46153.0,CLOSED
CLM0001371,POL002546,2024-09-08,64331.82,IN REVIEW
CLM0009676,POL002668,2026-01-21,76666.56,OPEN
CLM0001626,POL000629,2026-03-20,17307.19,CLOSED
CLM0000031,POL001202,2025-01-13,63732.93,OPEN
CLM0007213,POL004845,2024-07-10,44952.45,OPEN
CLM0001835,POL003202,2024-08-07,9999999.99,CLOSED
CLM0009072,POL002291,2025-02-22,2137.13,OPEN
CLM0009247,POL002088,2025-03-26,12396.06,IN REVIEW
CLM0007861,POL000738,2025-04-26,44929.71,CLOSED
CLM0007272,POL003846,2024-08-31,51768.63,CLOSED
CLM0006199,POL000527,2026-03-16,31298.71,IN REVIEW
CLM0003337,POL000842,2024-10-26,71340.84,DENIED
CLM0011311,POL001686,2026-04-06,52858.01,DENIED
CLM0011397,POL000606,2026-06-05,44020.01,IN REVIEW
CLM0006635,POL001244,2026-05-29,20753.3,OPEN
CLM0005142,POL003325,2025-04-08,49156.41,IN REVIEW
CLM0006857,POL001301,2025-01-08,65667.04,OPEN
CLM0009677,POL000103,2026-05-11,52860.87,OPEN
CLM0000823,POL001120,2024-09-12,28338.17,CLOSED
CLM0006542,POL004636,2024-09-25,5439.97,IN REVIEW
CLM0007820,POL000463,2025-04-04,22577.83,DENIED
CLM0004992,POL003869,2025-07-16,67721.09,DENIED
CLM0003245,POL004523,2026-02-01,5968.93,IN REVIEW
CLM0011789,POL002864,2024-08-20,24647.51,DENIED
CLM0003384,POL004572,2025-11-12,55570.87,IN REVIEW
CLM0008269,POL003543,2025-02-09,75291.8,CLOSED
CLM0006190,POL003686,2024-11-16,61012.02,OPEN
CLM0008491,POL004532,2025-03-05,26204.43,IN REVIEW
CLM0009065,POL003438,2024-09-13,67433.03,DENIED
CLM0002477,POL002740,2025-07-10,40086.87,CLOSED
CLM0004007,POL002246,2025-02-27,6364.68,IN REVIEW
CLM0000059,POL003647,2024-08-08,53774.33,DENIED
CLM0005994,POL004393,2024-09-25,49251.91,DENIED
CLM0007433,POL004108,2026-02-19,59008.79,OPEN
CLM0011613,POL004202,2026-03-15,55565.1,DENIED
CLM0011801,POL003110,2024-09-23,226.98,DENIED
CLM0007095,POL004109,2024-10-05,36062.28,IN REVIEW
CLM0011167,POL002203,2025-08-08,75481.71,IN REVIEW
CLM0008457,POL001000,2025-06-19,19742.83,OPEN
CLM0009693,POL004375,2026-06-20,18832.89,OPEN
CLM0011769,POL002858,2025-12-08,8169.98,IN REVIEW
CLM0011601,POL002414,2024-06-10,9961.15,IN REVIEW
CLM0000469,POL000676,2025-01-09,75411.68,OPEN
CLM0004504,POL003954,2026-06-12,45297.36,OPEN
CLM0000365,POL004902,2025-10-13,75609.5,IN REVIEW
CLM0002448,POL004001,0000-00-00,21478.85,  IN REVIEW 
CLM0008557,POL000911,2024-09-28,70044.1,OPEN
CLM0007159,POL004599,2025-12-29,26181.52,DENIED
CLM0006439,POL000422,2025-10-03,23327.04,DENIED
CLM0003046,POL001234,2025-07-07,79806.92,IN REVIEW
CLM0003589,POL004540,2024-08-02,77588.7,CLOSED
CLM0000307,POL002628,2024-06-10,38517.23,IN REVIEW
CLM0005036,POL002947,2024-08-26,46693.61,IN REVIEW
CLM0003617,POL002375,2024-07-31,32334.52,DENIED
CLM0010623,POL004654,2025-09-27,67560.68,CLOSED
CLM0010570,POL003325,2025-11-22,5697.03,IN REVIEW
CLM0004857,POL003976,2025-01-02,52582.45,CLOSED
CLM0009321,POL000515,2025-01-30,70781.3,IN REVIEW
CLM0007632,POL003073,2026-06-24,43673.35,CLOSED
CLM0006541,POL004367,2025-05-23,62887.55,CLOSED
CLM0000642,POL001714,2024-08-17,3391.82,CLOSED
CLM0000083,POL003899,2025-06-20,48945.65,IN REVIEW
CLM0001819,POL001675,2025-01-31,77495.92,in review
CLM0009642,POL004438,2025-05-09,15232.85,CLOSED
CLM0005190,POL004960,2024-06-07,75831.01,CLOSED
CLM0010916,POL003363,2024-07-02,59907.86,DENIED
CLM0002854,POL004038,2024-08-24,22843.06,DENIED
CLM0005570,POL003869,2024-09-17,4910.44,DENIED
CLM0010957,POL000790,2025-10-23,53794.17,DENIED
CLM0009820,POL001673,2025-08-22,4865.87,DENIED
CLM0009115,POL001683,2026-01-20,13484.28,OPEN
CLM0002891,POL004478,2026-03-25,68978.61,OPEN
CLM0002733,POL002275,2025-08-31,68119.01,CLOSED
CLM0007733,POL002618,2026-07-12,23824.06,denied
CLM0008647,POL004550,2026-07-11,56486.06,OPEN
CLM0010050,POL004950,2025-03-20,43385.06,DENIED
CLM0006416,POL003303,2026-05-31,37668.12,DENIED
CLM0011392,POL003890,2025-07-28,35169.78,IN REVIEW
CLM0007541,POL001713,2026-06-08,30266.86,DENIED
CLM0011692,POL002441,2026-04-25,39648.84,DENIED
CLM0010472,POL002500,2025-10-30,77102.8,  CLOSED 
CLM0011898,POL000157,2026-03-02,53519.02,DENIED
CLM0007862,POL002405,2025-01-11,15621.41,IN REVIEW
CLM0006263,POL004557,2025-01-17,32792.93,OPEN
CLM0002567,POL002026,2026-07-03,45007.32,IN REVIEW
CLM0011691,POL003573,2026-04-17,33409.39,DENIED
CLM0010644,POL002774,2024-09-22,56485.65,OPEN
CLM0002777,POL004480,2025-12-07,69876.29,IN REVIEW
CLM0007403,POL003270,2025-04-19,2640.89,CLOSED
CLM0006472,POL000723,2024-11-29,75089.6,DENIED
CLM0000003,POL004371,2024-06-08,65747.85,IN REVIEW
CLM0009919,POL004962,2026-01-07,27825.88,DENIED
CLM0004073,POL004806,2024-07-13,4691.15,CLOSED
CLM0001999,POL004866,2025-04-08,78146.65,IN REVIEW
CLM0008977,POL003140,2024-10-06,49882.68,OPEN
CLM0001772,POL000189,2026-05-01,4109.08,OPEN
CLM0007723,POL004995,2026-02-22,20846.34,DENIED
CLM0007948,POL003622,2025-02-06,45370.92,CLOSED
CLM0000835,POL003141,2025-10-27,23547.44,CLOSED
CLM0010474,POL002631,2026-02-10,44487.67,OPEN
CLM0007698,POL004190,2024-08-15,49807.89,OPEN
CLM0011144,POL001942,2025-04-26,6775.6,IN REVIEW
CLM0001674,POL002720,2024-08-28,45974.9,CLOSED
CLM0006054,POL003315,2025-01-10,53148.43,IN REVIEW
CLM0008187,POL003483,2024-08-12,27414.37,IN REVIEW
CLM0001600,POL003487,2026-05-31,54851.58,IN REVIEW
CLM0006110,POL001275,2025-09-15,27754.46,CLOSED
CLM0009411,POL003265,2024-11-06,40104.39,IN REVIEW
CLM0003566,POL001125,2024-08-09,20156.69,DENIED
CLM0001686,POL001322,2024-10-27,40280.04,DENIED
CLM0005007,POL002370,2024-08-06,54324.91,DENIED
CLM0011256,POL000867,2025-01-31,27414.59,OPEN
CLM0011291,POL001277,2026-07-20,44132.46,CLOSED
CLM0009082,POL002473,2025-03-29,37914.53,IN REVIEW
CLM0010731,POL001588,2025-02-02,70122.38,DENIED
CLM0001989,POL003808,2026-07-04,295.18,DENIED
CLM0000313,POL000045,2025-12-17,6670.39,CLOSED
CLM0002067,POL003954,2025-12-27,11110.55,CLOSED
CLM0002072,POL001115,2024-11-24,1127.29,DENIED
CLM0008642,POL000035,2024-09-24,59838.28,OPEN
CLM0006862,POL000945,2025-10-27,77491.26,IN REVIEW
CLM0000122,POL003561,2024-07-27,76688.54,IN REVIEW
CLM0011774,POL003274,2026-02-14,1645.61,DENIED
CLM0009366,POL002995,31/12/2025,25098.47,CLOSED
CLM0002362,POL004490,2025-11-12,62554.16,CLOSED
CLM0002065,POL001546,2024-06-23,12602.33,CLOSED
CLM0009331,POL003866,2025-06-10,13324.83,IN REVIEW
CLM0009010,POL004882,2024-10-23,19914.45,  IN REVIEW 
CLM0010682,POL002554,2026-01-14,46066.06,IN REVIEW
CLM0002042,POL001963,2025-09-03,40873.82,OPEN
CLM0010631,POL004645,2026-07-21,9514.43,OPEN
CLM0002793,POL000484,2025-05-15,19466.49,CLOSED
CLM0002778,POL004907,2025-11-09,6943.96,CLOSED
CLM0006606,POL001861,2024-06-11,60593.76,IN REVIEW
CLM0005065,POL004849,2026-05-25,32450.87,CLOSED
CLM0005102,POL001557,2025-11-05,69902.72,closed
CLM0006165,POL004413,2024-12-16,58326.48,OPEN
CLM0006647,POL000358,2026-05-14,43383.08,DENIED
CLM0001328,POL001558,2026-05-02,33974.22,OPEN
CLM0005337,POL000286,2026-02-05,2646.01,DENIED
CLM0001552,POL004122,2024-11-29,56146.17,CLOSED
CLM0009312,POL000887,2026-05-28,29000.52,IN REVIEW
CLM0004762,POL002247,2025-06-26,63843.05,IN REVIEW
CLM0004047,POL003414,2026-04-09,857.35,IN REVIEW
CLM0001870,POL002084,2026-05-09,57661.25,OPEN
CLM0008621,POL001133,2025-04-13,17878.23,closed
CLM0007412,POL003602,N/A,0,CLOSED
CLM0009878,POL002588,2025-08-18,29102.16,CLOSED
CLM0010632,POL000190,2025-10-30,43573.35,IN REVIEW
CLM0000861,POL004387,2024-08-11,59159.22,OPEN
CLM0006869,POL003742,2025-09-20,73472.64,IN REVIEW
CLM0004141,POL001917,2024-06-25,16590.44,OPEN
CLM0000956,POL004663,2025-03-19,69637.93,CLOSED
CLM0001687,POL000700,2025-10-17,1766.82,CLOSED
CLM0010889,POL001184,2026-06-24,48933.61,IN REVIEW
CLM0011418,POL004947,2024-08-22,2061.8,IN REVIEW
CLM0008492,POL004476,2025-11-06,79835.95,OPEN
CLM0002388,POL002091,2026-05-03,76608.03,IN REVIEW
CLM0001958,POL004104,2024-12-31,61871.54,CLOSED
CLM0011135,POL946328,2026-06-30,46362.21,OPEN
CLM0006662,POL000508,2025-03-22,33326.53,OPEN
CLM0009541,POL000982,2024-11-18,35625.85,CLOSED
CLM0007883,POL004604,2024-09-14,42336.75,OPEN
CLM0005515,POL001933,2026-07-12,51718.84,CLOSED
CLM0001751,POL002252,2025-11-21,14405.75,IN REVIEW
CLM0007945,POL000940,2026-05-12,76585.99,CLOSED
CLM0000482,POL002783,2026-05-25,37860.46,CLOSED
CLM0011408,POL003537,2025-05-18,15086.52,IN REVIEW
CLM0005438,POL004952,2026-02-15,77617.86,OPEN
CLM0005516,POL001272,2025-02-26,34125.34,CLOSED
CLM0003788,POL002037,2026-03-28,15846.41,DENIED
CLM0010507,POL003870,2024-06-23,28523.79,CLOSED
CLM0007319,POL004376,2025-09-13,78969.88,DENIED
CLM0003312,POL004561,2025-08-21,23183.98,IN REVIEW
CLM0001468,POL002352,2025-02-21,43755.41,CLOSED
CLM0002602,POL003933,2025-10-19,77642.43,IN REVIEW
CLM0000883,POL002575,2025-12-12,44515.5,CLOSED
CLM0004210,POL003879,2026-03-15,16223.26,DENIED
CLM0006461,POL001690,2025-07-25,58410.65,CLOSED
CLM0000109,POL001553,2025-02-21,37352.57,DENIED
CLM0005060,POL004539,2025-08-11,39907.66,OPEN
CLM0011963,POL002086,2025-03-12,55199.13,DENIED
CLM0005905,POL004902,2025-06-10,79061.49,DENIED
CLM0010867,POL003641,2026-06-13,71449.17,CLOSED
CLM0009746,POL004036,2024-07-24,74524.57,OPEN
CLM0009390,POL001046,2024-11-02,8291.36,CLOSED
CLM0007815,POL000269,2025-08-09,64145.04,OPEN
CLM0005041,POL000274,2026-04-30,22968.88,IN REVIEW
CLM0002629,POL004156,2025-07-01,17990.17,IN REVIEW
CLM0009290,POL002509,2025-04-30,65298.13,OPEN
CLM0006570,POL003251,2026-03-06,27639.79,CLOSED
CLM0000984,POL002173,2026-01-10,36834.19,OPEN
CLM0009075,POL004419,2026-03-17,47129.39,CLOSED
CLM0006513,POL003860,2025-11-14,8598.99,closed
CLM0007779,POL004692,2024-08-02,50993.02,OPEN
CLM0010179,POL004698,2025-12-16,26217.38,OPEN
CLM0004936,POL000897,2026-02-07,5698.02,OPEN
CLM0002723,POL004887,2025-06-27,15236.16,OPEN
CLM0003968,POL001467,2026-03-17,60553.75,CLOSED
CLM0002045,POL000428,2024-08-11,58561.93,DENIED
CLM0000786,POL000483,2025-01-15,39646.11,IN REVIEW
CLM0006816,POL004753,2025-09-22,61084.85,OPEN
CLM0010066,POL003273,2024-06-06,66501.38,IN REVIEW
CLM0010734,POL000796,2024-12-02,70380.04,DENIED
CLM0001790,POL001611,2025-05-19,37297.59,OPEN
CLM0005636,POL000468,2024-08-12,70906.56,IN REVIEW
CLM0002100,POL002347,2026-02-09,75062.94,DENIED
CLM0000057,POL000558,2024-09-23,62241.5,CLOSED
CLM0011756,POL002647,2026-04-17,78999.85,CLOSED
CLM0002315,POL004456,2026-05-03,54232.48,OPEN
CLM0007991,POL000354,2025-07-15,13405.01,DENIED
CLM0008829,POL003516,2024-06-25,79316.92,OPEN
CLM0009672,POL002325,2025-09-13,12874.64,CLOSED
CLM0009800,POL003902,2025-04-13,6827.78,OPEN
CLM0010002,POL004811,2024-09-02,53978.32,IN REVIEW
CLM0009978,POL000841,2024-08-22,8179.56,DENIED
CLM0006027,POL000313,2025-05-30,3341.71,CLOSED
CLM0004750,POL004938,2024-06-09,22138.48,IN REVIEW
CLM0000615,POL001352,2025-03-21,67832.1,CLOSED
CLM0002017,POL003033,2024-09-19,9999999.99,DENIED
CLM0005437,POL000428,2025-07-15,72046.51,CLOSED
CLM0005272,POL001942,2026-03-07,64992.66,CLOSED
CLM0004376,POL000344,2024-11-14,51514.02,DENIED
CLM0000335,POL000384,2025-07-02,24976.06,DENIED
CLM0006676,POL000417,2026-01-29,47985.88,DENIED
CLM0003826,POL003393,2024-06-04,62141.14,CLOSED
CLM0005092,POL000728,2024-12-07,76953.57,denied
CLM0000833,POL001639,2025-06-09,32054.71,OPEN
CLM0009476,POL000276,2026-05-19,37992.96,DENIED
CLM0009611,POL004210,2025-08-30,9187.29,OPEN
CLM0002904,POL002481,2026-03-23,57618.59,CLOSED
CLM0009646,POL003858,2025-06-27,77324.5,  OPEN 
CLM0011069,POL004736,2025-01-07,44294.81,DENIED
CLM0004197,POL000490,2025-04-09,62482.18,OPEN
CLM0004054,POL001552,2025-08-21,4282.57,DENIED
CLM0009053,POL001178,2025-08-30,23923.16,OPEN
CLM0005709,POL004746,2024-09-02,22875.69,DENIED
CLM0000437,POL002346,2024-10-17,78733.55,OPEN
CLM0008374,POL002670,2024-07-16,33473.28,DENIED
CLM0007504,POL000318,2025-03-02,69193.73,DENIED
CLM0008251,POL000847,2025-01-09,30194.27,CLOSED
CLM0006738,POL004973,2025-12-17,7642.22,DENIED
CLM0004583,POL002236,2026-07-06,29346.84,CLOSED
CLM0011274,POL000217,2026-07-19,78534.18,  IN REVIEW 
CLM0004257,POL004967,2024-07-24,74233.79,CLOSED
CLM0000901,POL000411,2025-09-24,2621.47,DENIED
CLM0009539,POL003391,2026-01-03,40481.91,DENIED
CLM0001111,POL000556,2024-10-12,64442.45,CLOSED
CLM0009344,POL002464,2026-02-24,1378.02,OPEN
CLM0004358,POL002983,2025-11-08,8669.42,IN REVIEW
CLM0011603,POL000253,2025-10-22,34490.27,IN REVIEW
CLM0004630,POL004746,2026-01-24,35926.66,CLOSED
CLM0004391,POL004468,2025-05-15,36393.87,IN REVIEW
CLM0009271,POL001920,2024-09-26,59290.25,IN REVIEW
CLM0011696,POL000256,2024-11-18,60067.21,DENIED
CLM0011983,POL000007,2024-12-19,39289.66,IN REVIEW
CLM0005844,POL001279,2024-10-17,7417.67,CLOSED
CLM0002940,POL000999,2025-07-31,7218.46,OPEN
CLM0004400,POL004099,2025-09-15,4504.31,DENIED
CLM0008619,POL002468,2026-07-08,50295.6,IN REVIEW
CLM0008160,POL004809,2025-12-20,20433.79,IN REVIEW
CLM0010127,POL004150,2026-06-30,26866.07,IN REVIEW
CLM0005315,POL000587,2025-09-30,74368.69,DENIED
CLM0007208,POL002271,2024-11-11,28320.17,IN REVIEW
CLM0007794,POL003321,2024-10-26,53575.3,DENIED
CLM0006987,POL004657,2026-01-10,4541.01,OPEN
CLM0009840,POL004312,2025-05-15,57995.99,IN REVIEW
CLM0003267,POL001905,2025-04-30,32020.98,OPEN
CLM0011575,POL003762,2025-01-17,1720.52,IN REVIEW
CLM0008904,POL001784,2025-08-25,76769.7,IN REVIEW
CLM0007682,POL003550,2024-08-14,22575.02,CLOSED
CLM0007561,POL000812,2024-09-21,10930.05,OPEN
CLM0000314,POL000471,2026-05-02,4217.4,IN REVIEW
CLM0002673,POL002992,2024-11-06,51505.55,CLOSED
CLM0010484,POL001504,2026-02-07,27727.33,IN REVIEW
CLM0008181,POL000851,2026-05-04,48407.71,OPEN
CLM0006247,POL000942,2025-07-24,71262.89,OPEN
CLM0010541,POL001953,2025-09-23,52324.93,CLOSED
CLM0010256,POL000649,2024-09-13,78002.5,IN REVIEW
CLM0005262,POL003348,2025-12-21,73814.91,DENIED
CLM0009805,POL003958,2026-05-12,47983.41,IN REVIEW
CLM0007514,POL001119,2026-04-27,74288.96,CLOSED
CLM0009138,POL001444,2024-08-18,67405.77,OPEN
CLM0011169,POL004533,2024-06-22,71769.83,DENIED
CLM0007073,POL001652,2025-04-07,11873.27,CLOSED
CLM0000685,POL000124,2025-01-06,2344.87,CLOSED
CLM0001352,POL004807,31/12/2025,15189.73,CLOSED
CLM0008022,POL002072,2026-03-14,69582.87,IN REVIEW
CLM0007414,POL002902,2024-10-22,8749.6,CLOSED
CLM0003458,POL004285,2025-10-01,28849.28,CLOSED
CLM0003446,POL000821,2026-02-09,75327.09,OPEN
CLM0002814,POL002520,2024-12-19,36919.02,OPEN
CLM0002973,POL001701,2024-06-29,919.58,DENIED
CLM0006007,POL003347,2026-02-25,39962.53,DENIED
CLM0009474,POL002402,2024-07-03,29867.19,OPEN
CLM0002376,POL000982,2026-03-02,37972.78,CLOSED
CLM0008243,POL003015,2025-03-30,39101.96,OPEN
CLM0007346,POL004837,,77952.69,OPEN
CLM0006765,POL004658,2025-11-11,36627.76,IN REVIEW
CLM0005137,POL003149,2024-07-23,51923.99,  OPEN 
CLM0009239,POL003041,2026-06-02,77220.24,CLOSED
CLM0005317,POL003822,2025-05-02,58842.37,DENIED
CLM0010365,POL000018,2025-05-18,27656.56,DENIED
CLM0003613,POL002310,2024-11-27,40094.75,DENIED
CLM0003652,POL003732,2025-09-11,30634.87,OPEN
CLM0008099,POL003908,2025-05-26,26765.1,CLOSED
CLM0003813,POL001763,2026-01-25,17728.5,DENIED
CLM0010135,POL004314,2025-02-21,505.91,OPEN
CLM0011986,POL004723,2025-12-24,50412.25,OPEN
CLM0008827,POL003732,2025-07-18,62899.0,denied
CLM0003003,POL004982,2025-05-11,20848.38,DENIED
CLM0009709,POL001812,2025-03-12,72847.16,OPEN
CLM0008010,POL001248,2024-08-29,9009.85,CLOSED
CLM0009371,POL003320,2024-06-12,11157.95,DENIED
CLM0000800,POL002722,2025-03-05,72798.71,DENIED
CLM0011373,POL004651,2025-04-06,31927.45,OPEN
CLM0001864,POL001508,2024-08-25,37404.41,CLOSED
CLM0006077,POL004336,2024-12-27,19393.07,OPEN
CLM0001983,POL004235,2024-09-23,8873.11,CLOSED
CLM0007100,POL000683,2025-08-08,49472.27,IN REVIEW
CLM0003471,POL002517,2024-12-26,38751.65,CLOSED
CLM0011095,POL000743,2026-01-10,1542.28,CLOSED
CLM0010340,POL001739,2024-08-07,31951.58,CLOSED
CLM0005789,POL003126,2025-05-06,58043.64,OPEN
CLM0005883,POL001736,2026-03-18,7625.42,OPEN
CLM0008461,POL004285,2025-08-15,58320.96,CLOSED
CLM0011685,POL001723,2024-06-06,75070.27,IN REVIEW
CLM0010781,POL001763,2024-06-12,54742.68,IN REVIEW
CLM0000030,POL001918,2025-04-13,1770.66,DENIED
CLM0005952,POL002600,2024-12-26,62885.4,OPEN
CLM0001956,POL003818,2025-10-01,73809.59,OPEN
CLM0005175,POL001958,2025-12-18,58662.96,OPEN
CLM0008062,POL000768,2025-06-20,25181.6,OPEN
CLM0007750,POL001149,2026-02-01,50821.05,OPEN
CLM0007596,POL003768,2025-01-01,55355.85,IN REVIEW
CLM0010922,POL001484,2024-11-08,6502.77,IN REVIEW
CLM0009985,POL003528,2026-06-06,14415.18,OPEN
CLM0000265,POL002300,2025-08-27,73474.32,OPEN
CLM0003974,POL002255,2026-06-18,58030.43,IN REVIEW
CLM0010353,POL003835,2024-06-02,48067.55,DENIED
CLM0006293,POL002872,2026-05-05,7142.49,IN REVIEW
CLM0007769,POL001142,2024-08-24,68702.96,DENIED
CLM0005574,POL000906,2026-06-23,23918.61,OPEN
CLM0007071,POL001206,2025-10-07,32371.89,CLOSED
CLM0004709,POL004091,2024-10-30,63599.03,OPEN
CLM0003402,POL003986,2025-09-19,9032.15,CLOSED
CLM0009091,POL001373,2025-04-27,59899.63,OPEN
CLM0005548,POL001963,2025-06-10,17146.4,DENIED
CLM0010777,POL003426,2026-01-08,12865.12,OPEN
CLM0008254,POL004219,2025-03-29,6686.18,OPEN
CLM0008643,POL000106,2025-07-16,44613.31,DENIED
CLM0002142,POL004251,2024-07-04,1643.94,OPEN
CLM0000760,POL000152,,63253.47,IN REVIEW
CLM0004022,POL004196,2026-03-20,51358.53,DENIED
CLM0010661,POL000478,2025-02-11,78718.63,CLOSED
CLM0009396,POL004170,2025-03-10,12910.36,in review
CLM0009348,POL001119,2025-07-25,19526.9,IN REVIEW
CLM0001077,POL003269,2025-05-15,41184.18,OPEN
CLM0000217,POL002027,2025-05-15,68764.34,OPEN
CLM0004861,POL002030,2026-04-24,52607.47,IN REVIEW
CLM0009941,POL002957,2026-03-23,67536.93,CLOSED
CLM0001284,POL002850,2026-03-06,34262.45,  OPEN 
CLM0006228,POL004081,2025-03-12,43785.64,CLOSED
CLM0004564,POL003023,2025-10-17,47779.25,IN REVIEW
CLM0003701,POL000841,2026-05-02,39322.74,OPEN
CLM0002145,POL004365,2026-04-07,32686.75,OPEN
CLM0011001,POL004997,2025-06-29,9770.03,open
CLM0004468,POL004210,2024-11-02,37963.74,open
CLM0002414,POL002011,2024-10-27,62084.56,DENIED
CLM0000630,POL002200,2026-06-26,74281.26,DENIED
CLM0007274,POL004793,2024-10-23,48324.28,OPEN
CLM0010689,POL004650,2024-07-28,53759.77,CLOSED
CLM0005705,POL003050,2024-10-23,43566.94,OPEN
CLM0010123,POL002156,2025-09-16,78918.61,OPEN
CLM0009725,POL004006,2025-05-07,64894.39,CLOSED
CLM0009376,POL004047,2025-12-23,17293.84,CLOSED
CLM0011149,POL001872,2025-09-05,48159.17,CLOSED
CLM0001995,POL004553,2026-07-13,41870.25,OPEN
CLM0010317,POL000157,2025-12-18,38893.66,OPEN
CLM0006991,POL001977,2025-08-30,24301.08,CLOSED
CLM0002291,POL004741,2025-01-14,7055.13,CLOSED
CLM0007607,POL003392,2026-01-15,31317.25,DENIED
CLM0002498,POL000278,2026-01-24,21200.78,IN REVIEW
CLM0002281,POL002348,2025-11-18,57378.58,OPEN
CLM0006923,POL001086,2025-09-24,65214.3,OPEN
CLM0002472,POL002201,2025-07-27,27572.39,denied
CLM0003220,POL001311,2025-06-01,72461.06,OPEN
CLM0008337,POL002100,2025-05-18,79386.62,IN REVIEW
CLM0009249,POL002789,2024-06-25,64615.05,open
CLM0009798,POL001112,2024-10-28,45162.56,IN REVIEW
CLM0004416,POL001853,2025-11-30,71564.89,CLOSED
CLM0002967,POL001255,2024-11-30,44699.9,DENIED
CLM0011514,POL001212,2026-02-07,67260.55,OPEN
CLM0008620,POL001742,2024-10-22,61302.3,IN REVIEW
CLM0007003,POL004763,2024-09-22,63155.05,IN REVIEW
CLM0008843,POL002141,2025-10-16,34298.97,DENIED
CLM0003994,POL004020,2025-08-09,19468.17,DENIED
CLM0008445,POL001893,2024-08-18,22051.45,CLOSED
CLM0002029,POL002815,2026-03-05,61559.55,DENIED
CLM0003703,POL000773,2024-10-18,2735.3,OPEN
CLM0008543,POL002096,2025-06-28,14171.07,CLOSED
CLM0000873,POL000905,2025-06-10,76378.62,CLOSED
CLM0006681,POL000238,2025-04-13,33124.82,CLOSED
CLM0008560,POL004526,2026-05-08,10430.19,DENIED
CLM0010391,POL003934,2024-07-31,38993.51,IN REVIEW
CLM0010974,POL002210,2025-07-24,356.05,IN REVIEW
CLM0007473,POL002007,2026-02-23,51696.02,CLOSED
CLM0000747,POL003749,2025-05-24,51973.84,OPEN
CLM0009505,POL000486,2025-12-07,1467.22,OPEN
CLM0005344,POL002557,2024-10-24,60127.61,CLOSED
CLM0011649,POL003617,2026-03-09,1128.45,IN REVIEW
CLM0001095,POL004609,2024-06-03,73525.83,DENIED
CLM0001529,POL001145,2025-09-21,39749.39,CLOSED
CLM0009989,POL003612,2024-11-21,35806.41,CLOSED
CLM0010611,POL003712,2025-08-26,40334.4,IN REVIEW
CLM0003249,POL000879,2026-02-01,54919.2,  OPEN 
CLM0001036,POL000752,2025-08-04,24139.24,IN REVIEW
CLM0003786,POL003169,2026-06-07,38122.73,OPEN
CLM0007684,POL003750,2025-09-01,30953.56,OPEN
CLM0006425,POL002105,2024-08-19,77567.46,OPEN
CLM0001044,POL003260,2026-04-17,79258.94,DENIED
CLM0004602,POL000741,2025-08-24,38040.84,CLOSED
CLM0000308,POL001073,2025-09-28,22268.59,CLOSED
CLM0006113,POL002021,2025-09-10,39016.19,OPEN
CLM0004541,POL003613,2025-11-10,39057.39,OPEN
CLM0007657,POL001432,2026-04-22,35925.31,OPEN
CLM0002430,POL001986,,32116.47,DENIED
CLM0010067,POL000641,2026-02-04,55735.09,CLOSED
CLM0005487,POL003824,2024-08-25,35204.0,CLOSED
CLM0001649,POL002069,2026-04-08,17036.52,OPEN
CLM0005860,POL000223,2025-07-12,45464.24,IN REVIEW
CLM0009274,POL001630,2025-01-11,71191.15,DENIED
CLM0003205,POL003102,2024-11-09,54760.41,  DENIED 
CLM0009282,POL001518,2024-11-07,33013.15,IN REVIEW
CLM0000721,POL001759,2025-12-09,60897.02,OPEN
CLM0011346,POL003217,2025-05-10,49413.84,IN REVIEW
CLM0011300,POL004434,2025-04-25,13977.37,open
CLM0009379,POL003861,2025-07-30,78833.0,IN REVIEW
CLM0005564,POL004191,2025-05-05,29952.85,  OPEN 
CLM0008481,POL002572,2025-07-19,21186.65,OPEN
CLM0000221,POL002128,2026-03-29,36936.35,DENIED
CLM0011279,POL000080,2025-08-03,75055.06,OPEN
CLM0002327,POL000060,2026-03-14,11370.04,CLOSED
CLM0005790,POL004415,2024-06-28,77695.39,IN REVIEW
CLM0009005,POL003269,2025-03-15,10400.73,OPEN
CLM0009580,POL004326,2026-06-06,48634.18,OPEN
CLM0010629,POL002953,2026-07-03,74807.76,CLOSED
CLM0005417,POL001381,2025-08-24,70385.72,IN REVIEW
CLM0005409,POL000945,2026-02-19,41919.55,OPEN
CLM0007481,POL004747,2026-07-11,39369.54,DENIED
CLM0004139,POL002626,2026-04-24,11719.78,OPEN
CLM0004688,POL000841,2026-02-26,29472.44,IN REVIEW
CLM0002727,POL000191,2025-11-19,37795.94,IN REVIEW
CLM0001159,POL003249,2025-09-13,19838.62,  DENIED 
CLM0005222,POL000502,2024-09-25,1158.08,OPEN
CLM0011475,POL002606,2025-06-17,54037.35,IN REVIEW
CLM0000143,POL000817,2024-12-14,61540.5,DENIED
CLM0006758,POL002307,2026-06-30,73494.07,CLOSED
CLM0008905,POL000893,2026-06-22,27504.17,OPEN
CLM0004964,POL002794,2026-01-15,14939.61,DENIED
CLM0009862,POL003034,2025-03-11,16763.96,DENIED
CLM0001393,POL000110,2026-06-08,79801.57,CLOSED
CLM0008972,POL000846,2025-12-08,77678.53,DENIED
CLM0003546,POL000317,2025-11-02,1286.3,CLOSED
CLM0006317,POL001311,2026-05-13,56475.23,OPEN
CLM0009503,POL001325,2025-03-09,18265.5,OPEN
CLM0007362,POL001613,2026-03-28,78341.27,CLOSED
CLM0010064,POL000847,2026-01-31,13933.49,CLOSED
CLM0009106,POL003613,2024-09-03,64163.13,OPEN
CLM0008031,POL002573,2025-03-14,36961.61,OPEN
CLM0009590,POL003046,2025-06-23,59382.11,OPEN
CLM0000849,POL001206,2026-05-11,21381.2,IN REVIEW
CLM0008511,POL004603,2024-10-16,25129.31,CLOSED
CLM0002966,POL001767,2026-04-21,50653.04,DENIED
CLM0007101,POL000980,2025-08-02,69531.18,OPEN
CLM0002582,POL003215,2025-11-07,69408.94,IN REVIEW
CLM0006616,POL002650,2024-11-09,18472.06,DENIED
CLM0001354,POL000002,2025-10-11,40990.58,OPEN
CLM0002277,POL002996,2024-06-25,15366.12,OPEN
CLM0004821,POL004556,2026-02-08,37675.37,IN REVIEW
CLM0002849,POL004378,2025-10-11,79428.62,IN REVIEW
CLM0006501,POL001680,2024-09-12,34708.55,OPEN
CLM0006888,POL002601,2025-02-15,23018.64,DENIED
CLM0005913,POL000736,2026-05-23,4542.75,OPEN
CLM0002478,POL004875,2026-04-13,15282.89,OPEN
CLM0004827,POL000515,2025-08-11,3880.06,DENIED
CLM0010517,POL001026,2025-04-07,7091.85,OPEN
CLM0007245,POL001795,2024-09-08,21320.53,OPEN
CLM0002823,POL002163,2026-01-15,52891.49,CLOSED
CLM0003503,POL003555,2025-03-17,54201.64,CLOSED
CLM0007491,POL003462,2024-06-29,76140.1,IN REVIEW
CLM0007799,POL004623,2025-10-03,49220.59,OPEN
CLM0005439,POL978777,2025-12-11,4240.05,IN REVIEW
CLM0000080,POL004624,2025-09-14,56072.23,CLOSED
CLM0001123,POL002301,2026-06-02,62957.37,DENIED
CLM0000892,POL000930,2025-08-04,7054.51,IN REVIEW
CLM0011234,POL001068,2025-11-07,4447.81,IN REVIEW
CLM0006206,POL001023,2025-12-25,33713.46,CLOSED
CLM0010556,POL003798,2026-05-08,72876.85,DENIED
CLM0006526,POL004538,2025-08-22,29430.42,DENIED
CLM0011343,POL002318,2025-04-24,13240.73,DENIED
CLM0004432,POL000598,2026-05-13,67336.46,OPEN
CLM0009822,POL003879,2024-11-26,49532.27,CLOSED
CLM0002124,POL003513,2024-11-29,27535.58,CLOSED
CLM0008097,POL004705,2026-02-05,65773.28,OPEN
CLM0005930,POL004722,2024-06-27,33371.27,CLOSED
CLM0003840,POL000777,2025-08-04,51566.16,CLOSED
CLM0001413,POL000807,2024-10-24,73260.22,CLOSED
CLM0009445,POL004140,2026-01-10,51886.15,DENIED
CLM0005022,POL000915,2024-11-01,73362.84,OPEN
CLM0007955,POL003486,2025-03-10,12449.34,DENIED
CLM0010150,POL003730,2025-04-21,13152.07,DENIED
CLM0004971,POL001919,2025-05-12,68271.66,CLOSED
CLM0003440,POL000234,2025-04-17,70314.01,OPEN
CLM0002480,POL000914,2025-11-09,16606.07,DENIED
CLM0009857,POL004820,2024-06-04,22179.22,IN REVIEW
CLM0002538,POL000478,2026-07-05,72123.79,DENIED
CLM0006730,POL003640,2025-05-04,71207.26,CLOSED
CLM0009310,POL002041,2025-07-09,9228.14,DENIED
CLM0000954,POL004399,2025-03-09,18053.97,OPEN
CLM0003198,POL003403,2026-02-08,74551.64,IN REVIEW
CLM0011968,POL003570,2024-10-30,29792.85,OPEN
CLM0010173,POL002533,2024-12-21,25274.43,CLOSED
CLM0011466,POL002237,2025-07-09,48640.48,OPEN
CLM0010021,POL003733,2026-04-13,52243.62,IN REVIEW
CLM0004324,POL001907,2024-07-01,14775.22,CLOSED
CLM0000193,POL003155,2026-01-02,58399.49,DENIED
CLM0005991,POL003193,2025-07-06,30887.34,IN REVIEW
CLM0001363,POL002496,2026-01-06,55045.73,OPEN
CLM0010562,POL003751,2025-02-07,5154.27,DENIED
CLM0001577,POL003825,2026-03-30,-42955.35,DENIED
CLM0006021,POL002424,2024-10-20,50901.96,DENIED
CLM0011453,POL004390,2026-01-01,40542.81,DENIED
CLM0005900,POL003583,2026-03-26,78876.73,DENIED
CLM0003077,POL003532,2024-11-03,0,DENIED
CLM0010304,POL001778,2024-06-05,6022.93,in review
CLM0008517,POL003815,2026-06-28,10883.41,CLOSED
CLM0010597,POL002733,2026-05-10,29743.07,DENIED
CLM0008723,POL001381,2026-04-18,30313.97,CLOSED
CLM0009576,POL001581,2026-04-12,59159.76,CLOSED
CLM0007363,POL000324,2024-06-21,45989.81,IN REVIEW
CLM0009058,POL003490,2026-05-19,64074.29,OPEN
CLM0001019,POL000291,2024-06-30,12452.08,IN REVIEW
CLM0000599,POL000446,2026-06-16,10109.33,CLOSED
CLM0009990,POL004859,2026-02-20,10241.7,OPEN
CLM0002836,POL000267,2026-01-18,14098.99,DENIED
CLM0007724,POL003058,2025-04-16,58724.85,IN REVIEW
CLM0010616,POL003385,2025-11-26,51307.12,OPEN
CLM0008125,POL002906,2025-04-07,43301.74,OPEN
CLM0008953,POL004388,2026-02-10,2950.19,OPEN
CLM0005155,POL000814,2026-04-25,34815.05,CLOSED
CLM0003214,POL000367,2024-07-09,76108.14,DENIED
CLM0000652,POL003665,2026-07-03,66697.79,DENIED
CLM0009122,POL000596,2024-08-11,7467.31,IN REVIEW
CLM0005130,POL001203,2025-10-31,47931.48,IN REVIEW
CLM0000008,POL001947,2024-10-01,73775.08,OPEN
CLM0007454,POL000828,2025-06-23,32515.07,  DENIED 
CLM0004706,POL003148,2026-07-08,64103.89,CLOSED
CLM0004305,POL003008,2026-05-08,26758.97,CLOSED
CLM0009123,POL002776,2025-11-19,45397.78,DENIED
CLM0007150,POL004093,2025-09-15,25328.59,CLOSED
CLM0010400,POL004573,2025-05-17,5744.83,CLOSED
CLM0009031,POL000878,2024-11-09,5503.92,DENIED
CLM0002655,POL000958,2026-06-25,35014.95,IN REVIEW
CLM0002319,POL001998,31/12/2025,33809.19,DENIED
CLM0010782,POL003837,2025-02-15,22790.11,OPEN
CLM0005165,POL001097,2025-12-14,27331.23,DENIED
CLM0006130,POL000554,2025-03-01,20676.3,IN REVIEW
CLM0002878,POL003273,2025-02-20,42833.26,IN REVIEW
CLM0000287,POL003190,2026-07-21,63958.64,CLOSED
CLM0003183,POL002048,2024-06-03,79986.61,IN REVIEW
CLM0000566,POL000794,2026-01-31,3565.13,OPEN
CLM0000521,POL000397,2026-04-30,61131.04,DENIED
CLM0001125,POL003160,2025-10-19,16667.16,DENIED
CLM0011181,POL001913,2025-09-24,28767.18,OPEN
CLM0004990,POL001858,2026-01-07,5740.07,OPEN
CLM0010039,POL004037,2025-02-05,50143.77,CLOSED
CLM0005434,POL001945,2025-12-23,42908.11,CLOSED
CLM0007520,POL000200,2025-04-25,13538.69,IN REVIEW
CLM0004863,POL000660,2025-02-15,32425.08,IN REVIEW
CLM0008925,POL004871,2026-04-20,67213.12,in review
CLM0003405,POL002249,2024-10-23,741.18,CLOSED
CLM0011539,POL003979,2024-11-17,11263.46,IN REVIEW
CLM0009017,POL004103,2024-10-15,31018.28,IN REVIEW
CLM0003640,POL001974,2025-07-21,63426.28,OPEN
CLM0000451,POL001473,2025-06-17,38835.11,IN REVIEW
CLM0006569,POL002068,2025-06-28,53198.13,  OPEN 
CLM0005163,POL001638,2025-04-30,65439.48,  DENIED 
CLM0008591,POL003222,2024-06-29,74768.29,OPEN
CLM0011472,POL004341,2025-11-11,61901.42,DENIED
CLM0005800,POL001502,2026-06-12,52313.49,CLOSED
CLM0002172,POL002040,2026-01-24,31225.98,OPEN
CLM0001927,POL003762,2026-07-03,54755.56,IN REVIEW
CLM0004627,POL004244,2025-08-14,24004.01,OPEN
CLM0000473,POL001087,2024-12-08,4763.78,OPEN
CLM0001664,POL001605,2025-07-04,78267.57,OPEN
CLM0006268,POL004059,2026-05-28,35758.41,CLOSED
CLM0000325,POL002996,2026-06-25,70633.97,DENIED
CLM0010578,POL004936,2025-01-10,67166.82,IN REVIEW
CLM0005683,POL003375,2025-06-27,55103.1,CLOSED
CLM0002304,POL000428,2025-02-17,6738.88,DENIED
CLM0004759,POL002569,2026-02-07,61882.92,CLOSED
CLM0010931,POL001458,2024-11-16,22801.08,IN REVIEW
CLM0006295,POL004964,2026-03-06,26743.1,DENIED
CLM0010529,POL000563,2026-01-25,31008.03,IN REVIEW
CLM0002955,POL000554,2025-06-04,59353.03,DENIED
CLM0002393,POL003245,2026-02-18,23387.57,OPEN
CLM0005181,POL001746,2025-11-08,31387.02,DENIED
CLM0004929,POL001595,2025-02-27,9376.72,CLOSED
CLM0006686,POL936929,2025-06-27,63478.55,CLOSED
CLM0010405,POL004615,2025-04-22,77234.95,IN REVIEW
CLM0002229,POL001717,2025-08-16,49398.54,OPEN
CLM0010111,POL002982,2025-07-15,6554.2,DENIED
CLM0009534,POL003382,2025-05-22,3186.66,DENIED
CLM0004603,POL003549,2025-04-12,8884.68,OPEN
CLM0005535,POL002467,2026-02-08,79313.08,IN REVIEW
CLM0008239,POL002132,2025-11-16,71463.76,DENIED
CLM0007572,POL000623,2026-02-08,36940.2,CLOSED
CLM0002329,POL003962,2025-10-22,75831.14,  CLOSED 
CLM0010887,POL004172,2025-01-02,63528.83,OPEN
CLM0005611,POL004097,2025-08-23,20807.92,DENIED
CLM0010971,POL003888,2024-11-25,57553.41,CLOSED
CLM0000202,POL001282,2025-05-08,47114.97,DENIED
CLM0010253,POL001592,2024-11-10,25558.98,OPEN
CLM0010319,POL004502,2025-12-02,48254.22,OPEN
CLM0009747,POL002858,2025-10-23,71309.37,IN REVIEW
CLM0011089,POL003252,2025-07-21,14123.68,OPEN
CLM0000374,POL004359,2026-05-30,50777.94,DENIED
CLM0008439,POL002998,2025-05-30,52198.5,DENIED
CLM0007899,POL004162,2026-04-16,76655.51,OPEN
CLM0001037,POL000026,2026-05-17,66196.11,OPEN
CLM0011997,POL004675,2025-11-07,24182.39,IN REVIEW
CLM0011990,POL000187,2025-04-04,9402.37,IN REVIEW
CLM0000662,POL004740,2024-08-05,14832.64,DENIED
CLM0000780,POL002698,2025-07-04,55593.79,CLOSED
CLM0002199,POL003961,2025-04-07,44687.77,DENIED
CLM0006141,POL002960,2025-06-12,60670.45,OPEN
CLM0009556,POL000999,2024-06-06,79967.24,OPEN
CLM0009598,POL004945,,74954.32,  OPEN 
CLM0002528,POL004506,2025-07-18,25443.96,IN REVIEW
CLM0010032,POL001549,2025-11-26,6378.73,DENIED
CLM0004171,POL001862,2025-06-14,46464.02,OPEN
CLM0002560,POL001210,2024-11-05,37562.25,CLOSED
CLM0004117,POL000061,2025-12-29,21627.47,CLOSED
CLM0010449,POL003330,2024-11-07,37847.24,DENIED
CLM0000006,POL004325,2025-12-23,5260.44,OPEN
CLM0008999,POL001934,2026-05-29,2178.62,CLOSED
CLM0004261,POL000246,2025-12-10,1014.82,IN REVIEW
CLM0009749,POL004766,2026-01-11,2198.79,OPEN
CLM0006774,POL004231,2024-10-03,42759.45,OPEN
CLM0005819,POL000408,2025-03-14,23832.92,OPEN
CLM0005938,POL004476,2025-03-23,32616.01,DENIED
CLM0006837,POL004276,2024-10-29,63021.56,CLOSED
CLM0006536,POL003760,2025-06-22,11916.44,OPEN
CLM0003060,POL003201,2026-07-02,62082.68,CLOSED
CLM0007489,POL002476,2026-01-11,37783.38,OPEN
CLM0008407,POL001052,2024-10-15,6374.93,CLOSED
CLM0011390,POL003912,2026-02-22,51582.01,IN REVIEW
CLM0002513,POL004916,2025-11-28,42280.55,CLOSED
CLM0004016,POL004903,2026-03-22,47963.78,IN REVIEW
CLM0010099,POL003486,2024-07-29,23109.39,OPEN
CLM0011978,POL003301,2024-10-25,71968.14,OPEN
CLM0001526,POL002453,2025-03-12,46751.23,OPEN
CLM0011504,POL001682,2025-01-07,78978.91,OPEN
CLM0001781,POL001882,2024-08-13,43757.88,DENIED
CLM0007518,POL001130,2025-07-06,881.29,IN REVIEW
CLM0000373,POL003210,2025-12-26,4397.18,CLOSED
CLM0005332,POL001552,2026-02-13,26398.11,DENIED
CLM0004519,POL002556,2024-08-20,48553.16,OPEN
CLM0011567,POL002565,2025-01-19,57776.44,OPEN
CLM0007653,POL002681,2026-06-22,18821.08,IN REVIEW
CLM0010684,POL000513,2026-05-13,48600.82,CLOSED
CLM0005032,POL003916,2025-11-30,30375.47,IN REVIEW
CLM0005459,POL000639,2026-02-08,69820.08,CLOSED
CLM0003242,POL002373,2024-06-26,73633.42,CLOSED
CLM0002023,POL000064,2025-04-25,2997.16,IN REVIEW
CLM0004033,POL000413,2026-03-07,8995.24,DENIED
CLM0004459,POL001278,2026-01-27,21255.87,  DENIED 
CLM0001408,POL000300,2026-05-09,16472.12,OPEN
CLM0001506,POL002696,2024-08-30,73291.26,OPEN
CLM0004910,POL003454,2026-05-02,52481.88,IN REVIEW
CLM0010634,POL950082,2024-06-12,37214.3,OPEN
CLM0008372,POL000855,2025-06-13,53957.61,IN REVIEW
CLM0006070,POL000652,2024-10-14,42770.88,OPEN
CLM0000872,POL002108,2025-05-25,49203.02,OPEN
CLM0005857,POL003662,2024-06-01,38013.99,OPEN
CLM0007277,POL003746,2026-05-23,79671.88,CLOSED
CLM0003108,POL004968,2024-06-27,60582.71,OPEN
CLM0010753,POL000978,2025-02-13,48909.14,OPEN
CLM0009267,POL003310,2025-09-09,32435.56,OPEN
CLM0007345,POL000056,2024-07-17,30837.71,OPEN
CLM0002144,POL001131,2025-12-22,69213.42,IN REVIEW
CLM0001247,POL003304,2025-05-06,79789.22,CLOSED
CLM0005359,POL002292,2026-05-07,74660.41,CLOSED
CLM0009769,POL003852,2025-09-20,9543.82,OPEN
CLM0009243,POL004703,2025-08-15,23715.35,IN REVIEW
CLM0001113,POL003227,2025-10-17,59632.47,IN REVIEW
CLM0002880,POL001554,2026-01-21,51307.43,OPEN
CLM0001009,POL002389,2025-03-23,19926.77,DENIED
CLM0002679,POL003452,2024-12-15,30237.42,OPEN
CLM0008890,POL003645,2025-11-04,11016.19,IN REVIEW
CLM0005663,POL000920,2025-06-09,38930.35,OPEN
CLM0000922,POL001312,2025-12-16,38302.51,DENIED
CLM0006796,POL002240,2025-10-21,27124.52,DENIED
CLM0005354,POL000612,2025-11-10,50335.02,IN REVIEW
CLM0011922,POL002413,2024-10-17,24956.28,IN REVIEW
CLM0007791,POL002025,2025-10-22,53217.33,in review
CLM0005197,POL002537,2024-06-16,55475.82,DENIED
CLM0003644,POL004970,2024-12-06,28454.99,OPEN
CLM0009756,POL001791,2025-07-31,39032.75,DENIED
CLM0004299,POL002731,2026-02-09,69507.11,IN REVIEW
CLM0010296,POL000860,2026-05-31,47295.32,IN REVIEW
CLM0007816,POL003177,2024-08-12,22376.99,DENIED
CLM0008951,POL002652,2024-11-24,71279.24,OPEN
CLM0004677,POL000679,,47504.19,DENIED
CLM0009353,POL004134,2024-07-27,73175.48,IN REVIEW
CLM0010730,POL002258,2025-06-13,-48900.26,CLOSED
CLM0007438,POL002355,2025-12-03,13214.46,CLOSED
CLM0001422,POL001958,2025-08-02,59923.09,OPEN
CLM0005512,POL002985,2025-08-09,38712.56,  DENIED 
CLM0006106,POL001297,2026-07-07,15693.64,DENIED
CLM0002187,POL004853,2026-06-02,59442.92,OPEN
CLM0001505,POL003306,2026-06-06,49458.69,OPEN
CLM0011159,POL004337,2024-12-13,8415.73,CLOSED
CLM0009409,POL004020,2025-05-15,52609.39,CLOSED
CLM0004298,POL001403,2025-04-04,25693.88,CLOSED
CLM0001193,POL000579,2026-03-13,70060.76,DENIED
CLM0008805,POL937748,2025-06-28,55927.09,CLOSED
CLM0003201,POL000717,2025-12-30,9999999.99,CLOSED
CLM0011180,POL004739,2024-06-12,32587.86,IN REVIEW
CLM0008812,POL000724,2024-06-27,34378.38,IN REVIEW
CLM0003918,POL000786,0000-00-00,15311.18,DENIED
CLM0007224,POL002796,2024-07-02,62880.68,OPEN
CLM0002736,POL000669,2025-02-15,39784.04,OPEN
CLM0001010,POL000019,2025-12-24,78778.86,OPEN
CLM0004446,POL003311,2024-10-20,79119.23,CLOSED
CLM0008954,POL004990,2025-12-02,10102.87,OPEN
CLM0007134,POL002360,2025-12-11,45672.42,OPEN
CLM0009485,POL002109,2024-07-05,62660.89,CLOSED
CLM0010402,POL001608,2025-11-28,5614.02,DENIED
CLM0001079,POL002068,2025-07-27,49223.51,DENIED
CLM0008395,POL004911,2025-03-04,17699.29,OPEN
CLM0010385,POL001903,2024-09-20,3023.62,CLOSED
CLM0002237,POL003662,2024-09-11,56781.08,OPEN
CLM0003172,POL000224,2025-07-08,76525.4,CLOSED
CLM0011646,POL003936,2026-04-26,61038.24,DENIED
CLM0006048,POL001200,2025-12-07,18036.14,CLOSED
CLM0006685,POL004183,2026-04-26,62110.77,OPEN
CLM0001119,POL004618,2026-07-05,23429.19,IN REVIEW
CLM0008462,POL001732,2025-04-09,74438.66,CLOSED
CLM0004666,POL000799,2024-11-29,4848.95,IN REVIEW
CLM0005076,POL002079,2025-05-06,14067.2,DENIED
CLM0007172,POL000637,2026-06-25,72826.87,OPEN
CLM0008845,POL001066,2026-06-13,28979.21,IN REVIEW
CLM0008415,POL003857,2025-03-02,75223.01,CLOSED
CLM0004127,POL001223,2025-09-11,60456.97,DENIED
CLM0005785,POL004319,2026-04-08,20914.19,IN REVIEW
CLM0006125,POL000740,2025-12-20,432.49,open
CLM0006876,POL000372,2025-11-26,62770.45,CLOSED
CLM0010174,POL004549,2026-05-04,74105.97,CLOSED
CLM0003838,POL001888,2025-11-14,66779.96,DENIED
CLM0001040,POL004028,2025-08-28,27168.18,OPEN
CLM0007196,POL004749,2024-08-26,48438.49,OPEN
CLM0007533,POL004006,2024-06-11,29867.46,  OPEN 
CLM0000591,POL002834,2025-01-21,79803.27,CLOSED
CLM0002259,POL000272,2024-12-02,42645.3,IN REVIEW
CLM0005796,POL000425,2025-05-03,15065.86,OPEN
CLM0002204,POL000004,2026-04-08,46965.25,IN REVIEW
CLM0010643,POL000279,2024-12-22,71850.17,IN REVIEW
CLM0008250,POL002564,2024-08-18,1003.4,CLOSED
CLM0002524,POL004022,2024-06-30,2197.24,OPEN
CLM0006580,POL002151,2024-08-16,15506.55,DENIED
CLM0010337,POL003879,2025-01-29,16518.13,IN REVIEW
CLM0010791,POL001537,2025-07-06,16537.76,IN REVIEW
CLM0001596,POL002407,2024-10-02,56781.56,DENIED
CLM0006993,POL000503,2025-05-25,75979.28,CLOSED
CLM0010596,POL003399,2025-03-26,34110.09,CLOSED
CLM0001830,POL001049,2026-06-25,1480.26,DENIED
CLM0006811,POL001930,2025-11-16,29429.56,CLOSED
CLM0008419,POL002473,2026-06-15,43447.75,IN REVIEW
CLM0008273,POL003749,2024-10-28,2772.79,CLOSED
CLM0001233,POL000368,2024-10-25,57715.97,OPEN
CLM0004907,POL917019,2026-07-09,76049.65,DENIED
CLM0005389,POL004983,2024-06-09,26447.3,IN REVIEW
CLM0003420,POL002708,2025-03-11,37514.25,IN REVIEW
CLM0005587,POL003887,2025-09-18,64377.18,OPEN
CLM0006544,POL004388,2026-06-16,51938.42,IN REVIEW
CLM0011118,POL002154,2025-11-05,78708.98,DENIED
CLM0002446,POL002126,2026-07-14,40829.91,OPEN
CLM0005771,POL002806,2025-07-05,45031.8,IN REVIEW
CLM0002136,POL003596,2025-08-23,65835.57,CLOSED
CLM0007762,POL000059,2024-06-02,42166.07,IN REVIEW
CLM0008388,POL001085,2026-04-10,48800.43,CLOSED
CLM0003884,POL000412,2025-09-20,73219.62,OPEN
CLM0000710,POL003812,2025-05-30,545.49,CLOSED
CLM0002364,POL001864,2026-05-03,27466.17,DENIED
CLM0001646,POL004267,2026-04-09,39642.14,CLOSED
CLM0010295,POL000558,2026-03-28,27784.49,DENIED
CLM0005759,POL002199,2025-12-20,58463.26,DENIED
CLM0006477,POL000921,2025-10-20,72698.41,CLOSED
CLM0011853,POL004617,2026-06-03,19206.44,IN REVIEW
CLM0001881,POL000838,2024-12-26,774.03,CLOSED
CLM0009466,POL000315,2025-06-11,63642.99,IN REVIEW
CLM0001762,POL000142,2025-01-22,30363.03,IN REVIEW
CLM0007381,POL002131,2025-11-07,28672.38,DENIED
CLM0008180,POL002392,2025-01-31,66127.89,DENIED
CLM0005741,POL004370,2026-05-23,73301.34,DENIED
CLM0001330,POL000166,2026-05-19,21760.75,DENIED
CLM0007469,POL000354,2026-01-04,16574.01,IN REVIEW
CLM0010964,POL004960,2025-10-06,79998.78,OPEN
CLM0002931,POL002644,2026-03-14,36540.03,CLOSED
CLM0004638,POL002875,2025-08-10,52787.16,CLOSED
CLM0007270,POL004959,2024-09-25,5229.04,OPEN
CLM0000969,POL002911,2026-02-04,28814.12,CLOSED
CLM0001469,POL001659,2025-05-21,7911.45,DENIED
CLM0005219,POL004881,2025-05-22,15337.87,OPEN
CLM0010200,POL002909,2024-06-07,6200.13,IN REVIEW
CLM0004787,POL002997,2026-06-06,54909.68,IN REVIEW
CLM0004892,POL002510,2025-08-13,38787.74,CLOSED
CLM0001173,POL003271,2025-09-26,23869.94,OPEN
CLM0010144,POL003436,0000-00-00,22961.04,IN REVIEW
CLM0003170,POL001355,2024-07-30,31750.97,CLOSED
CLM0005688,POL004320,2024-10-26,33404.37,IN REVIEW
CLM0006777,POL002863,2025-10-29,51114.38,IN REVIEW
CLM0009722,POL002478,2024-06-25,43981.61,OPEN
CLM0007989,POL004314,2025-02-18,2853.84,DENIED
CLM0003451,POL000056,2025-09-19,44234.87,CLOSED
CLM0005129,POL000581,2025-07-04,41795.47,CLOSED
CLM0009330,POL000724,2025-01-29,56632.22,OPEN
CLM0007336,POL000688,2025-07-06,52172.08,OPEN
CLM0004169,POL003516,2025-04-03,3354.45,OPEN
CLM0005333,POL002884,2026-04-21,12832.08,OPEN
CLM0000105,POL004968,2026-04-10,5556.51,OPEN
CLM0002082,POL004509,2025-04-09,39996.65,CLOSED
CLM0004972,POL004637,2025-12-05,48283.44,CLOSED
CLM0008479,POL004112,2024-12-04,48989.03,  OPEN 
CLM0008247,POL000955,2025-04-28,49672.48,OPEN
CLM0011004,POL004518,2026-01-31,78158.81,OPEN
CLM0000024,POL003134,2024-09-06,31677.44,CLOSED
CLM0002271,POL942886,2025-04-25,33822.23,OPEN
CLM0004138,POL000845,2026-05-14,77542.5,IN REVIEW
CLM0003316,POL002585,2026-05-15,28193.35,OPEN
CLM0009270,POL000384,2025-05-27,68828.64,OPEN
CLM0010094,POL001891,2024-12-22,33371.44,IN REVIEW
CLM0008278,POL002901,2024-11-29,7601.71,IN REVIEW
CLM0010191,POL002930,2026-06-07,74598.01,DENIED
CLM0006312,POL003623,2024-11-14,56930.99,CLOSED
CLM0004409,POL001725,2026-01-24,29563.92,CLOSED
CLM0008638,POL000712,2024-07-06,1255.02,DENIED
CLM0008858,POL004891,2024-12-11,41344.01,IN REVIEW
CLM0002752,POL001637,2024-08-08,67129.9,CLOSED
CLM0003498,POL002497,2026-05-22,70101.82,CLOSED
CLM0005692,POL003897,2024-06-04,53666.16,OPEN
CLM0006813,POL002206,2025-05-27,3184.12,DENIED
CLM0000689,POL004121,2025-05-21,45828.6,DENIED
CLM0002936,POL000875,2025-02-27,52659.58,CLOSED
CLM0011974,POL003857,2026-05-16,69977.81,CLOSED
CLM0004825,POL003910,2025-06-09,10822.91,CLOSED
CLM0006042,POL004885,2024-07-16,68786.18,OPEN
CLM0001047,POL003874,2026-04-19,44606.3,DENIED
CLM0011119,POL000387,2025-01-03,57925.66,DENIED
CLM0008500,POL001168,2025-03-18,3061.82,OPEN
CLM0011521,POL002290,2025-01-22,73436.92,CLOSED
CLM0011115,POL002265,2026-05-09,61290.57,DENIED
CLM0000208,POL002098,2026-06-12,16242.97,IN REVIEW
CLM0002462,POL001685,2024-06-23,13954.83,DENIED
CLM0010892,POL003771,N/A,33021.5,OPEN
CLM0008362,POL002591,2025-03-30,79671.53,OPEN
CLM0000908,POL004157,2025-06-09,18154.26,OPEN
CLM0001782,POL001885,2025-10-10,51928.96,OPEN
CLM0003912,POL003121,2025-10-12,59882.51,IN REVIEW
CLM0009177,POL001332,2024-10-24,71800.58,CLOSED
CLM0011913,POL004314,2026-02-01,6017.53,CLOSED
CLM0002533,POL000031,2025-02-03,10359.42,DENIED
CLM0002934,POL003463,2026-03-22,34027.4,IN REVIEW
CLM0009354,POL002234,2026-05-13,72315.01,OPEN
CLM0001148,POL003123,2026-02-10,30427.96,CLOSED
CLM0006490,POL001865,2025-08-01,5875.38,  DENIED 
CLM0011120,POL002020,2026-06-28,10580.75,IN REVIEW
CLM0002217,POL001148,2025-12-01,49802.82,OPEN
CLM0007933,POL004998,2024-08-31,30511.74,  OPEN 
CLM0011033,POL003114,2024-06-27,36001.84,OPEN
CLM0010550,POL002688,2025-04-10,65759.42,OPEN
CLM0000179,POL000386,2026-03-04,39786.38,CLOSED
CLM0001877,POL001510,2025-10-14,68541.08,OPEN
CLM0010619,POL001449,2025-04-26,34543.62,CLOSED
CLM0005744,POL001309,2026-01-08,17233.89,OPEN
CLM0007236,POL003249,2026-02-09,50112.58,IN REVIEW
CLM0008432,POL000759,2025-09-25,37752.58,DENIED
CLM0000708,POL002281,2026-03-28,70038.69,CLOSED
CLM0002339,POL003689,2024-06-27,10883.3,IN REVIEW
CLM0005847,POL003295,2024-08-14,39563.94,DENIED
CLM0002963,POL001512,2025-11-02,1972.63,CLOSED
CLM0001096,POL002589,2025-04-04,53438.29,IN REVIEW
CLM0005435,POL004415,2025-05-21,29336.39,IN REVIEW
CLM0001608,POL004388,2025-08-04,12849.39,OPEN
CLM0007396,POL003438,2026-04-08,59740.2,IN REVIEW
CLM0011288,POL003755,2026-01-04,57504.65,IN REVIEW
CLM0001968,POL001188,2024-09-12,38657.87,OPEN
CLM0003657,POL004600,2024-07-30,11491.02,DENIED
CLM0005996,POL001476,2026-04-01,46858.03,open
CLM0007718,POL000417,2025-09-16,951.39,IN REVIEW
CLM0003921,POL000938,2024-07-28,50286.88,OPEN
CLM0009185,POL001778,2025-05-23,65618.06,OPEN
CLM0007802,POL003973,2025-05-28,68460.37,denied
CLM0005859,POL000707,2025-06-24,14270.54,CLOSED
CLM0011333,POL003261,2025-01-31,43707.21,OPEN
CLM0006839,POL001690,2025-03-22,68208.54,DENIED
CLM0003253,POL001912,2026-06-10,14455.99,CLOSED
CLM0001845,POL003271,2024-10-29,67040.66,CLOSED
CLM0000975,POL001663,2025-07-23,42999.67,OPEN
CLM0000877,POL000529,2025-05-25,8803.64,OPEN
CLM0005861,POL003738,2024-08-15,77193.12,IN REVIEW
CLM0007045,POL003913,2025-08-14,18742.11,DENIED
CLM0000496,POL000659,2024-08-07,35059.02,OPEN
CLM0005470,POL002843,2025-03-19,58142.38,OPEN
CLM0011420,POL002094,2026-07-18,45355.29,DENIED
CLM0008931,POL000331,2025-04-22,77264.43,OPEN
CLM0006014,POL004858,2024-08-09,14318.29,OPEN
CLM0005472,POL000546,2024-09-25,22529.26,DENIED
CLM0005239,POL000298,2025-08-18,7650.74,CLOSED
CLM0000160,POL001737,2025-01-15,8860.82,CLOSED
CLM0009776,POL004796,2026-05-11,57450.58,CLOSED
CLM0008029,POL000495,2026-01-28,61267.48,OPEN
CLM0006371,POL003149,2025-09-21,30405.72,DENIED
CLM0004390,POL003844,2026-03-16,42532.79,DENIED
CLM0006951,POL002081,2025-04-17,28688.55,DENIED
CLM0005186,POL001824,2024-07-23,78756.21,DENIED
CLM0011194,POL000123,2024-09-16,42222.76,OPEN
CLM0007538,POL004743,2026-02-19,18414.44,CLOSED
CLM0010788,POL000096,2026-01-29,43662.15,DENIED
CLM0002215,POL000465,2024-07-05,51300.02,OPEN
CLM0008868,POL002842,2025-11-11,7323.39,OPEN
CLM0007376,POL003844,2024-12-07,73225.06,IN REVIEW
CLM0004413,POL001275,2025-05-28,59416.43,DENIED
CLM0002861,POL003510,2025-09-28,25659.64,CLOSED
CLM0000945,POL003774,2026-02-11,70109.97,IN REVIEW
CLM0009850,POL003197,2025-05-10,65059.39,CLOSED
CLM0004193,POL002403,2024-07-24,66438.69,IN REVIEW
CLM0001428,POL004311,2025-08-04,28020.83,OPEN
CLM0003792,POL002030,2026-02-01,44580.75,OPEN
CLM0008128,POL002625,2025-01-21,77846.38,CLOSED
CLM0005280,POL000176,2025-10-08,66608.51,open
CLM0004734,POL001995,2025-06-10,54289.24,CLOSED
CLM0001358,POL000992,2026-04-30,17461.14,IN REVIEW
CLM0003329,POL002059,2024-11-24,33150.06,OPEN
CLM0001912,POL002088,2025-06-08,34708.65,CLOSED
CLM0002638,POL000943,2026-05-01,65891.4,CLOSED
CLM0009296,POL004481,2025-03-09,52030.0,OPEN
CLM0007835,POL002770,2026-01-30,22272.23,IN REVIEW
CLM0000023,POL004407,2025-02-04,9183.64,CLOSED
CLM0008450,POL001799,2024-07-15,18219.31,  OPEN 
CLM0007976,POL004320,2025-09-04,33552.57,DENIED
CLM0011723,POL004341,2024-06-08,6901.65,OPEN
CLM0011132,POL001721,2025-10-23,58683.56,CLOSED
CLM0005841,POL004627,2026-06-18,23169.93,DENIED
CLM0000454,POL000898,2025-03-09,52313.72,IN REVIEW
CLM0010232,POL002901,2026-06-14,15310.27,IN REVIEW
CLM0008856,POL000422,2025-09-22,79265.06,CLOSED
CLM0011481,POL002024,2026-06-12,30761.6,OPEN
CLM0001320,POL000719,2025-11-05,7314.43,CLOSED
CLM0009557,POL000662,,24349.29,CLOSED
CLM0011735,POL000675,2025-02-02,23369.69,IN REVIEW
CLM0008929,POL000983,2025-10-27,9477.61,IN REVIEW
CLM0006845,POL003007,2025-07-23,37630.45,IN REVIEW
CLM0000588,POL004824,2025-04-01,3155.29,OPEN
CLM0004614,POL000073,2025-12-21,71133.7,OPEN
CLM0010169,POL001723,2025-04-21,79192.48,OPEN
CLM0004731,POL003713,2025-10-21,70731.09,CLOSED
CLM0000827,POL002672,2026-03-25,24156.5,  IN REVIEW 
CLM0009324,POL003147,2025-05-20,57301.12,DENIED
CLM0004147,POL001633,2024-09-16,58138.14,CLOSED
CLM0011860,POL003336,2024-08-08,69423.83,CLOSED
CLM0008903,POL003343,2024-07-04,22803.46,IN REVIEW
CLM0007474,POL004129,2025-04-19,18384.32,OPEN
CLM0011702,POL001402,2026-07-15,-11383.75,CLOSED
CLM0009907,POL002265,2025-05-19,15454.77,DENIED
CLM0011582,POL001864,2026-07-05,8096.83,OPEN
CLM0007284,POL004267,2025-09-20,27847.08,OPEN
CLM0006365,POL000902,2024-11-10,15247.75,DENIED
CLM0009221,POL004164,2025-11-25,58987.59,OPEN
CLM0005415,POL001834,2024-10-30,62136.14,CLOSED
CLM0007233,POL002151,2026-06-20,18677.96,DENIED
CLM0009692,POL002507,2024-09-20,68790.84,CLOSED
CLM0002298,POL000303,2025-10-15,72403.28,  IN REVIEW 
CLM0006412,POL004074,2026-02-04,15114.12,CLOSED
CLM0008920,POL004990,2025-03-16,35516.99,DENIED
CLM0000380,POL000683,2025-06-14,3867.26,IN REVIEW
CLM0011920,POL002169,2024-10-31,698.75,  IN REVIEW 
CLM0007007,POL003335,2025-05-28,47631.31,OPEN
CLM0008218,POL002168,2024-08-18,42416.82,DENIED
CLM0010407,POL002182,2024-07-07,66355.01,IN REVIEW
CLM0003438,POL003692,2025-07-13,59109.97,CLOSED
CLM0008874,POL002926,2026-04-07,21590.3,OPEN
CLM0002815,POL002563,2024-11-30,50614.5,OPEN
CLM0001048,POL003421,2026-01-24,42043.87,OPEN
CLM0006883,POL004691,2024-09-11,67794.92,OPEN
CLM0000497,POL002676,2024-08-18,31823.79,IN REVIEW
CLM0004646,POL002053,2026-04-13,33139.82,OPEN
CLM0009964,POL002158,2026-02-09,78501.89,IN REVIEW
CLM0003971,POL003764,2025-01-24,57928.78,OPEN
CLM0009889,POL912622,2025-05-18,75893.49,CLOSED
CLM0002562,POL004074,2025-09-29,48161.27,OPEN
CLM0009720,POL001962,2025-02-28,22883.14,CLOSED
CLM0006137,POL002828,2024-11-28,6946.04,DENIED
CLM0008067,POL003130,2024-06-23,75665.14,IN REVIEW
CLM0003710,POL004930,2025-12-31,46633.74,DENIED
CLM0005464,POL004489,2025-08-04,19437.84,CLOSED
CLM0004472,POL004719,2024-08-17,21258.86,DENIED
CLM0002346,POL000413,2026-02-27,23216.64,OPEN
CLM0010617,POL001306,2025-10-20,9441.58,DENIED
CLM0004851,POL001497,2024-08-02,28272.54,IN REVIEW
CLM0008162,POL003613,2025-12-09,13638.56,IN REVIEW
CLM0010130,POL001041,2026-04-14,1462.73,CLOSED
CLM0001736,POL002825,2024-07-15,79777.97,OPEN
CLM0008801,POL002183,2026-06-08,46308.35,CLOSED
CLM0001801,POL002564,2024-10-31,78627.25,CLOSED
CLM0000580,POL975676,2024-09-14,46455.59,OPEN
CLM0003486,POL000603,2026-03-24,40960.32,IN REVIEW
CLM0008318,POL002925,2025-12-11,44867.03,IN REVIEW
CLM0006164,POL001155,2025-04-03,34707.44,DENIED
CLM0000736,POL001889,2024-12-24,33296.54,CLOSED
CLM0008741,POL003985,2025-03-19,36866.56,DENIED
CLM0003373,POL002190,2025-09-17,29499.42,IN REVIEW
CLM0003403,POL002578,2025-05-30,62301.72,OPEN
CLM0007472,POL002791,2026-03-07,40675.59,CLOSED
CLM0011499,POL003192,2026-01-10,74098.6,CLOSED
CLM0003744,POL000591,2025-11-18,32493.12,IN REVIEW
CLM0010234,POL003303,2026-05-15,36451.2,OPEN
CLM0002500,POL002707,2024-07-23,8896.1,CLOSED
CLM0008424,POL002008,2026-07-12,27960.88,OPEN
CLM0002014,POL003400,2026-06-08,62270.48,OPEN
CLM0001931,POL004708,2024-09-11,36501.61,CLOSED
CLM0010249,POL004548,2025-05-07,24239.08,in review
CLM0003298,POL001610,2025-01-02,738.61,OPEN
CLM0005945,POL001986,2025-01-22,16258.4,DENIED
CLM0006698,POL002413,2025-01-19,13504.45,CLOSED
CLM0005865,POL004397,2025-05-03,67208.75,DENIED
CLM0007649,POL002037,2024-11-26,26093.1,CLOSED
CLM0008615,POL001773,2025-01-18,5958.95,OPEN
CLM0010765,POL000261,2024-08-16,78525.36,OPEN
CLM0008430,POL003477,2025-02-21,63515.64,CLOSED
CLM0009190,POL001046,2025-08-13,45479.27,CLOSED
CLM0003978,POL004482,2024-09-29,4622.11,IN REVIEW
CLM0001091,POL001137,2025-08-27,45137.1,OPEN
CLM0005955,POL001380,2026-03-10,39823.46,open
CLM0009929,POL002625,2025-07-16,58695.56,CLOSED
CLM0003023,POL002583,N/A,3844.07,DENIED
CLM0003149,POL002842,2025-08-14,68226.53,CLOSED
CLM0008030,POL000587,2024-10-25,43553.46,DENIED
CLM0004601,POL002228,2026-03-11,58225.56,DENIED
CLM0010387,POL002027,2024-08-05,24175.86,DENIED
CLM0000996,POL004729,2024-09-02,216.19,DENIED
CLM0000391,POL004243,2024-10-20,29587.41,DENIED
CLM0004271,POL004290,2026-06-20,65823.04,IN REVIEW
CLM0007627,POL001916,2025-01-13,18247.61,IN REVIEW
CLM0007711,POL002183,2024-07-20,43754.97,CLOSED
CLM0001594,POL000460,2025-05-04,9359.91,DENIED
CLM0004620,POL001504,2025-03-28,43074.25,IN REVIEW
CLM0011263,POL002087,2026-02-16,52915.66,DENIED
CLM0000192,POL004757,2024-10-17,30350.15,DENIED
CLM0003079,POL002779,2026-06-05,76242.87,OPEN
CLM0000390,POL003096,2026-03-31,23793.85,OPEN
CLM0001692,POL000629,2026-05-27,47786.66,CLOSED
CLM0002885,POL002252,2026-06-19,391.22,IN REVIEW
CLM0005513,POL000339,2025-12-06,34531.04,denied
CLM0006751,POL001883,2026-04-27,13504.63,IN REVIEW
CLM0007077,POL002233,2024-08-31,65291.98,open
CLM0008906,POL001660,2024-12-06,604.93,DENIED
CLM0011551,POL001097,2025-07-01,58991.55,DENIED
CLM0006342,POL001274,2026-02-05,8549.49,CLOSED
CLM0002938,POL003590,2025-12-06,18960.56,IN REVIEW
CLM0006626,POL004933,2026-03-20,39437.35,OPEN
CLM0008973,POL001773,2025-05-27,70094.71,OPEN
CLM0006704,POL000988,2024-09-13,22774.33,DENIED
CLM0002730,POL004450,2025-07-14,26004.99,CLOSED
CLM0002343,POL004293,2025-08-27,52780.56,OPEN
CLM0007285,POL000435,2025-05-26,27949.42,in review
CLM0011821,POL003733,2026-07-02,69257.29,IN REVIEW
CLM0009026,POL003797,2025-05-09,65196.25,OPEN
CLM0006464,POL003810,2025-11-04,3888.03,CLOSED
CLM0004315,POL003318,2024-09-07,45807.95,DENIED
CLM0005220,POL001550,2025-12-27,59876.74,OPEN
CLM0002568,POL004859,2025-09-22,72613.86,DENIED
CLM0010022,POL000574,2026-04-30,59548.66,OPEN
CLM0005351,POL003717,2024-09-16,73221.96,denied
CLM0004609,POL001553,2024-06-09,34211.71,DENIED
CLM0008808,POL002752,2026-03-13,31654.28,CLOSED
CLM0004989,POL004303,2025-09-15,68967.94,DENIED
CLM0002415,POL000484,2024-09-11,79230.15,OPEN
CLM0009145,POL000936,2026-01-11,23106.33,OPEN
CLM0005947,POL003207,2024-07-21,1072.24,OPEN
CLM0010888,POL002699,2026-07-17,9702.21,OPEN
CLM0009496,POL000979,2025-11-18,67840.73,CLOSED
CLM0003824,POL000488,2024-09-26,11547.76,IN REVIEW
CLM0001950,POL003020,2025-04-13,54112.22,DENIED
CLM0002300,POL001391,2024-08-05,23803.35,OPEN
CLM0009279,POL000196,2025-11-05,20096.05,IN REVIEW
CLM0008731,POL002650,2024-10-12,78200.8,DENIED
CLM0002358,POL000067,2025-05-10,14725.76,CLOSED
CLM0001984,POL003538,2025-10-03,27153.9,OPEN
CLM0000911,POL000226,2024-06-22,11236.01,  IN REVIEW 
CLM0008532,POL003624,2025-09-26,12491.35,DENIED
CLM0005331,POL000016,2024-08-06,576.21,IN REVIEW
CLM0005480,POL004395,2026-05-09,17251.48,DENIED
CLM0008604,POL004748,2025-05-06,30804.51,IN REVIEW
CLM0009253,POL002014,2024-06-19,61683.16,OPEN
CLM0000032,POL004840,2026-06-18,36182.23,CLOSED
CLM0006314,POL003597,2025-10-24,18448.04,OPEN
CLM0006410,POL002699,2026-07-03,39316.87,IN REVIEW
CLM0010823,POL000340,2026-06-07,38472.87,CLOSED
CLM0000958,POL000155,2025-03-12,39530.33,DENIED
CLM0002935,POL004553,2026-01-14,6222.65,IN REVIEW
CLM0005301,POL003296,2025-06-18,79616.58,IN REVIEW
CLM0005304,POL003351,2024-12-01,15545.24,IN REVIEW
CLM0007853,POL001181,2025-01-11,67382.94,IN REVIEW
CLM0004881,POL002463,2025-11-25,13456.97,DENIED
CLM0011268,POL001565,2024-07-19,44388.45,OPEN
CLM0006441,POL000804,2024-10-16,65670.44,DENIED
CLM0003021,POL004850,2024-11-09,54784.54,DENIED
CLM0000683,POL002716,2024-11-12,74299.05,IN REVIEW
CLM0002771,POL000809,2026-03-22,65104.07,OPEN
CLM0004307,POL003072,2025-04-14,40540.21,DENIED
CLM0003672,POL004447,0000-00-00,79499.8,CLOSED
CLM0002451,POL000120,2026-05-21,37752.33,CLOSED
CLM0010494,POL003816,2026-03-22,12879.73,DENIED
CLM0004290,POL004999,2025-05-27,66353.03,CLOSED
CLM0009081,POL003627,2025-01-05,58028.36,OPEN
CLM0010393,POL000103,2026-07-14,14301.21,OPEN
CLM0000948,POL004772,2024-11-22,28755.49,CLOSED
CLM0011249,POL002538,2024-09-07,53499.34,IN REVIEW
CLM0009358,POL001055,2025-06-27,45862.28,DENIED
CLM0004623,POL004678,2025-04-04,25939.79,CLOSED
CLM0008272,POL003436,2025-07-18,68653.71,CLOSED
CLM0008848,POL002462,2026-04-19,17206.66,OPEN
CLM0011448,POL001393,2024-07-06,5347.67,DENIED
CLM0003336,POL000431,2025-08-16,65967.31,OPEN
CLM0008589,POL003386,2025-08-02,79641.68,OPEN
CLM0006230,POL000890,2024-07-14,65310.69,IN REVIEW
CLM0007275,POL003209,2026-07-21,48650.14,IN REVIEW
CLM0002621,POL002213,2026-01-30,66981.06,CLOSED
CLM0010140,POL001993,2024-08-28,74109.06,OPEN
CLM0008213,POL002617,2025-01-07,19756.91,DENIED
CLM0005187,POL003606,2024-08-29,11487.79,CLOSED
CLM0000884,POL002424,2026-05-07,66162.32,DENIED
CLM0008863,POL004407,2025-07-21,54401.54,OPEN
CLM0001961,POL002594,2024-07-11,612.71,IN REVIEW
CLM0008182,POL004279,2025-03-08,77894.53,OPEN
CLM0002615,POL001390,2025-02-15,106.35,OPEN
CLM0010121,POL000208,2024-10-24,22385.68,DENIED
CLM0009780,POL000945,2026-07-11,78765.65,IN REVIEW
CLM0001779,POL004699,2025-09-30,12634.24,DENIED
CLM0004566,POL003357,2026-02-02,3628.6,OPEN
CLM0001887,POL000501,2025-01-07,28725.23,DENIED
CLM0009446,POL001109,2025-05-17,50705.76,CLOSED
CLM0006245,POL001158,2026-04-08,45297.26,CLOSED
CLM0011638,POL003177,2024-10-07,68635.8,OPEN
CLM0002772,POL000706,2025-08-17,4729.96,DENIED
CLM0002311,POL004244,2024-11-19,11938.01,DENIED
CLM0009567,POL002086,2024-06-05,36228.98,CLOSED
CLM0000993,POL003890,2026-05-22,15691.35,IN REVIEW
CLM0002409,POL000429,2024-06-07,62457.66,OPEN
CLM0003398,POL003321,2025-05-13,25856.21,DENIED
CLM0005616,POL003020,2025-05-19,47031.01,DENIED
CLM0007936,POL001074,2025-07-30,35437.75,DENIED
CLM0007296,POL003385,2024-09-21,61989.71,CLOSED
CLM0007846,POL004078,2026-07-20,5790.33,CLOSED
CLM0006745,POL003608,2026-04-04,51125.73,IN REVIEW
CLM0002848,POL002979,2024-11-22,37869.27,DENIED
CLM0005605,POL001893,2024-07-30,32679.03,DENIED
CLM0006880,POL000485,2024-11-13,49246.09,OPEN
CLM0003760,POL004437,2024-10-09,21624.5,CLOSED
CLM0009587,POL004576,2026-03-05,40352.55,CLOSED
CLM0006374,POL004587,2025-01-11,54684.07,IN REVIEW
CLM0000807,POL000958,2024-10-28,49221.47,IN REVIEW
CLM0010712,POL001460,2024-08-10,73766.92,OPEN
CLM0009374,POL004766,2025-06-30,49166.33,CLOSED
CLM0005925,POL002950,2026-01-03,19003.0,DENIED
CLM0002726,POL003720,2024-09-10,50815.86,IN REVIEW
CLM0005240,POL004880,2024-10-11,2108.66,DENIED
CLM0010052,POL002783,2025-04-15,36837.48,OPEN
CLM0002828,POL000518,2025-07-19,44433.82,CLOSED
CLM0004114,POL000139,2025-11-15,54487.56,DENIED
CLM0002324,POL003696,2024-07-29,75422.65,CLOSED
CLM0002452,POL000394,2024-12-05,7786.12,DENIED
CLM0005364,POL003068,2025-04-05,46181.06,DENIED
CLM0005554,POL002081,2025-06-09,35585.58,IN REVIEW
CLM0006319,POL002919,2025-12-15,5085.7,IN REVIEW
CLM0007823,POL002487,2024-08-05,6729.4,IN REVIEW
CLM0003984,POL003602,2026-01-01,53251.19,IN REVIEW
CLM0008472,POL000837,2024-06-16,50316.88,DENIED
CLM0003425,POL004822,2026-01-12,78948.11,CLOSED
CLM0007552,POL000016,2025-06-16,11447.44,DENIED
CLM0002055,POL000641,2024-07-01,35313.4,CLOSED
CLM0008402,POL003201,2025-12-16,67150.43,IN REVIEW
CLM0004041,POL001708,2026-06-19,55400.61,CLOSED
CLM0009246,POL001586,2025-04-18,39620.52,DENIED
CLM0004773,POL003451,2026-03-20,38447.09,OPEN
CLM0003540,POL001266,2026-06-16,28433.09,IN REVIEW
CLM0011433,POL003894,2024-08-07,29340.44,OPEN
CLM0010346,POL000814,2024-10-27,71956.84,CLOSED
CLM0001043,POL001450,2024-10-14,1872.5,DENIED
CLM0000610,POL001346,2025-04-06,65740.71,IN REVIEW
CLM0008446,POL002045,2026-02-06,21842.73,DENIED
CLM0008899,POL004851,2026-04-04,57611.38,CLOSED
CLM0003243,POL001052,2025-02-11,15819.56,in review
CLM0006986,POL004393,2025-12-08,8597.04,  OPEN 
CLM0010707,POL001736,2024-08-04,62236.08,DENIED
CLM0002860,POL004878,2025-06-21,41594.22,IN REVIEW
CLM0009604,POL000920,2025-10-11,49758.87,IN REVIEW
CLM0002514,POL000954,2024-12-03,0,IN REVIEW
CLM0010229,POL002673,2025-09-26,55586.39,IN REVIEW
CLM0010481,POL001144,2026-02-26,70371.22,IN REVIEW
CLM0009869,POL003108,2024-06-16,34090.97,DENIED
CLM0011933,POL003537,2025-07-28,61648.01,DENIED
CLM0001806,POL003711,2025-09-27,37115.65,DENIED
CLM0000141,POL000404,2025-03-26,42378.05,OPEN
CLM0000416,POL004874,2024-11-18,21754.98,CLOSED
CLM0003171,POL002515,2025-06-18,9576.03,CLOSED
CLM0003250,POL003460,2025-01-30,51341.19,DENIED
CLM0001518,POL004514,2025-07-06,1524.96,IN REVIEW
CLM0007595,POL000148,2025-02-09,40407.66,IN REVIEW
CLM0001311,POL000388,2026-02-21,17738.04,OPEN
CLM0001294,POL004559,2025-03-14,39645.33,IN REVIEW
CLM0011330,POL003276,2024-07-17,24072.18,  IN REVIEW 
CLM0011792,POL001265,2024-08-06,31083.43,CLOSED
CLM0005589,POL002056,2026-01-21,51461.13,DENIED
CLM0001232,POL001556,2025-12-30,6346.81,IN REVIEW
CLM0000034,POL003187,2024-06-05,68728.01,OPEN
CLM0000801,POL000457,2025-10-16,31341.52,IN REVIEW
CLM0011971,POL002715,2025-09-03,31038.71,OPEN
CLM0004807,POL002585,2026-07-09,78350.61,IN REVIEW
CLM0001304,POL002197,2026-05-12,74754.24,IN REVIEW
CLM0006921,POL001566,2025-12-29,29867.26,OPEN
CLM0001051,POL000381,2024-11-13,17821.29,CLOSED
CLM0006065,POL001526,2024-07-30,24138.09,IN REVIEW
CLM0004849,POL000332,2024-11-02,22228.75,CLOSED
CLM0008231,POL002952,2024-09-07,39323.69,OPEN
CLM0004537,POL004875,2025-10-30,12516.64,IN REVIEW
CLM0011225,POL000350,2025-09-13,1838.3,OPEN
CLM0001592,POL000989,2024-09-15,32883.84,CLOSED
CLM0008134,POL002236,2025-08-18,2077.76,CLOSED
CLM0002129,POL003693,2024-08-23,41958.46,OPEN
CLM0001002,POL000734,2024-11-16,28649.45,IN REVIEW
CLM0005717,POL000333,2024-07-08,37813.81,OPEN
CLM0001965,POL003093,2024-08-02,23789.25,DENIED
CLM0011197,POL003954,2024-08-26,8158.27,OPEN
CLM0004902,POL002877,2026-07-05,71539.36,IN REVIEW
CLM0001977,POL004387,2026-05-13,53121.86,CLOSED
CLM0001926,POL004098,2024-09-09,27118.33,OPEN
CLM0007061,POL003341,2026-04-24,13164.84,DENIED
CLM0009690,POL002412,2026-02-28,40001.19,OPEN
CLM0008562,POL003896,2025-06-12,34835.17,IN REVIEW
CLM0011026,POL002303,2025-11-29,16033.84,IN REVIEW
CLM0008751,POL002600,2026-06-03,67030.51,OPEN
CLM0003048,POL000803,2025-08-19,76341.71,DENIED
CLM0007230,POL003906,2025-06-06,31477.12,CLOSED
CLM0008357,POL004756,2025-04-05,63409.63,OPEN
CLM0009084,POL988985,2024-12-05,1630.95,OPEN
CLM0004844,POL002686,2024-09-24,55480.12,open
CLM0004252,POL004281,2025-11-21,44242.33,IN REVIEW
CLM0009299,POL001979,2025-02-05,32894.26,CLOSED
CLM0002965,POL000108,2025-07-14,68529.12,IN REVIEW
CLM0001345,POL000771,2026-05-26,77497.2,OPEN
CLM0004598,POL004487,2025-07-25,69000.38,OPEN
CLM0004491,POL001249,2024-10-03,47078.51,IN REVIEW
CLM0006882,POL003752,2026-06-16,4935.54,DENIED
CLM0003302,POL002158,2025-10-14,23017.64,CLOSED
CLM0001203,POL002692,2025-02-22,50113.3,CLOSED
CLM0002939,POL912050,2024-10-10,13890.64,IN REVIEW
CLM0008590,POL002646,2025-08-10,66806.09,IN REVIEW
CLM0008777,POL002254,2024-09-22,33580.72,OPEN
CLM0005400,POL991493,2024-12-20,66723.0,IN REVIEW
CLM0000661,POL000613,2026-02-15,1033.77,CLOSED
CLM0001627,POL004836,2026-02-10,23061.23,CLOSED
CLM0007017,POL001478,2024-12-13,16854.51,OPEN
CLM0007814,POL003110,2024-11-01,71757.84,DENIED
CLM0005420,POL003794,2024-10-07,48191.5,IN REVIEW
CLM0002425,POL000305,2026-03-16,26722.43,OPEN
CLM0008809,POL000659,2025-06-15,12055.21,CLOSED
CLM0005992,POL001349,2025-07-30,78508.95,OPEN
CLM0008260,POL003976,2025-08-09,69864.29,IN REVIEW
CLM0003806,POL003418,2026-03-13,75991.3,OPEN
CLM0001997,POL001121,2025-07-05,58067.57,DENIED
CLM0007534,POL001997,2026-01-13,32764.88,DENIED
CLM0003904,POL003039,2025-11-07,17510.42,CLOSED
CLM0007477,POL000902,2025-05-07,19479.45,DENIED
CLM0006469,POL000860,2025-09-02,8626.74,DENIED
CLM0003507,POL000518,2026-02-11,2928.37,DENIED
CLM0008240,POL000958,2026-06-11,69763.35,CLOSED
CLM0001056,POL004595,2025-11-03,42189.73,CLOSED
CLM0002294,POL003457,2026-03-01,31047.44,CLOSED
CLM0007887,POL000545,2025-03-27,10757.91,CLOSED
CLM0009952,POL000715,2024-09-11,8761.99,  CLOSED 
CLM0011035,POL003507,2025-06-24,62402.98,CLOSED
CLM0007519,POL000666,2025-08-07,8253.07,IN REVIEW
CLM0003026,POL001528,2026-02-18,30829.65,IN REVIEW
CLM0004116,POL001815,0000-00-00,51772.23,  CLOSED 
CLM0004948,POL003988,2024-08-04,1571.44,CLOSED
CLM0000389,POL003344,2025-08-26,58825.31,DENIED
CLM0009561,POL003715,2026-02-04,52351.16,OPEN
CLM0003348,POL000660,2025-08-25,41081.79,DENIED
CLM0002197,POL002671,2025-08-08,7260.27,IN REVIEW
CLM0007773,POL004413,2026-04-20,34974.57,IN REVIEW
CLM0010330,POL003026,2026-06-26,53376.5,DENIED
CLM0008487,POL001736,2026-02-18,54161.53,CLOSED
CLM0006889,POL004449,2024-07-07,63791.14,OPEN
CLM0008493,POL001919,2024-08-03,1213.31,CLOSED
CLM0009160,POL004179,2025-03-21,56651.41,IN REVIEW
CLM0011958,POL001883,2024-11-08,57165.17,CLOSED
CLM0000368,POL003519,2025-08-11,46560.73,IN REVIEW
CLM0001791,POL004409,2026-06-19,66324.13,DENIED
CLM0004136,POL002907,2024-09-04,49407.22,DENIED
CLM0001777,POL004767,2025-12-17,21395.66,DENIED
CLM0008819,POL001712,2026-04-29,42828.55,DENIED
CLM0006447,POL000263,2026-06-16,50643.24,DENIED
CLM0009073,POL000440,2025-03-09,23364.8,IN REVIEW
CLM0008755,POL004325,2024-09-27,3851.3,IN REVIEW
CLM0008447,POL000590,2026-02-20,67345.28,OPEN
CLM0008168,POL003929,2026-04-09,65736.31,OPEN
CLM0000433,POL000187,2026-03-16,5184.99,DENIED
CLM0004113,POL003672,2025-12-22,4575.74,DENIED
CLM0001553,POL000038,2026-02-01,14213.63,CLOSED
CLM0005806,POL003242,2025-02-16,5657.92,OPEN
CLM0009675,POL001154,2024-11-29,63238.42,OPEN
CLM0009272,POL002236,2026-07-06,48460.28,OPEN
CLM0003234,POL001006,2026-07-07,72840.21,OPEN
CLM0000564,POL004643,2025-07-24,41968.96,DENIED
CLM0000735,POL004764,2026-13-45,52069.4,CLOSED
CLM0003816,POL002042,2025-08-14,7183.91,OPEN
CLM0002812,POL001867,2025-12-09,61135.78,IN REVIEW
CLM0000847,POL004279,2025-05-14,54049.37,OPEN
CLM0008535,POL001904,2026-01-01,32431.97,IN REVIEW
CLM0010983,POL004504,2025-07-21,1454.13,CLOSED
CLM0007485,POL000062,2024-06-30,41854.7,CLOSED
CLM0010053,POL000324,2024-09-24,43339.08,IN REVIEW
CLM0011716,POL004922,2025-08-12,39427.37,OPEN
CLM0009549,POL000563,2024-11-21,5503.32,OPEN
CLM0003705,POL002901,2025-03-31,637.82,OPEN
CLM0002423,POL001917,2026-07-21,41634.02,CLOSED
CLM0004847,POL002366,2024-07-04,68692.86,IN REVIEW
CLM0003072,POL004471,2026-03-23,75032.37,  IN REVIEW 
CLM0002137,POL003751,2025-01-28,15331.09,in review
CLM0007707,POL004980,2024-08-01,59666.54,OPEN
CLM0009234,POL001764,2025-07-15,60805.6,CLOSED
CLM0009550,POL004070,2025-04-18,42980.75,OPEN
CLM0008139,POL003625,2026-04-05,39642.94,DENIED
CLM0008627,POL001170,2024-10-07,38861.26,CLOSED
CLM0008404,POL000766,2024-12-16,60443.85,IN REVIEW
CLM0005330,POL001820,2026-03-06,8076.46,OPEN
CLM0009394,POL002311,2025-02-06,52301.74,DENIED
CLM0006583,POL002052,2024-08-24,47500.48,CLOSED
CLM0000412,POL002569,2024-10-31,16282.2,CLOSED
CLM0005977,POL003310,2024-12-27,57691.79,IN REVIEW
CLM0009618,POL002186,2024-07-01,67302.07,OPEN
CLM0004723,POL004118,2025-04-20,22257.68,CLOSED
CLM0010572,POL004360,2025-10-14,10308.36,DENIED
CLM0004462,POL003543,2025-02-10,16320.14,DENIED
CLM0009958,POL004523,2026-02-18,77828.35,DENIED
CLM0002180,POL004922,2026-04-23,69516.82,OPEN
CLM0009865,POL002691,2024-11-17,59054.97,IN REVIEW
CLM0006820,POL000812,2026-01-29,75946.39,CLOSED
CLM0008013,POL001693,2025-06-04,2763.41,DENIED
CLM0004005,POL002550,2024-11-28,65485.73,DENIED
CLM0003191,POL003776,2025-03-20,64989.56,CLOSED
CLM0000252,POL004251,2026-04-26,69732.89,IN REVIEW
CLM0000078,POL003067,2025-10-22,58192.85,CLOSED
CLM0003206,POL004195,2024-07-13,26277.77,OPEN
CLM0010410,POL004908,2026-05-22,63481.28,DENIED
CLM0005842,POL001510,2025-03-11,68215.85,IN REVIEW
CLM0001658,POL001867,2025-01-12,12001.4,IN REVIEW
CLM0004480,POL002303,2026-01-08,40892.41,OPEN
CLM0008575,POL002934,2024-12-11,18410.69,IN REVIEW
CLM0004451,POL003293,2026-01-08,39826.25,IN REVIEW
CLM0000504,POL001366,2025-04-12,68297.91,OPEN
CLM0001801,POL002564,2024-10-31,78627.25,CLOSED
CLM0001917,POL001845,2025-09-03,58805.44,DENIED
CLM0010373,POL004346,2026-01-27,40536.26,OPEN
CLM0006166,POL000976,2024-11-06,19581.23,OPEN
CLM0009471,POL004889,2026-03-13,68891.6,OPEN
CLM0009295,POL001236,2025-02-26,67404.51,CLOSED
CLM0004411,POL001286,2024-10-27,26286.64,DENIED
CLM0006085,POL000827,2025-01-18,73476.79,OPEN
CLM0004862,POL002259,2025-02-14,66488.73,OPEN
CLM0005621,POL004856,2024-09-16,74540.62,IN REVIEW
CLM0002997,POL000574,2026-07-14,37100.34,CLOSED
CLM0001785,POL000770,2024-06-01,17518.84,IN REVIEW
CLM0008405,POL003391,2025-04-28,28921.54,DENIED
CLM0001538,POL002459,2024-06-27,62166.1,IN REVIEW
CLM0002168,POL003518,2026-06-15,11212.9,DENIED
CLM0005206,POL004580,2026-03-02,28768.45,OPEN
CLM0001841,POL002520,2025-04-19,41786.69,OPEN
CLM0000486,POL001948,2025-10-10,49536.87,OPEN
CLM0000234,POL004695,2024-08-27,34993.35,CLOSED
CLM0009201,POL001270,2026-02-21,43395.93,CLOSED
CLM0005204,POL004441,2025-12-05,14900.93,OPEN
CLM0002591,POL002458,2025-09-05,44803.45,OPEN
CLM0002754,POL003753,2025-01-23,9999999.99,IN REVIEW
CLM0006892,POL002770,2025-07-08,46182.12,CLOSED
CLM0007152,POL004438,2025-12-18,32741.22,open
CLM0002331,POL003998,2025-11-23,33594.62,CLOSED
CLM0010656,POL003184,2025-03-28,67797.92,CLOSED
CLM0006320,POL003367,2025-11-29,60923.16,DENIED
CLM0011599,POL002320,2026-01-08,36290.93,  CLOSED 
CLM0006375,POL002764,2025-04-10,30673.48,DENIED
CLM0003433,POL002715,2025-03-15,30533.45,CLOSED
CLM0006019,POL001469,2025-08-20,65959.79,OPEN
CLM0008712,POL001124,2026-07-21,36897.77,DENIED
CLM0003294,POL003030,2025-01-10,40933.19,CLOSED
CLM0010125,POL004828,2026-06-25,5907.06,DENIED
CLM0006734,POL004010,2026-02-20,74838.16,CLOSED
CLM0010547,POL002805,2024-08-24,64496.12,DENIED
CLM0005055,POL000547,2026-04-29,22438.88,CLOSED
CLM0004246,POL000788,2025-10-01,73739.1,IN REVIEW
CLM0004687,POL004619,0000-00-00,29711.88,CLOSED
CLM0001143,POL002769,2025-12-11,5953.35,OPEN
CLM0009313,POL004309,N/A,69893.68,DENIED
CLM0009608,POL002478,2025-05-31,7005.14,CLOSED
CLM0001821,POL004764,2026-02-28,64544.21,OPEN
CLM0005217,POL004699,2024-10-24,65836.05,DENIED
CLM0002530,POL000435,2025-07-07,18037.22,CLOSED
CLM0001584,POL000730,2026-02-10,15297.99,DENIED
CLM0011849,POL002629,2024-12-08,62168.92,CLOSED
CLM0004737,POL004521,2025-11-30,74771.13,IN REVIEW
CLM0008676,POL001129,2024-07-26,24294.46,DENIED
CLM0000808,POL001983,2024-07-11,9645.17,CLOSED
CLM0007928,POL002268,2025-10-09,58666.3,CLOSED
CLM0001907,POL003520,2024-09-11,15639.9,OPEN
CLM0003983,POL001875,,70753.71,IN REVIEW
CLM0009481,POL004350,2025-08-21,45348.42,DENIED
CLM0010109,POL000026,2025-10-07,49835.57,DENIED
CLM0005491,POL000341,2024-07-30,47581.12,CLOSED
CLM0002493,POL002468,2024-06-30,77595.86,IN REVIEW
CLM0004591,POL004483,2025-05-04,24806.82,IN REVIEW
CLM0005968,POL001645,31/12/2025,7097.89,IN REVIEW
CLM0007898,POL001669,2024-07-11,55562.05,DENIED
CLM0004011,POL001906,2026-06-02,44117.26,OPEN
CLM0011122,POL002934,2026-05-17,46637.85,CLOSED
CLM0006716,POL002262,2026-06-25,68961.13,DENIED
CLM0001873,POL001280,2024-09-20,30514.86,IN REVIEW
CLM0003706,POL002537,2024-06-13,35915.43,OPEN
CLM0006534,POL003057,2026-01-28,13432.65,DENIED
CLM0000938,POL000650,2024-11-13,3124.91,CLOSED
CLM0001339,POL001551,2024-06-06,32364.81,CLOSED
CLM0003002,POL003395,2024-10-14,72038.63,CLOSED
CLM0010621,POL003581,2024-06-17,73499.47,IN REVIEW
CLM0002719,POL002925,2024-07-20,47177.61,OPEN
CLM0011832,POL001215,2025-12-30,10851.8,  IN REVIEW 
CLM0004641,POL001820,2024-12-25,21603.83,OPEN
CLM0006656,POL002369,2026-06-12,54730.4,  IN REVIEW 
CLM0004150,POL003416,2025-12-29,79086.91,CLOSED
CLM0001698,POL003973,2026-04-05,16088.05,IN REVIEW
CLM0009012,POL000579,2024-09-30,5193.67,DENIED
CLM0002497,POL001529,2024-10-13,74578.77,OPEN
CLM0004690,POL001402,2024-12-17,7927.68,OPEN
CLM0010242,POL000303,2025-05-01,17219.26,OPEN
CLM0003583,POL000458,0000-00-00,28677.96,DENIED
CLM0010939,POL004407,2025-12-07,9096.93,DENIED
CLM0008815,POL000957,2025-01-19,2573.81,in review
CLM0010577,POL004071,2026-02-02,1330.71,OPEN
CLM0011125,POL003536,2025-03-07,63851.8,OPEN
CLM0005300,POL004300,2026-01-10,31281.81,IN REVIEW
CLM0000324,POL000639,2026-01-29,37586.02,IN REVIEW
CLM0002164,POL003905,2024-11-22,17201.01,CLOSED
CLM0000435,POL004955,2025-12-30,63181.77,DENIED
CLM0009684,POL004920,2026-01-18,46550.12,CLOSED
CLM0000377,POL000784,2025-01-26,34630.35,OPEN
CLM0003009,POL002243,2026-03-28,10624.15,IN REVIEW
CLM0001654,POL002900,2025-03-06,42260.86,OPEN
CLM0000425,POL984949,2026-03-17,62568.06,DENIED
CLM0007098,POL004118,2025-07-21,25189.4,OPEN
CLM0000243,POL001118,2025-12-07,74715.75,IN REVIEW
CLM0002464,POL004180,2024-06-22,57006.73,IN REVIEW
CLM0004693,POL004654,2026-03-19,-38110.53,OPEN
CLM0003833,POL917525,2026-02-06,428.95,CLOSED
CLM0003189,POL001349,2026-07-02,50374.47,CLOSED
CLM0011083,POL000559,2025-04-04,62177.44,OPEN
CLM0009736,POL001783,2024-12-13,77912.89,IN REVIEW
CLM0010837,POL002090,2025-02-08,76142.61,OPEN
CLM0000191,POL001076,2025-08-07,67441.12,DENIED
CLM0007644,POL003824,2026-01-05,76870.55,IN REVIEW
CLM0003012,POL004706,2024-08-25,71092.13,IN REVIEW
CLM0002096,POL001534,2024-07-25,59065.65,DENIED
CLM0003473,POL002023,2025-07-26,51220.25,IN REVIEW
CLM0010142,POL000311,2024-11-03,4864.61,CLOSED
CLM0001068,POL002381,0000-00-00,70314.48,IN REVIEW
CLM0011845,POL003753,2025-05-25,2920.58,DENIED
CLM0011652,POL004053,2025-08-08,30123.51,IN REVIEW
CLM0007613,POL004794,2025-12-16,50215.62,DENIED
CLM0010051,POL000047,2025-01-23,59386.31,CLOSED
CLM0003400,POL003848,2024-12-02,74634.56,open
CLM0008434,POL001040,2024-10-05,12689.41,IN REVIEW
CLM0004663,POL004177,2026-01-17,75204.38,CLOSED
CLM0004424,POL002623,2026-01-30,2089.85,IN REVIEW
CLM0000876,POL003525,2026-07-06,75415.41,IN REVIEW
CLM0011617,POL001340,2024-10-26,46267.27,IN REVIEW
CLM0006153,POL000935,2025-12-10,67752.66,OPEN
CLM0009599,POL000908,2026-05-21,69388.27,IN REVIEW
CLM0001718,POL001576,2024-07-20,3176.76,DENIED
CLM0005057,POL003293,2025-03-02,65536.9,DENIED
CLM0003292,POL004967,2025-03-25,78259.62,IN REVIEW
CLM0005401,POL003863,2025-07-12,62967.12,OPEN
CLM0000431,POL004706,2024-11-11,63825.87,CLOSED
CLM0002869,POL004572,2026-02-12,9999999.99,OPEN
CLM0010662,POL002892,2024-11-25,74913.43,CLOSED
CLM0000976,POL004765,2026-06-16,8731.83,DENIED
CLM0008631,POL004171,2025-05-13,38139.8,IN REVIEW
CLM0004525,POL000583,2024-08-08,47703.41,OPEN
CLM0000985,POL001993,2026-01-26,78157.21,DENIED
CLM0011697,POL004487,2025-08-22,27268.94,DENIED
CLM0010584,POL001980,2025-07-26,68977.21,DENIED
CLM0005481,POL003575,2026-05-06,6002.69,IN REVIEW
CLM0011897,POL002774,2025-08-08,20977.35,IN REVIEW
CLM0009497,POL000111,2025-12-01,14498.35,IN REVIEW
CLM0009619,POL001448,2025-08-11,45262.21,OPEN
CLM0003015,POL001932,2024-09-26,21040.97,CLOSED
CLM0000624,POL000234,2024-11-19,23801.51,IN REVIEW
CLM0006911,POL000987,2024-07-01,43247.59,CLOSED
CLM0003485,POL001782,2025-03-27,45086.15,DENIED
CLM0007630,POL001311,2025-10-21,34070.9,OPEN
CLM0001200,POL004820,2026-01-01,21612.21,IN REVIEW
CLM0007635,POL001477,2025-09-11,56964.09,DENIED
CLM0001336,POL001595,2026-05-22,31150.06,DENIED
CLM0001373,POL001620,2025-12-14,1406.01,DENIED
CLM0008143,POL002347,2024-12-07,6265.43,OPEN
CLM0005094,POL003700,2026-06-02,25135.51,OPEN
CLM0008336,POL001806,2024-12-18,22041.12,IN REVIEW
CLM0000986,POL002759,2026-03-21,58117.12,IN REVIEW
CLM0001315,POL003989,2025-08-07,56001.06,OPEN
CLM0009893,POL001082,2025-01-15,25181.88,IN REVIEW
CLM0007146,POL000461,2026-03-07,18899.68,OPEN
CLM0006572,POL002419,2024-12-09,29613.58,DENIED
CLM0005881,POL000673,2024-06-08,61825.33,OPEN
CLM0008006,POL958521,2025-09-22,6647.74,OPEN
CLM0004340,POL004009,2025-09-28,51139.78,CLOSED
CLM0003236,POL004930,2026-01-21,61504.33,DENIED
CLM0008456,POL949227,2025-06-02,29427.5,DENIED
CLM0005788,POL001279,2024-11-25,25821.23,IN REVIEW
CLM0006338,POL001872,2026-04-17,77882.02,DENIED
CLM0000124,POL001688,2026-04-13,7544.62,CLOSED
CLM0000839,POL001061,2025-12-04,21396.33,OPEN
CLM0005653,POL002003,2024-08-28,60067.74,IN REVIEW
CLM0003340,POL001114,2025-06-21,39220.2,CLOSED
CLM0008530,POL002729,2025-10-31,62646.45,  IN REVIEW 
CLM0008726,POL001562,2025-04-26,75397.63,OPEN
CLM0008345,POL002500,2024-09-07,72479.06,CLOSED
CLM0008406,POL004900,2025-06-28,59514.07,DENIED
CLM0000318,POL001940,2024-11-02,19096.43,CLOSED
CLM0003807,POL004076,2025-01-21,6260.01,  CLOSED 
CLM0011993,POL002815,2024-12-10,57013.47,IN REVIEW
CLM0004351,POL003112,0000-00-00,60227.94,OPEN
CLM0001286,POL000444,2024-10-06,40979.28,IN REVIEW
CLM0010841,POL001484,2026-03-18,21307.42,OPEN
CLM0008189,POL000635,2026-01-18,48235.32,CLOSED
CLM0005386,POL000510,2025-10-27,4230.62,DENIED
CLM0005911,POL004548,2025-07-28,2886.0,DENIED
CLM0005723,POL000037,2026-05-25,12467.12,OPEN
CLM0009241,POL004340,2025-11-30,49798.52,CLOSED
CLM0000641,POL004315,2024-10-19,48307.27,DENIED
CLM0006012,POL001826,2024-06-02,71543.71,OPEN
CLM0008980,POL001565,2024-06-17,13705.58,CLOSED
CLM0006170,POL003542,2024-06-16,71096.55,denied
CLM0008730,POL001213,2026-05-30,62382.99,IN REVIEW
CLM0002865,POL004321,2024-08-22,13454.39,DENIED
CLM0006824,POL000344,2025-03-20,36011.09,DENIED
CLM0006188,POL001677,2025-10-02,23731.38,OPEN
CLM0011650,POL000097,2026-02-11,32353.8,IN REVIEW
CLM0002922,POL000722,2025-10-26,14077.18,OPEN
CLM0003359,POL001380,2025-07-13,59411.46,IN REVIEW
CLM0001531,POL000987,2026-01-27,13157.73,OPEN
CLM0010711,POL000433,2025-04-23,61003.7,OPEN
CLM0007109,POL002143,2025-05-22,78770.78,DENIED
CLM0004953,POL001767,2024-06-30,7632.45,OPEN
CLM0003790,POL002117,2026-02-21,8854.24,DENIED
CLM0001318,POL003645,2026-05-25,56245.79,IN REVIEW
CLM0008265,POL002933,2024-08-01,75961.22,OPEN
CLM0009881,POL002430,2024-09-29,12186.27,DENIED
CLM0001451,POL004999,2024-06-10,27539.4,IN REVIEW
CLM0004128,POL000016,2025-01-03,54011.15,CLOSED
CLM0010001,POL002146,2025-11-29,70295.97,OPEN
CLM0005944,POL000364,2024-07-16,13741.29,CLOSED
CLM0004675,POL004005,2024-08-07,60484.2,OPEN
CLM0003430,POL001035,2024-06-15,73890.28,DENIED
CLM0003199,POL002109,2025-01-12,56272.91,DENIED
CLM0000347,POL000699,2024-10-11,21658.49,IN REVIEW
CLM0008579,POL002390,2025-08-11,19128.42,CLOSED
CLM0000194,POL004116,2025-06-21,64964.85,IN REVIEW
CLM0007394,POL002392,2024-07-06,79111.94,DENIED
CLM0007303,POL002471,2025-12-27,53888.01,CLOSED
CLM0007744,POL004545,2025-07-24,61133.16,CLOSED
CLM0004748,POL001635,2024-08-16,-26594.83,IN REVIEW
CLM0004817,POL002138,2025-05-07,14548.97,OPEN
CLM0001192,POL003908,2026-01-31,63612.9,OPEN
CLM0011156,POL000712,2026-04-06,60717.89,IN REVIEW
CLM0001847,POL003188,2025-03-18,75537.24,DENIED
CLM0003804,POL002757,2025-06-11,10222.38,DENIED
CLM0006010,POL002647,2026-07-16,26948.9,OPEN
CLM0006679,POL000627,2025-08-28,71275.23,CLOSED
CLM0011589,POL001085,2025-02-12,54453.21,DENIED
CLM0003093,POL001530,2026-06-07,4296.03,IN REVIEW
CLM0001026,POL004522,2024-06-12,62016.98,DENIED
CLM0004714,POL000299,2024-11-12,1315.15,IN REVIEW
CLM0007451,POL004027,2024-12-18,38766.03,OPEN
CLM0001177,POL003623,2025-11-02,77833.39,IN REVIEW
CLM0008783,POL001299,2024-12-21,5732.9,IN REVIEW
CLM0009300,POL004224,2026-01-19,19875.22,CLOSED
CLM0007382,POL001486,2024-09-13,75676.64,DENIED
CLM0001376,POL002095,2025-04-23,25643.53,CLOSED
CLM0005514,POL000921,2024-06-12,8788.35,CLOSED
CLM0000666,POL004251,2026-03-02,19036.96,IN REVIEW
CLM0006565,POL001326,2025-05-15,3812.32,OPEN
CLM0001706,POL004396,2024-12-22,66632.56,OPEN
CLM0002893,POL001182,2025-12-25,34299.46,IN REVIEW
CLM0000978,POL002543,2025-10-13,3808.58,OPEN
CLM0011710,POL004550,2025-11-30,67612.34,OPEN
CLM0009146,POL001708,2026-02-11,22944.45,IN REVIEW
CLM0003288,POL004446,2025-11-24,2983.32,DENIED
CLM0001543,POL001739,2024-09-29,6084.99,IN REVIEW
CLM0001386,POL002465,2026-05-18,69361.61,CLOSED
CLM0009152,POL991521,2025-03-17,79159.31,OPEN
CLM0009801,POL003431,2024-10-29,32721.76,OPEN
CLM0000450,POL004122,2024-06-17,24183.82,DENIED
CLM0004430,POL003433,2026-03-06,17270.63,OPEN
CLM0005307,POL002236,2026-03-29,8237.15,IN REVIEW
CLM0000016,POL002742,2025-05-01,48118.28,CLOSED
CLM0010293,POL000706,2026-01-02,59762.45,DENIED
CLM0010776,POL002440,2026-05-08,59636.44,OPEN
CLM0008613,POL002471,2025-05-07,17616.96,OPEN
CLM0009071,POL002066,2024-11-26,74269.27,IN REVIEW
CLM0008470,POL003308,2024-10-23,11356.39,DENIED
CLM0010034,POL004161,2025-02-08,22444.31,IN REVIEW
CLM0005973,POL000321,2026-04-06,36166.57,DENIED
CLM0006499,POL002716,2024-12-08,70379.49,IN REVIEW
CLM0006111,POL004836,2025-06-21,76312.98,IN REVIEW
CLM0006917,POL000386,2025-02-27,75281.11,OPEN
CLM0011540,POL003465,2025-06-10,28502.77,CLOSED
CLM0011683,POL004811,2025-10-06,10822.19,IN REVIEW
CLM0001240,POL000264,2026-01-13,26000.51,IN REVIEW
CLM0011140,POL001540,2025-07-26,25108.52,DENIED
CLM0004947,POL000294,2025-02-03,40929.28,OPEN
CLM0009079,POL002402,2025-09-29,41984.94,OPEN
CLM0002879,POL000705,0000-00-00,50828.06,OPEN
CLM0009224,POL003125,2025-04-14,18525.89,OPEN
CLM0000485,POL000110,2024-10-14,36289.35,DENIED
CLM0003961,POL004093,2024-10-14,70616.2,OPEN
CLM0009779,POL004834,2026-13-45,39891.64,IN REVIEW
CLM0011489,POL003434,2026-01-04,6513.97,OPEN
CLM0003584,POL001257,2025-02-15,65393.0,  CLOSED 
CLM0007107,POL003183,2025-07-12,29024.74,OPEN
CLM0003586,POL001373,2025-01-08,41487.43,OPEN
CLM0010894,POL001084,2026-01-09,63370.53,OPEN
CLM0009219,POL002492,2024-11-20,56596.19,CLOSED
CLM0010977,POL001490,2024-11-21,23290.83,IN REVIEW
CLM0007042,POL002869,2025-03-16,75211.15,DENIED
CLM0007386,POL000543,2025-07-24,7125.67,CLOSED
CLM0004766,POL004351,2024-11-19,50429.39,DENIED
CLM0000759,POL003504,2025-01-22,18530.55,CLOSED
CLM0011668,POL956929,2025-10-11,10889.11,DENIED
CLM0003168,POL000912,2025-07-21,35614.6,IN REVIEW
CLM0008743,POL000958,2026-03-11,76585.75,IN REVIEW
CLM0002123,POL004902,2026-07-08,13414.1,OPEN
CLM0008770,POL000266,2024-06-25,72613.01,OPEN
CLM0002534,POL000655,2024-10-06,33357.51,IN REVIEW
CLM0004889,POL000011,2025-07-21,19235.01,OPEN
CLM0004520,POL000793,2025-03-03,75586.62,OPEN
CLM0006271,POL003696,2026-02-16,43292.76,closed
CLM0001236,POL001708,2024-09-26,26482.83,IN REVIEW
CLM0004015,POL001861,2025-08-29,57220.23,CLOSED
CLM0000971,POL002509,2026-01-30,135.41,IN REVIEW
CLM0011432,POL002380,2024-12-24,78683.97,DENIED
CLM0001263,POL000555,2026-03-30,61764.99,IN REVIEW
CLM0000468,POL004242,2024-06-30,68778.22,CLOSED
CLM0002870,POL001227,2025-07-29,76108.8,IN REVIEW
CLM0003859,POL001847,2024-09-15,79630.36,OPEN
CLM0001988,POL002216,2024-09-08,20358.99,IN REVIEW
CLM0005161,POL000829,2024-11-14,75570.17,CLOSED
CLM0011581,POL001864,2025-02-11,51731.94,IN REVIEW
CLM0005182,POL001889,2026-04-05,25523.96,DENIED
CLM0008549,POL000170,2025-01-10,41755.19,OPEN
CLM0010294,POL001551,2026-06-18,35292.95,CLOSED
CLM0004689,POL004447,2024-06-07,25533.03,OPEN
CLM0007614,POL002230,2025-06-10,73883.05,DENIED
CLM0005188,POL002270,2026-06-17,66514.13,DENIED
CLM0010519,POL001903,2024-09-03,4025.56,OPEN
CLM0009950,POL002200,2026-07-13,49449.85,DENIED
CLM0000209,POL003210,2024-06-12,77119.61,DENIED
CLM0006109,POL004407,2024-06-01,47781.05,DENIED
CLM0005618,POL002370,2024-11-04,41489.91,CLOSED
CLM0003233,POL003401,2025-12-05,36707.79,OPEN
CLM0000569,POL000958,2026-03-26,28554.24,CLOSED
CLM0003793,POL002872,2024-08-27,5417.62,DENIED
CLM0008359,POL003028,2025-04-08,46657.06,OPEN
CLM0009158,POL004147,2025-01-18,23690.09,DENIED
CLM0010692,POL001851,2025-04-20,49798.72,CLOSED
CLM0004588,POL000439,2025-08-02,65198.59,IN REVIEW
CLM0003524,POL003310,2024-12-15,30624.64,DENIED
CLM0004208,POL002246,2024-09-13,48554.41,DENIED
CLM0008232,POL002373,2025-06-06,51207.18,CLOSED
CLM0005203,POL002810,2026-04-12,71662.43,OPEN
CLM0006945,POL003894,2025-01-05,57622.69,CLOSED
CLM0004996,POL001988,0000-00-00,16192.72,DENIED
CLM0000273,POL003852,2025-05-13,14445.26,OPEN
CLM0009876,POL004405,2024-07-12,6814.13,DENIED
CLM0001152,POL001656,2025-01-28,68040.53,CLOSED
CLM0010235,POL004705,2026-04-01,78662.62,IN REVIEW
CLM0007800,POL000682,2024-06-25,28984.46,IN REVIEW
CLM0011092,POL003906,2025-01-31,32601.69,  DENIED 
CLM0003437,POL001319,2024-06-27,402.82,OPEN
CLM0011946,POL000295,2026-04-08,34945.3,IN REVIEW
CLM0008392,POL001054,2024-11-08,28243.04,CLOSED
CLM0006648,POL002264,2025-11-12,58275.88,CLOSED
CLM0003753,POL002548,2025-11-06,63846.48,CLOSED
CLM0000767,POL003305,2024-07-24,28453.73,CLOSED
CLM0002898,POL003051,2025-09-14,39014.93,DENIED
CLM0008883,POL000706,2026-06-19,39130.72,IN REVIEW
CLM0003932,POL002848,2025-12-13,60344.09,IN REVIEW
CLM0011591,POL003484,2024-12-22,78783.02,IN REVIEW
CLM0008924,POL003323,2024-08-08,53797.26,DENIED
CLM0011725,POL004223,2025-02-22,52400.5,IN REVIEW
CLM0002383,POL001821,2026-05-10,31975.17,OPEN
CLM0009570,POL002387,2025-02-23,71498.25,  DENIED 
CLM0008559,POL002237,2024-06-22,64250.69,CLOSED
CLM0009916,POL001035,2024-08-29,4349.26,CLOSED
CLM0009563,POL003786,2025-03-15,33045.75,OPEN
CLM0006159,POL001792,2024-11-20,9460.51,CLOSED
CLM0003979,POL000287,2024-12-09,27428.4,OPEN
CLM0010770,POL004795,2026-02-23,77655.04,IN REVIEW
CLM0011359,POL000275,2025-11-08,59965.68,CLOSED
CLM0002488,POL004706,2026-06-07,4022.48,CLOSED
CLM0006086,POL001346,2025-12-25,47259.03,OPEN
CLM0008658,POL001295,2025-10-18,641.04,IN REVIEW
CLM0001198,POL001286,0000-00-00,37025.05,open
CLM0004508,POL001073,2025-01-04,25606.61,OPEN
CLM0002173,POL002292,2025-08-27,53451.36,OPEN
CLM0005810,POL004479,2025-05-06,52367.4,CLOSED
CLM0011558,POL004187,2025-07-19,10560.4,IN REVIEW
CLM0002374,POL004949,2025-05-03,24935.57,OPEN
CLM0008688,POL003684,2025-08-25,63741.48,DENIED
CLM0010658,POL004946,2024-09-09,41943.56,OPEN
CLM0007439,POL002422,2024-06-05,19285.21,IN REVIEW
CLM0008796,POL002724,2024-11-09,17872.61,DENIED
CLM0008526,POL004179,2025-09-01,9129.41,DENIED
CLM0006805,POL002216,2024-11-04,31385.84,DENIED
CLM0010258,POL004427,2025-01-02,21016.7,CLOSED
CLM0006878,POL003996,2025-03-26,66513.68,CLOSED
CLM0006056,POL003256,2025-03-11,74410.52,CLOSED
CLM0000452,POL001206,2026-05-19,19386.52,in review
CLM0006368,POL904678,2025-10-26,32390.58,CLOSED
CLM0009875,POL003180,2026-01-04,64836.13,IN REVIEW
CLM0000968,POL004496,2024-09-22,54355.05,DENIED
CLM0011129,POL001310,2024-07-14,58348.67,open
CLM0002527,POL002575,2025-03-25,10873.22,IN REVIEW
CLM0007873,POL002105,2026-03-09,13768.35,CLOSED
CLM0000323,POL000823,2024-12-13,14353.68,CLOSED
CLM0001802,POL001069,2024-08-03,53854.6,in review
CLM0008927,POL000302,2024-08-02,7192.91,DENIED
CLM0000931,POL964805,2025-01-16,73485.62,IN REVIEW
CLM0010276,POL000839,2026-07-20,13808.96,OPEN
CLM0004752,POL003742,2025-01-14,78995.58,OPEN
CLM0011195,POL002661,2026-06-26,59298.21,IN REVIEW
CLM0008290,POL003745,2024-06-29,3069.38,CLOSED
CLM0007662,POL000848,2026-05-26,42527.15,  CLOSED 
CLM0010944,POL002704,2025-04-19,75704.73,CLOSED
CLM0009806,POL002534,2025-10-05,4037.98,IN REVIEW
CLM0002321,POL004453,2025-10-07,3454.87,IN REVIEW
CLM0005488,POL000230,2024-10-04,67855.45,CLOSED
CLM0006588,POL001795,2025-09-13,76238.77,IN REVIEW
CLM0001324,POL001149,2025-03-04,37404.2,IN REVIEW
CLM0002413,POL000613,2025-12-11,19555.86,IN REVIEW
CLM0001411,POL003039,2025-04-10,68476.62,OPEN
CLM0004993,POL003620,2025-06-25,54009.54,DENIED
CLM0010277,POL003306,2025-07-28,53592.73,DENIED
CLM0006653,POL004116,2024-12-09,62318.72,OPEN
CLM0000297,POL000953,2025-08-03,13316.63,IN REVIEW
CLM0004220,POL004812,2026-05-05,66858.05,CLOSED
CLM0011303,POL002032,2024-11-10,69093.32,IN REVIEW
CLM0001461,POL000235,2026-06-02,61745.98,CLOSED
CLM0009040,POL004115,2024-07-29,57917.27,IN REVIEW
CLM0000762,POL004457,2025-09-24,9999999.99,DENIED
CLM0007785,POL000355,2024-06-27,19937.82,OPEN
CLM0006825,POL003573,2025-04-08,78197.7,DENIED
CLM0002410,POL003606,2024-08-28,34111.67,OPEN
CLM0000158,POL003186,2024-08-28,77106.71,IN REVIEW
CLM0011492,POL004285,2026-02-10,59679.11,OPEN
CLM0003135,POL002140,2024-09-01,3696.38,DENIED
CLM0004743,POL001093,2025-02-08,49052.6,IN REVIEW
CLM0001034,POL003266,2025-01-21,4937.24,IN REVIEW
CLM0006409,POL004712,2024-06-01,20332.58,OPEN
CLM0006652,POL002488,2026-06-21,42947.05,IN REVIEW
CLM0006850,POL000262,2024-11-14,78575.42,DENIED
CLM0008158,POL001360,2024-08-23,63446.73,OPEN
CLM0003481,POL000035,2025-09-29,41801.52,IN REVIEW
CLM0002461,POL000571,2025-04-27,65086.61,OPEN
CLM0005608,POL003829,2025-07-01,65627.92,OPEN
CLM0007342,POL002485,2025-12-27,79610.17,DENIED
CLM0008859,POL003003,2024-07-08,55977.29,OPEN
CLM0003148,POL004338,2025-02-06,24726.41,DENIED
CLM0010451,POL000129,2024-11-10,46018.6,OPEN
CLM0003653,POL000917,2024-11-12,49451.29,OPEN
CLM0007063,POL001225,2025-05-30,66445.56,CLOSED
CLM0002603,POL003827,2026-05-29,4434.64,DENIED
CLM0011918,POL003326,2026-04-22,18034.02,IN REVIEW
CLM0003192,POL004145,2025-05-11,1338.9,OPEN
CLM0007026,POL003247,2024-10-11,33335.62,CLOSED
CLM0011784,POL003681,2026-05-06,5864.47,CLOSED
CLM0005868,POL000716,2024-06-10,3642.74,IN REVIEW
CLM0006442,POL002668,2025-09-20,40631.41,IN REVIEW
CLM0002680,POL002291,2026-06-28,77477.54,IN REVIEW
CLM0011040,POL000019,2025-06-13,1991.47,OPEN
CLM0008509,POL002971,2024-12-13,11210.45,DENIED
CLM0004039,POL003247,2025-04-10,37914.02,OPEN
CLM0003868,POL002206,2024-07-17,6179.51,OPEN
CLM0011085,POL001779,2025-10-28,46063.57,DENIED
CLM0003618,POL004758,2026-05-21,27333.99,DENIED
CLM0009616,POL000375,2025-01-07,62393.55,IN REVIEW
CLM0002459,POL000499,2024-07-03,65624.22,CLOSED
CLM0011929,POL003328,2026-01-06,4996.41,DENIED
CLM0002871,POL000293,2024-07-05,50816.72,IN REVIEW
CLM0010477,POL001412,2026-03-26,52786.67,IN REVIEW
CLM0011871,POL001933,2025-08-16,73969.21,IN REVIEW
CLM0007505,POL002026,2026-07-05,48855.75,DENIED
CLM0004573,POL001064,2026-04-10,78249.29,CLOSED
CLM0009183,POL957598,2025-10-09,35489.97,OPEN
CLM0000140,POL000452,2024-11-18,28779.65,CLOSED
CLM0006243,POL000162,2026-05-13,30912.9,DENIED
CLM0007628,POL001649,2025-12-02,69273.5,IN REVIEW
CLM0008281,POL000579,2026-04-22,64451.97,DENIED
CLM0002153,POL003121,2026-05-06,68349.74,IN REVIEW
CLM0011079,POL000194,2025-12-27,62737.82,DENIED
CLM0005141,POL002416,2025-02-25,23619.04,DENIED
CLM0002267,POL001280,2024-08-03,24907.0,IN REVIEW
CLM0010860,POL003888,2024-10-07,71888.63,DENIED
CLM0001868,POL000029,2025-05-06,56672.03,OPEN
CLM0008934,POL003680,2025-04-29,76961.49,CLOSED
CLM0007399,POL002258,2024-06-04,14391.13,DENIED
CLM0000264,POL003414,2024-06-23,73319.18,DENIED
CLM0009933,POL001662,2024-10-21,50171.5,OPEN
CLM0011957,POL004032,2024-11-22,16243.28,CLOSED
CLM0009193,POL000780,2025-09-29,34895.37,OPEN
CLM0001285,POL002000,2026-05-15,39462.51,DENIED
CLM0004064,POL004416,2024-10-29,57477.7,DENIED
CLM0000002,POL001996,2026-02-07,43331.87,DENIED
CLM0010663,POL000987,2024-09-03,60507.13,IN REVIEW
CLM0000982,POL001097,2025-12-24,79978.82,OPEN
CLM0000282,POL002707,2025-09-04,68711.2,IN REVIEW
CLM0003637,POL003720,2024-08-20,27347.93,DENIED
CLM0011368,POL002734,2024-08-01,59188.31,CLOSED
CLM0011471,POL004842,2024-09-10,55610.03,DENIED
CLM0002704,POL002030,2026-06-07,78820.97,OPEN
CLM0010886,POL002042,2025-08-04,70090.49,IN REVIEW
CLM0011553,POL003927,2024-07-23,36129.55,IN REVIEW
CLM0003656,POL002487,2026-01-22,18035.24,OPEN
CLM0006657,POL000205,2024-09-03,24907.47,DENIED
CLM0001482,POL002586,2026-06-06,76808.82,DENIED
CLM0010126,POL003735,2025-08-07,57998.68,CLOSED
CLM0003020,POL001069,2025-04-07,21718.21,denied
CLM0008146,POL004445,2025-11-30,79330.44,IN REVIEW
CLM0010510,POL002160,2026-01-14,68587.64,IN REVIEW
CLM0007306,POL001847,2025-04-10,17602.14,  DENIED 
CLM0010569,POL000706,2026-02-16,60591.83,OPEN
CLM0003162,POL000114,2025-08-21,49273.83,OPEN
CLM0004475,POL003953,2026-03-28,26612.62,OPEN
CLM0001992,POL002901,2024-08-01,55489.36,IN REVIEW
CLM0009159,POL001796,2026-03-04,5919.3,DENIED
CLM0001639,POL001904,2024-07-17,58059.17,DENIED
CLM0003038,POL001905,2024-07-31,41603.03,OPEN
CLM0001231,POL003648,2025-06-13,13328.47,DENIED
CLM0001479,POL004368,2024-10-26,47126.5,DENIED
CLM0009946,POL001387,2025-10-21,47224.84,CLOSED
CLM0000660,POL000628,2025-08-05,48505.66,IN REVIEW
CLM0004057,POL001024,2026-07-02,-73023.66,OPEN
CLM0008907,POL004745,2026-06-10,54590.3,DENIED
CLM0007495,POL004227,2024-06-05,64213.88,DENIED
CLM0011423,POL003033,2026-07-11,65705.17,DENIED
CLM0004879,POL000341,2024-06-20,23220.0,CLOSED
CLM0004028,POL004080,2025-06-20,44167.09,DENIED
CLM0000019,POL000481,2024-07-31,63405.05,OPEN
CLM0011240,POL002667,2024-09-04,69557.25,DENIED
CLM0003452,POL002877,2025-09-04,71275.07,DENIED
CLM0008673,POL004198,2026-02-12,22710.9,CLOSED
CLM0008539,POL004251,2024-07-26,57488.2,OPEN
CLM0007524,POL003908,2026-13-45,68883.69,IN REVIEW
CLM0009502,POL003340,2026-01-18,74985.17,CLOSED
CLM0009028,POL000252,2026-06-01,75301.58,IN REVIEW
CLM0011148,POL001858,2026-07-06,56896.76,IN REVIEW
CLM0004826,POL002880,2024-10-24,39879.43,DENIED
CLM0000815,POL002376,2025-10-27,77202.77,IN REVIEW
CLM0010016,POL000969,2025-08-22,73088.74,OPEN
CLM0000842,POL004020,2025-10-17,17116.12,CLOSED
CLM0011874,POL004318,2025-01-21,56338.64,CLOSED
CLM0011973,POL001551,2024-11-22,41281.66,DENIED
CLM0007934,POL000482,2026-03-13,73700.33,CLOSED
CLM0009885,POL000117,2025-11-13,22128.94,closed
CLM0009410,POL000088,2026-04-28,77428.21,DENIED
CLM0009413,POL004643,2024-11-06,6725.56,OPEN
CLM0011427,POL001498,2025-02-12,76996.27,OPEN
CLM0007339,POL001036,2025-05-02,50338.42,IN REVIEW
CLM0006124,POL002941,2025-07-03,43083.41,IN REVIEW
CLM0011654,POL003252,2026-05-15,71099.04,IN REVIEW
CLM0002920,POL000062,2025-07-19,75632.9,CLOSED
CLM0006746,POL004704,2025-07-22,10543.28,DENIED
CLM0004381,POL002664,2025-11-19,47176.02,DENIED
CLM0007618,POL004329,2025-06-29,6022.35,IN REVIEW
CLM0005366,POL000962,2025-08-03,35182.13,DENIED
CLM0009154,POL001413,2025-07-08,46988.92,IN REVIEW
CLM0004129,POL002683,2024-07-24,10758.35,DENIED
CLM0008042,POL002806,2025-10-22,250.72,OPEN
CLM0008950,POL002314,2025-09-04,52155.61,open
CLM0005870,POL003925,2025-12-10,10351.93,CLOSED
CLM0006901,POL001825,2025-10-29,3737.62,OPEN
CLM0010842,POL002815,2025-02-26,72336.21,DENIED
CLM0008463,POL004538,2025-04-09,76536.75,CLOSED
CLM0004306,POL000172,2024-11-10,55185.38,IN REVIEW
CLM0007434,POL001320,2025-09-18,38848.52,CLOSED
CLM0011228,POL002671,2026-03-21,43213.83,DENIED
CLM0006175,POL001565,2024-12-28,53162.41,CLOSED
CLM0003158,POL000204,2026-01-14,1978.28,DENIED
CLM0004957,POL003007,2025-11-20,415.6,DENIED
CLM0001135,POL004837,2025-01-03,26618.93,IN REVIEW
CLM0002501,POL002025,2026-06-28,45578.16,IN REVIEW
CLM0004757,POL004665,2024-09-29,33265.18,CLOSED
CLM0007542,POL001693,2024-12-23,5636.89,CLOSED
CLM0008780,POL000973,2026-06-25,207.64,IN REVIEW
CLM0004066,POL000104,2026-04-28,34595.11,CLOSED
CLM0008266,POL004716,2025-02-01,19764.55,CLOSED
CLM0003641,POL002513,2025-06-11,32826.41,IN REVIEW
CLM0003314,POL002517,N/A,21789.75,CLOSED
CLM0005279,POL004744,2024-11-22,9999999.99,CLOSED
CLM0003193,POL003827,2024-09-02,56532.44,IN REVIEW
CLM0003363,POL004633,2026-07-17,14960.14,DENIED
CLM0002718,POL002379,2026-05-08,39578.12,IN REVIEW
CLM0000635,POL003211,2025-05-09,11782.59,IN REVIEW
CLM0011763,POL000949,2026-01-20,30808.81,OPEN
CLM0006257,POL002531,2026-01-28,46860.67,OPEN
CLM0004765,POL002541,2024-08-27,47065.51,CLOSED
CLM0005998,POL003985,2025-01-25,44024.62,DENIED
CLM0003757,POL003504,2024-06-26,65427.59,OPEN
CLM0008163,POL000214,2025-10-04,10052.62,OPEN
CLM0003821,POL001215,2025-05-23,49569.8,IN REVIEW
CLM0004999,POL004005,2025-12-07,26277.62,IN REVIEW
CLM0008871,POL004403,2024-12-01,10097.57,denied
CLM0007704,POL003508,2026-02-10,56176.75,OPEN
CLM0006328,POL000528,2026-04-12,46894.41,CLOSED
CLM0008563,POL003870,2025-04-27,22971.01,OPEN
CLM0000062,POL001133,2025-08-30,20700.02,DENIED
CLM0009340,POL000490,2025-10-10,24103.97,OPEN
CLM0009357,POL001816,2024-09-09,60809.48,DENIED
CLM0008853,POL002670,2026-05-30,65399.06,CLOSED
CLM0003016,POL004611,2026-03-10,10857.24,CLOSED
CLM0005751,POL004679,2025-01-13,28142.82,in review
CLM0001191,POL000420,2024-08-27,381.75,IN REVIEW
CLM0000363,POL003496,2025-08-24,32662.03,DENIED
CLM0003450,POL004958,2026-07-21,50602.32,IN REVIEW
CLM0003926,POL003117,2026-04-09,10469.02,CLOSED
CLM0005667,POL004903,2024-12-10,8387.46,CLOSED
CLM0010636,POL001559,2026-04-01,3642.06,DENIED
CLM0000503,POL004158,2025-06-18,53620.27,IN REVIEW
CLM0002283,POL001188,2026-13-45,12958.27,DENIED
CLM0002078,POL000472,2025-05-13,53712.77,IN REVIEW
CLM0009519,POL002394,2024-08-01,23197.03,IN REVIEW
CLM0001949,POL003777,2025-01-12,74826.61,DENIED
CLM0007348,POL003704,2026-06-19,79783.88,OPEN
CLM0006171,POL001095,2026-02-01,14515.29,IN REVIEW
CLM0009498,POL004756,2025-08-26,76793.42,IN REVIEW
CLM0006082,POL003852,2025-04-09,51223.73,CLOSED
CLM0000533,POL000014,2026-07-04,50563.37,OPEN
CLM0002221,POL004523,2025-12-14,15043.67,DENIED
CLM0007651,POL001879,2025-10-23,53042.87,DENIED
CLM0003612,POL004110,2024-09-24,77419.83,CLOSED
CLM0011347,POL003405,2025-01-27,28038.2,IN REVIEW
CLM0005657,POL001426,2025-08-14,555.73,IN REVIEW
CLM0000131,POL002292,2025-06-16,77315.45,OPEN
CLM0008752,POL002460,2026-01-04,2779.5,OPEN
CLM0001074,POL004713,2025-10-18,42124.39,IN REVIEW
CLM0004834,POL001370,2024-10-03,15278.74,DENIED
CLM0001846,POL002408,2026-06-08,16843.6,CLOSED
CLM0000366,POL002993,,53291.92,CLOSED
CLM0000634,POL001949,2025-05-25,22609.19,CLOSED
CLM0000448,POL002876,2025-02-25,6640.32,DENIED
CLM0011627,POL004327,2024-11-16,13101.11,IN REVIEW
CLM0010814,POL001406,2025-01-31,63746.77,OPEN
CLM0009829,POL004988,2024-07-18,9999999.99,  IN REVIEW 
CLM0001625,POL004725,2024-11-28,36150.54,OPEN
CLM0002897,POL003073,2026-05-26,12086.54,OPEN
CLM0000257,POL004813,2024-11-19,67685.23,  OPEN 
CLM0001566,POL004829,2025-02-02,7666.56,OPEN
CLM0002642,POL002341,2025-04-23,43800.44,  OPEN 
CLM0007141,POL001824,2025-11-12,7736.94,DENIED
CLM0007579,POL002400,2026-01-10,20841.05,OPEN
CLM0011747,POL002132,2025-11-26,20227.9,OPEN
CLM0003985,POL002916,2026-06-03,33297.44,IN REVIEW
CLM0000060,POL004674,2024-12-02,56557.75,OPEN
CLM0006726,POL000047,2024-06-13,45761.99,closed
CLM0000479,POL002753,2024-07-11,7385.77,DENIED
CLM0003727,POL003789,2026-07-16,7014.58,OPEN
CLM0001562,POL004184,2024-08-25,64299.55,OPEN
CLM0002846,POL004150,2025-11-22,73775.81,CLOSED
CLM0011463,POL001075,2025-11-01,38653.06,  OPEN 
CLM0002098,POL001073,2026-03-16,57138.02,OPEN
CLM0002921,POL000308,2026-03-24,39549.06,CLOSED
CLM0009096,POL000375,2026-04-18,3400.78,CLOSED
CLM0010459,POL004033,2026-05-06,38703.09,CLOSED
CLM0001814,POL000281,2024-06-04,56707.04,IN REVIEW
CLM0004098,POL001227,2026-03-05,75201.41,OPEN
CLM0011266,POL001959,2024-06-29,30277.52,CLOSED
CLM0000142,POL000128,2025-12-02,69172.62,DENIED
CLM0009468,POL004391,2025-12-06,36137.33,CLOSED
CLM0004421,POL000635,2025-01-05,21870.28,OPEN
CLM0010453,POL003663,2025-02-25,74981.47,IN REVIEW
CLM0002272,POL002987,2026-05-22,54774.79,DENIED
CLM0000305,POL001779,2026-04-21,63553.08,DENIED
CLM0011430,POL002419,2025-07-22,42006.97,CLOSED
CLM0004965,POL004568,2026-02-05,68192.2,OPEN
CLM0003202,POL004889,2025-03-29,36106.04,IN REVIEW
CLM0007643,POL003366,2025-04-05,23684.33,DENIED
CLM0003700,POL000214,2026-03-26,9961.49,CLOSED
CLM0006089,POL001764,2025-11-23,13412.62,OPEN
CLM0005391,POL002284,2025-04-18,36765.43,OPEN
CLM0007670,POL000101,2025-05-25,72739.34,OPEN
CLM0002907,POL000017,2025-12-04,34747.2,IN REVIEW
CLM0011030,POL002738,2025-04-07,35047.89,OPEN
CLM0002561,POL000603,2026-05-02,23829.85,DENIED
CLM0008050,POL003934,2026-04-27,76839.02,closed
CLM0003445,POL004882,2026-01-28,54406.58,IN REVIEW
CLM0010526,POL004202,2024-11-08,45928.56,CLOSED
CLM0000027,POL000727,2026-06-30,1108.63,DENIED
CLM0000540,POL004297,2026-07-17,77058.17,IN REVIEW
CLM0007432,POL002308,2025-09-16,36849.42,CLOSED
CLM0010990,POL002059,2024-07-28,72997.34,DENIED
CLM0003463,POL002972,2025-02-18,51401.34,CLOSED
CLM0011223,POL004789,2025-11-09,20841.61,CLOSED
CLM0011318,POL003185,2026-03-03,18331.66,IN REVIEW
CLM0005483,POL000732,2026-03-31,72341.37,CLOSED
CLM0004686,POL002294,2025-06-30,17169.24,CLOSED
CLM0005423,POL002942,2026-05-25,32277.02,OPEN
CLM0010881,POL004504,2026-03-14,41350.7,  DENIED 
CLM0007893,POL004278,2024-11-14,17727.4,closed
CLM0004042,POL002077,2025-08-25,32126.34,OPEN
CLM0001599,POL000881,2025-07-20,72835.99,  CLOSED 
CLM0004579,POL004038,2024-11-20,57507.18,DENIED
CLM0001641,POL004082,2025-08-24,67982.92,IN REVIEW
CLM0004921,POL001459,2026-01-08,71709.02,CLOSED
CLM0005716,POL000191,2026-06-10,58134.96,CLOSED
CLM0009207,POL000312,2025-03-23,72199.3,OPEN
CLM0008553,POL004462,2025-09-23,56928.93,CLOSED
CLM0007184,POL004767,2025-12-09,64731.62,DENIED
CLM0002650,POL002547,2026-03-26,44231.65,OPEN
CLM0001998,POL003596,2026-01-07,40948.83,OPEN
CLM0003050,POL001765,2026-05-24,74062.16,IN REVIEW
CLM0008469,POL002340,2024-08-18,12759.26,DENIED
CLM0005112,POL003444,2025-01-14,35409.57,CLOSED
CLM0011529,POL002912,2026-01-04,33494.3,DENIED
CLM0004842,POL001008,2025-05-04,45268.21,IN REVIEW
CLM0006659,POL002755,2025-10-02,34659.83,DENIED
CLM0001996,POL000537,2024-07-22,52880.24,OPEN
CLM0003712,POL001405,2024-08-23,15294.77,DENIED
CLM0010603,POL001745,2024-11-13,21253.8,DENIED
CLM0004741,POL947871,2025-12-05,33379.85,DENIED
CLM0006279,POL001166,2025-12-31,63156.0,CLOSED
CLM0006753,POL002701,2025-11-26,58114.08,CLOSED
CLM0001647,POL001973,2024-08-22,40227.07,DENIED
CLM0002395,POL001245,2026-04-23,61057.27,OPEN
CLM0003251,POL000483,2026-02-12,5727.72,CLOSED
CLM0008058,POL002273,2024-11-19,78266.48,IN REVIEW
CLM0004455,POL004665,2024-09-01,27262.33,IN REVIEW
CLM0008862,POL002113,2025-09-23,35144.06,in review
CLM0000251,POL002337,2025-03-16,43880.67,CLOSED
CLM0010920,POL001230,2025-04-30,10306.94,CLOSED
CLM0003858,POL001401,2024-07-18,17462.23,DENIED
CLM0000941,POL000741,2025-11-11,54217.83,CLOSED
CLM0003933,POL003568,2024-12-02,16559.19,CLOSED
CLM0009150,POL004627,2025-10-24,57283.39,IN REVIEW
CLM0003628,POL001667,2026-02-22,15858.33,DENIED
CLM0000717,POL003923,2024-06-22,77799.44,CLOSED
CLM0010847,POL002875,2025-01-14,47121.61,DENIED
CLM0011002,POL002056,2024-06-29,47183.52,OPEN
CLM0003846,POL001357,2026-05-04,9576.29,OPEN
CLM0002026,POL001443,2025-04-03,22952.58,CLOSED
CLM0011657,POL004887,2026-05-06,66927.54,IN REVIEW
CLM0001582,POL001546,2026-02-21,22415.97,OPEN
CLM0011996,POL000119,2024-10-26,1243.71,OPEN
CLM0005290,POL000296,2025-03-22,54358.89,IN REVIEW
CLM0007612,POL002966,2026-01-20,32538.87,CLOSED
CLM0008227,POL001207,2026-05-03,34925.84,DENIED
CLM0003679,POL002346,2025-01-04,3799.84,IN REVIEW
CLM0002247,POL003854,2025-05-24,12887.47,OPEN
CLM0002864,POL000543,2025-07-02,9060.05,DENIED
CLM0006670,POL003695,2025-09-10,28268.59,IN REVIEW
CLM0001418,POL001042,2026-01-18,65433.23,IN REVIEW
CLM0001920,POL003420,2025-01-13,24001.51,CLOSED
CLM0001711,POL000329,2025-09-28,14720.24,DENIED
CLM0009626,POL004857,2024-08-21,19244.25,CLOSED
CLM0008685,POL002825,2025-09-28,27375.45,OPEN
CLM0011150,POL001596,2024-11-22,49907.37,OPEN
CLM0000268,POL004624,2025-12-06,74507.13,DENIED
CLM0011391,POL000114,2025-04-03,0,OPEN
CLM0010004,POL004738,2025-10-08,37909.42,IN REVIEW
CLM0007857,POL002444,2024-12-03,57849.9,DENIED
CLM0004665,POL001705,2024-11-22,77335.48,IN REVIEW
CLM0002950,POL002626,2025-02-17,45145.7,DENIED
CLM0007753,POL002101,2026-01-24,9186.45,DENIED
CLM0009225,POL002579,2025-07-05,807.76,CLOSED
CLM0011215,POL003627,2024-07-23,33589.19,OPEN
CLM0009388,POL002721,2025-03-08,37858.1,DENIED
CLM0010473,POL003348,2026-06-10,24196.45,OPEN
CLM0010804,POL003772,,73920.85,closed
CLM0009794,POL004911,2024-08-05,63955.05,OPEN
CLM0009856,POL000489,2025-07-04,16575.73,IN REVIEW
CLM0002278,POL000438,2025-09-30,44046.01,CLOSED
CLM0000134,POL003186,2024-06-07,24525.08,DENIED
CLM0008408,POL004045,2026-03-16,28220.94,IN REVIEW
CLM0000649,POL001442,2025-03-18,16943.22,CLOSED
CLM0000621,POL004556,2024-06-22,53894.22,IN REVIEW
CLM0011811,POL001350,2024-09-18,14897.62,IN REVIEW
CLM0010862,POL004977,2026-06-30,66036.11,CLOSED
CLM0001787,POL002798,2025-11-06,67326.47,IN REVIEW
CLM0004422,POL003032,2026-06-28,8163.62,IN REVIEW
CLM0006997,POL003446,2024-12-22,46052.86,DENIED
CLM0004030,POL000971,2025-10-24,6951.58,DENIED
CLM0001545,POL003784,2025-09-10,77346.1,OPEN
CLM0001746,POL004987,2024-06-19,31465.23,OPEN
CLM0007147,POL003031,2025-07-20,52257.76,OPEN
CLM0001466,POL003173,2025-08-29,39683.08,OPEN
CLM0011163,POL001315,2024-11-30,62837.27,DENIED
CLM0006172,POL004999,2024-09-17,76627.6,IN REVIEW
CLM0010082,POL002796,2026-06-26,54787.04,CLOSED
CLM0010919,POL003207,2026-06-14,42721.23,CLOSED
CLM0011309,POL001433,2025-07-21,37432.61,DENIED
CLM0004025,POL002031,2024-12-02,45856.51,CLOSED
CLM0005507,POL001323,2025-05-17,31871.87,CLOSED
CLM0004170,POL004250,2025-05-25,48969.54,DENIED
CLM0010729,POL001834,2025-08-06,66654.74,DENIED
CLM0007268,POL002435,2025-02-16,74005.88,DENIED
CLM0010119,POL000360,2025-04-06,77004.84,IN REVIEW
CLM0002491,POL001253,2024-09-26,69872.56,DENIED
CLM0004441,POL000988,2024-10-07,34760.41,IN REVIEW
CLM0000812,POL000901,2025-09-27,26801.51,IN REVIEW
CLM0007529,POL002516,2026-03-20,27333.68,IN REVIEW
CLM0010523,POL003886,2024-07-25,65704.68,IN REVIEW
CLM0009643,POL003311,2024-09-03,5569.27,IN REVIEW
CLM0011733,POL002473,2025-12-16,60855.0,CLOSED
CLM0003151,POL004713,2024-07-26,20753.12,IN REVIEW
CLM0003061,POL000777,2025-04-03,67143.73,DENIED
CLM0001088,POL003600,2024-07-12,64174.45,DENIED
CLM0000963,POL001578,2025-12-26,27280.53,IN REVIEW
CLM0003138,POL001599,2026-05-22,32708.45,OPEN
CLM0010165,POL000086,2025-02-03,33038.55,CLOSED
