policy_id,broker_id,product,start_date,end_date,premium,status,extract_date
POL000851,BRK0042,General Liability,2024-08-28,2025-08-28,7970.36,CANCELLED,2026-08-15
POL003320,BRK0019,Cyber,2025-04-19,2026-04-19,3101.23,CANCELLED,2026-08-15
POL001950,BRK0015,Cyber,2026-04-16,2027-04-16,1737.92,RENEWED,2026-08-15
POL004991,BRK0044,general liability,2026-03-02,2027-03-02,13765.15,ACTIVE,2026-08-15
POL000351,BRK0046,Property,2024-01-13,2025-01-12,13313.63,CANCELLED,2026-08-15
POL001581,BRK0007,Cyber,2025-04-20,2026-04-20,2289.84,RENEWED,2026-08-15
POL001136,BRK0016,Marine,2024-05-01,2025-05-01,15916.04,CANCELLED,2026-08-15
POL004385,BRK0034,General Liability,2024-10-06,2025-10-06,25769.85,ACTIVE,2026-08-15
POL002979,BRK0005,General Liability,2024-01-28,2025-01-27,6144.79,ACTIVE,2026-08-15
POL004954,BRK0014,Cyber,2024-06-05,2025-06-05,21254.87,ACTIVE,2026-08-15
POL002939,BRK0001,Marine,2024-03-08,2025-03-08,2246.66,RENEWED,2026-08-15
POL004795,BRK0047,Cyber,2026-02-21,2027-02-21,10725.23,CANCELLED,2026-08-15
POL002313,BRK0021,General Liability,2024-07-18,2025-07-18,15404.45,CANCELLED,2026-08-15
POL000869,BRK0043,Cyber,2025-06-18,2026-06-18,22171.84,LAPSED,2026-08-15
POL000231,BRK0003,Commercial Auto,2026-06-16,2027-06-16,8708.53,RENEWED,2026-08-15
POL000136,BRK0039,Marine,2025-05-12,2026-05-12,8956.73,ACTIVE,2026-08-15
POL003384,BRK0045,Marine,2025-12-02,2026-12-02,17919.09,LAPSED,2026-08-15
POL001765,BRK0012,General Liability,2024-07-11,2025-07-11,20982.99,CANCELLED,2026-08-15
POL002674,BRK0030,Marine,2024-12-13,2025-12-13,6463.18,CANCELLED,2026-08-15
POL002329,BRK0018,Property,2025-03-22,2026-03-22,13049.56,ACTIVE,2026-08-15
POL000151,BRK0022,Commercial Auto,2026-04-10,2027-04-10,11225.08,RENEWED,2026-08-15
POL003535,BRK0042,Marine,2024-02-17,2025-02-16,12586.97,LAPSED,2026-08-15
POL001819,BRK0005,General Liability,2025-11-03,2026-11-03,7048.47,CANCELLED,2026-08-15
POL001191,BRK0047,Marine,2024-11-04,2025-11-04,1573.37,LAPSED,2026-08-15
POL004942,BRK0003,Commercial Auto,2025-01-31,2026-01-31,4230.1,ACTIVE,2026-08-15
POL000509,BRK0040,General Liability,2024-08-14,2025-08-14,21380.15,RENEWED,2026-08-15
POL003049,BRK0050,Property,2024-10-28,2025-10-28,14296.6,RENEWED,2026-08-15
POL004368,BRK0032,Cyber,2024-07-09,2025-07-09,5576.58,ACTIVE,2026-08-15
POL001868,BRK0030,Cyber,2026-03-28,2027-03-28,7640.8,LAPSED,2026-08-15
POL004254,BRK0017,Marine,31/12/2025,2027-03-06,2694.28,RENEWED,2026-08-15
POL000090,BRK0033,Cyber,2024-05-09,2025-05-09,2942.94,RENEWED,2026-08-15
POL004241,BRK0043,General Liability,2025-06-17,2026-06-17,4273.5,CANCELLED,2026-08-15
POL004160,BRK0009,Cyber,2025-01-16,2026-01-16,2960.22,LAPSED,2026-08-15
POL004111,BRK0022,Cyber,2024-05-08,2025-05-08,24594.39,ACTIVE,2026-08-15
POL001651,BRK0011,Marine,2025-02-04,2026-02-04,2228.03,CANCELLED,2026-08-15
POL003542,BRK0009,Property,2025-03-17,2026-03-17,13006.04,RENEWED,2026-08-15
POL000797,BRK0016,commercial auto,2024-06-14,2025-06-14,9556.97,LAPSED,2026-08-15
POL000251,BRK0015,Property,2026-04-23,2027-04-23,21942.6,ACTIVE,2026-08-15
POL004521,BRK0050,Property,0000-00-00,2026-04-11,19024.37,CANCELLED,2026-08-15
POL001138,BRK0001,Commercial Auto,2025-01-11,2026-01-11,22757.72,LAPSED,2026-08-15
POL002066,BRK0004,Cyber,2024-07-16,2025-07-16,15381.97,ACTIVE,2026-08-15
POL003220,BRK0040,Property,2025-08-16,2026-08-16,18310.43,LAPSED,2026-08-15
POL001425,BRK0003,Commercial Auto,2026-01-09,2027-01-09,10517.43,RENEWED,2026-08-15
POL001994,BRK0031,Property,2024-06-13,2025-06-13,16307.9,RENEWED,2026-08-15
POL003858,BRK0027,Marine,2026-06-11,2027-06-11,13415.51,LAPSED,2026-08-15
POL003756,BRK0050,Marine,2024-09-02,2025-09-02,17086.67,ACTIVE,2026-08-15
POL002633,BRK0021,Property,2025-01-14,2026-01-14,5589.28,CANCELLED,2026-08-15
POL002209,BRK0044,General Liability,2025-08-27,2026-08-27,6529.39,RENEWED,2026-08-15
POL003370,BRK0024,General Liability,2025-04-27,2026-04-27,2066.12,CANCELLED,2026-08-15
POL001013,BRK0038,Cyber,2024-11-14,2025-11-14,8901.06,CANCELLED,2026-08-15
POL002461,BRK0036,General Liability,2025-10-30,2026-10-30,19481.82,LAPSED,2026-08-15
POL002837,BRK0020,Property,2025-01-06,2026-01-06,9644.19,RENEWED,2026-08-15
POL002534,BRK0044,Marine,2024-07-13,2025-07-13,10232.89,LAPSED,2026-08-15
POL004357,BRK0016,Commercial Auto,2025-05-28,2026-05-28,9933.53,CANCELLED,2026-08-15
POL001706,BRK0032,General Liability,2024-11-09,2025-11-09,1520.0,ACTIVE,2026-08-15
POL000986,BRK0009,Cyber,2026-04-30,2027-04-30,12868.1,CANCELLED,2026-08-15
POL003823,BRK0044,Marine,2025-05-20,2026-05-20,21473.92,CANCELLED,2026-08-15
POL004504,BRK0022,General Liability,2024-08-28,2025-08-28,3762.37,RENEWED,2026-08-15
POL000608,BRK0047,Commercial Auto,2024-11-24,2025-11-24,13339.71,RENEWED,2026-08-15
POL000641,BRK0039,Cyber,2025-05-11,2026-05-11,14236.84,ACTIVE,2026-08-15
POL003200,BRK0026,General Liability,2024-03-25,2025-03-25,10747.24,ACTIVE,2026-08-15
POL004193,BRK0009,Cyber,N/A,2026-01-31,13291.29,CANCELLED,2026-08-15
POL004733,BRK0017,Marine,2025-05-31,2026-05-31,14198.75,LAPSED,2026-08-15
POL000594,BRK0045,Commercial Auto,2025-04-19,2026-04-19,1872.94,RENEWED,2026-08-15
POL002562,BRK0048,Commercial Auto,2025-02-21,2026-02-21,24105.14,RENEWED,2026-08-15
POL004746,BRK0007,Marine,2026-03-20,2027-03-20,12337.69,RENEWED,2026-08-15
POL001962,BRK0022,Marine,2024-01-31,2025-01-30,19508.62,RENEWED,2026-08-15
POL001517,BRK0007,Marine,2024-12-18,2025-12-18,12071.5,RENEWED,2026-08-15
POL003107,BRK0038,Marine,2025-12-14,2026-12-14,7167.31,CANCELLED,2026-08-15
POL004421,BRK0006,Cyber,2025-08-14,2026-08-14,9554.24,ACTIVE,2026-08-15
POL004515,BRK0016,Cyber,2026-02-24,2027-02-24,6665.73,RENEWED,2026-08-15
POL004892,BRK0002,Commercial Auto,2024-02-11,2025-02-10,23167.8,RENEWED,2026-08-15
POL004613,BRK0032,Commercial Auto,2026-01-24,2027-01-24,9744.52,CANCELLED,2026-08-15
POL000120,BRK0008,Commercial Auto,2025-06-22,2026-06-22,2871.15,RENEWED,2026-08-15
POL002929,BRK0024,Marine,2025-10-26,2026-10-26,16642.6,LAPSED,2026-08-15
POL001389,BRK0009,Cyber,2024-10-26,2025-10-26,2371.26,LAPSED,2026-08-15
POL004077,BRK0029,Property,2025-10-25,2026-10-25,7471.87,CANCELLED,2026-08-15
POL001521,BRK0016,General Liability,2026-02-25,31/12/2025,18916.27,ACTIVE,2026-08-15
POL004984,BRK0040,  Property ,2026-02-13,2027-02-13,15185.68,LAPSED,2026-08-15
POL001977,BRK0024,Marine,2026-04-08,2027-04-08,14249.17,LAPSED,2026-08-15
POL003839,BRK0010,Property,2024-08-09,2025-08-09,664.48,CANCELLED,2026-08-15
POL000748,BRK0030,General Liability,2024-03-23,2025-03-23,9912.01,LAPSED,2026-08-15
POL002238,BRK0029,Cyber,2025-08-07,2026-08-07,2012.0,ACTIVE,2026-08-15
POL002773,BRK0029,COMMERCIAL AUTO,2024-03-07,2025-03-07,3501.32,RENEWED,2026-08-15
POL003782,BRK0001,General Liability,2024-11-15,2025-11-15,8214.14,ACTIVE,2026-08-15
POL002720,BRK0032,Marine,2024-01-12,2025-01-11,19411.64,CANCELLED,2026-08-15
POL002388,BRK0049,CYBER,2025-12-31,2026-12-31,2924.88,LAPSED,2026-08-15
POL000245,BRK0002,Marine,N/A,2027-01-10,1609.6,CANCELLED,2026-08-15
POL000491,BRK0010,General Liability,2024-02-10,2025-02-09,21156.93,CANCELLED,2026-08-15
POL004246,BRK0014,Marine,2024-04-16,2025-04-16,12665.35,RENEWED,2026-08-15
POL002707,BRK0041,General Liability,2024-07-12,2025-07-12,5888.27,ACTIVE,2026-08-15
POL004581,BRK0041,Commercial Auto,2025-09-13,2026-09-13,506.34,ACTIVE,2026-08-15
POL002809,BRK0003,Property,2025-09-01,2026-09-01,20719.35,CANCELLED,2026-08-15
POL003894,BRK0033,General Liability,2025-01-07,2026-01-07,12673.54,RENEWED,2026-08-15
POL002448,BRK0023,Property,2026-03-11,2027-03-11,9075.2,ACTIVE,2026-08-15
POL000746,BRK0015,Commercial Auto,2025-07-07,2026-07-07,3469.49,CANCELLED,2026-08-15
POL002711,BRK0033,Property,2025-12-06,2026-12-06,15113.36,CANCELLED,2026-08-15
POL000185,BRK0010,Marine,2025-09-11,2026-09-11,14561.08,CANCELLED,2026-08-15
POL000242,BRK0008,Commercial Auto,2025-07-31,2026-07-31,13648.17,LAPSED,2026-08-15
POL002597,BRK0002,General Liability,2025-03-26,2026-03-26,13759.0,CANCELLED,2026-08-15
POL000563,BRK0012,Cyber,2025-05-17,2026-05-17,1826.63,RENEWED,2026-08-15
POL001183,BRK0013,Commercial Auto,2025-09-23,2026-09-23,17653.89,LAPSED,2026-08-15
POL004619,BRK0005,General Liability,2024-11-10,2025-11-10,15880.3,CANCELLED,2026-08-15
POL001163,BRK0032,Commercial Auto,2025-07-21,2026-07-21,18404.54,RENEWED,2026-08-15
POL003344,BRK0016,Marine,2024-11-03,2025-11-03,1276.01,ACTIVE,2026-08-15
POL000078,BRK0049,CYBER,2026-04-13,2027-04-13,24269.53,RENEWED,2026-08-15
POL004132,BRK0011,Property,2025-01-25,2026-01-25,6429.33,RENEWED,2026-08-15
POL000225,BRK0013,Cyber,2024-08-07,2025-08-07,3176.05,LAPSED,2026-08-15
POL001327,BRK0022,Commercial Auto,2025-03-14,2026-03-14,15956.59,LAPSED,2026-08-15
POL000601,BRK0039,Property,2025-12-05,2026-12-05,2739.34,CANCELLED,2026-08-15
POL004671,BRK0018,General Liability,2026-01-04,2027-01-04,7042.62,CANCELLED,2026-08-15
POL001462,BRK0047,Marine,2025-05-23,2026-05-23,11580.62,ACTIVE,2026-08-15
POL002552,BRK0014,Commercial Auto,2025-06-28,2026-06-28,22059.38,ACTIVE,2026-08-15
POL002667,BRK0018,Cyber,2026-02-07,2027-02-07,14171.51,LAPSED,2026-08-15
POL003760,BRK0048,Commercial Auto,2025-06-03,2026-06-03,5615.13,RENEWED,2026-08-15
POL001056,BRK0012,Cyber,2025-11-05,2026-11-05,22195.77,LAPSED,2026-08-15
POL004535,BRK0030,General Liability,2026-02-16,2027-02-16,9842.66,RENEWED,2026-08-15
POL000749,BRK0045,Marine,2024-11-02,2025-11-02,2579.13,RENEWED,2026-08-15
POL000849,BRK0002,cyber,2024-03-03,2025-03-03,1113.64,LAPSED,2026-08-15
POL004579,BRK0009,Cyber,2024-04-17,2025-04-17,23562.87,CANCELLED,2026-08-15
POL000299,BRK0032,Property,2025-11-20,2026-11-20,18023.29,RENEWED,2026-08-15
POL002862,BRK0022,Property,2025-09-01,2026-09-01,12301.87,CANCELLED,2026-08-15
POL000095,BRK0045,General Liability,2024-06-19,2025-06-19,7687.51,CANCELLED,2026-08-15
POL004382,BRK0032,Commercial Auto,2026-13-45,2026-07-17,19428.73,LAPSED,2026-08-15
POL003036,BRK0045,Marine,2026-02-08,2027-02-08,16881.67,ACTIVE,2026-08-15
POL003761,BRK0041,Marine,2025-02-15,2026-02-15,9748.91,RENEWED,2026-08-15
POL002513,BRK0004,Property,2026-02-05,2027-02-05,25809.77,ACTIVE,2026-08-15
POL002133,BRK0038,Marine,2025-04-16,2026-04-16,7707.01,LAPSED,2026-08-15
POL003197,BRK0048,Commercial Auto,2025-08-12,2026-08-12,15439.38,ACTIVE,2026-08-15
POL002806,BRK0038,Marine,2024-07-29,2025-07-29,1073.18,ACTIVE,2026-08-15
POL004557,BRK0002,Marine,2025-04-24,2026-04-24,16876.51,ACTIVE,2026-08-15
POL004584,BRK0003,Property,2026-03-01,2027-03-01,15706.69,RENEWED,2026-08-15
POL004788,BRK0018,Cyber,0000-00-00,2026-09-11,6132.19,ACTIVE,2026-08-15
POL002876,BRK0039,Commercial Auto,2025-11-23,2026-11-23,5506.58,LAPSED,2026-08-15
POL004264,BRK0025,Marine,2025-05-27,2026-05-27,7686.9,LAPSED,2026-08-15
POL000980,BRK0018,Cyber,2024-01-20,2025-01-19,14090.33,LAPSED,2026-08-15
POL004576,BRK0022,Property,2026-03-20,2027-03-20,12171.87,ACTIVE,2026-08-15
POL003168,BRK0016,Property,2024-06-22,2025-06-22,17894.67,ACTIVE,2026-08-15
POL002728,BRK0035,Marine,2025-02-22,2026-02-22,7689.57,RENEWED,2026-08-15
POL002767,BRK0027,General Liability,2025-05-25,2026-05-25,20305.43,RENEWED,2026-08-15
POL001464,BRK0041,Commercial Auto,2026-04-09,2027-04-09,12500.38,LAPSED,2026-08-15
POL001507,BRK0030,Cyber,2024-05-23,2025-05-23,22581.23,CANCELLED,2026-08-15
POL003274,BRK0028,Cyber,2025-03-11,N/A,658.27,CANCELLED,2026-08-15
POL003470,BRK0019,Property,2024-07-28,2025-07-28,24592.88,CANCELLED,2026-08-15
POL002204,BRK0039,  Cyber ,2024-06-19,2025-06-19,10941.87,ACTIVE,2026-08-15
POL002294,BRK0025,Property,2025-09-13,2026-09-13,5261.87,RENEWED,2026-08-15
POL002311,BRK0004,Property,2024-10-22,2025-10-22,6477.23,ACTIVE,2026-08-15
POL003530,BRK0035,Property,2025-02-18,2026-02-18,17331.84,RENEWED,2026-08-15
POL003910,BRK0042,Property,2025-07-08,2026-07-08,7752.97,RENEWED,2026-08-15
POL001211,BRK0007,Cyber,2026-03-21,2027-03-21,5456.88,RENEWED,2026-08-15
POL002744,BRK0007,Marine,2024-09-03,2025-09-03,16479.67,RENEWED,2026-08-15
POL004232,BRK0026,Cyber,2026-03-27,2027-03-27,15372.18,CANCELLED,2026-08-15
POL000568,BRK0012,Cyber,2025-04-06,2026-04-06,2946.81,CANCELLED,2026-08-15
POL004427,BRK0015,Commercial Auto,2025-08-15,2026-08-15,22688.8,ACTIVE,2026-08-15
POL004202,BRK0043,Property,2024-10-22,2025-10-22,3527.7,ACTIVE,2026-08-15
POL000192,BRK0006,Commercial Auto,2025-09-18,2026-09-18,13379.54,RENEWED,2026-08-15
POL000119,BRK0002,PROPERTY,2025-11-07,0000-00-00,1783.78,RENEWED,2026-08-15
POL003792,BRK0026,Property,2025-05-15,2026-05-15,24913.04,RENEWED,2026-08-15
POL001167,BRK0009,Cyber,2025-01-10,2026-01-10,4676.86,ACTIVE,2026-08-15
POL004249,BRK0036,Commercial Auto,2026-03-04,2027-03-04,4889.33,RENEWED,2026-08-15
POL000591,BRK0041,Marine,2024-04-23,2025-04-23,5813.39,RENEWED,2026-08-15
POL000572,BRK0014,General Liability,2024-03-02,2025-03-02,8699.09,CANCELLED,2026-08-15
POL004573,BRK0029,Cyber,2026-01-02,2027-01-02,14672.46,ACTIVE,2026-08-15
POL003838,BRK0030,Property,2024-08-29,2025-08-29,10222.51,ACTIVE,2026-08-15
POL003613,BRK0002,Cyber,2025-02-03,2026-02-03,24795.73,RENEWED,2026-08-15
POL004356,BRK0027,Marine,2025-06-11,2026-06-11,24109.7,RENEWED,2026-08-15
POL001667,BRK0016,General Liability,2024-12-26,2025-12-26,24778.9,CANCELLED,2026-08-15
POL001405,BRK0006,General Liability,2025-08-16,2026-08-16,11290.77,CANCELLED,2026-08-15
POL002734,BRK0019,Commercial Auto,2026-03-31,2027-03-31,12579.91,LAPSED,2026-08-15
POL002364,BRK0032,Commercial Auto,2024-02-14,2025-02-13,11860.54,ACTIVE,2026-08-15
POL002654,BRK0033,Marine,2025-09-20,2026-09-20,9089.82,LAPSED,2026-08-15
POL001673,BRK0036,Cyber,2026-02-13,2027-02-13,2787.41,RENEWED,2026-08-15
POL003478,BRK0049,Property,2026-05-20,2027-05-20,2559.45,LAPSED,2026-08-15
POL004932,BRK0023,Property,2024-07-08,2025-07-08,22830.18,CANCELLED,2026-08-15
POL003938,BRK0036,General Liability,2024-05-16,2025-05-16,2538.54,RENEWED,2026-08-15
POL001052,BRK0013,Cyber,2025-08-24,2026-08-24,24781.59,RENEWED,2026-08-15
POL002795,BRK0018,Property,2024-04-07,2025-04-07,1983.48,ACTIVE,2026-08-15
POL002026,BRK0011,Cyber,2024-11-26,2025-11-26,20231.65,RENEWED,2026-08-15
POL002703,BRK0036,Marine,2026-05-25,2027-05-25,1741.22,CANCELLED,2026-08-15
POL003870,BRK0012,Marine,2026-05-04,2027-05-04,10345.72,LAPSED,2026-08-15
POL001890,BRK0049,Property,2024-02-19,2025-02-18,17535.16,ACTIVE,2026-08-15
POL003900,BRK0038,Cyber,2025-02-22,2026-02-22,17211.89,ACTIVE,2026-08-15
POL002990,BRK0036,Property,2026-06-08,2027-06-08,23401.9,RENEWED,2026-08-15
POL001299,BRK0005,Marine,2025-07-29,2026-07-29,14243.49,ACTIVE,2026-08-15
POL003236,BRK0034,PROPERTY,2024-08-03,2025-08-03,1333.25,RENEWED,2026-08-15
POL002144,BRK0019,Marine,2024-11-29,2025-11-29,5806.6,LAPSED,2026-08-15
POL002725,BRK0011,Property,2025-07-01,2026-07-01,3592.33,RENEWED,2026-08-15
POL003294,BRK0030,Cyber,2025-09-04,2026-09-04,11837.5,LAPSED,2026-08-15
POL003102,BRK0014,Cyber,2024-01-27,2025-01-26,8695.8,ACTIVE,2026-08-15
POL003582,BRK0035,Property,2025-09-26,2026-09-26,19625.28,CANCELLED,2026-08-15
POL000620,BRK0029,Marine,,2026-01-03,15096.19,LAPSED,2026-08-15
POL003038,BRK0043,  Marine ,2024-05-23,2025-05-23,16441.5,ACTIVE,2026-08-15
POL000011,BRK0007,Property,2025-11-10,2026-11-10,4308.47,CANCELLED,2026-08-15
POL004697,BRK0037,Marine,2024-06-18,2025-06-18,21331.79,LAPSED,2026-08-15
POL001284,BRK0030,Cyber,2024-04-23,2025-04-23,4925.38,ACTIVE,2026-08-15
POL003856,BRK0018,Property,2025-11-16,2026-11-16,11693.97,LAPSED,2026-08-15
POL000217,BRK0037,Commercial Auto,2024-02-02,2025-02-01,10617.52,LAPSED,2026-08-15
POL003250,BRK0029,Property,2024-07-16,2025-07-16,7108.29,ACTIVE,2026-08-15
POL003080,BRK0037,Commercial Auto,2024-05-19,2025-05-19,7955.34,LAPSED,2026-08-15
POL004494,BRK0014,Commercial Auto,2026-04-16,2027-04-16,6345.84,ACTIVE,2026-08-15
POL004364,BRK0024,property,2026-06-05,2027-06-05,14505.4,CANCELLED,2026-08-15
POL000492,BRK0037,Cyber,2025-05-17,2026-05-17,5889.07,LAPSED,2026-08-15
POL001583,BRK0001,Cyber,2025-08-05,2026-08-05,11344.72,LAPSED,2026-08-15
POL002780,BRK0046,Property,2026-05-30,2027-05-30,27977.4,RENEWED,2026-08-15
POL004336,BRK0050,Cyber,2024-02-17,2025-02-16,17159.28,ACTIVE,2026-08-15
POL004673,BRK0004,Marine,2025-10-08,2026-10-08,11315.2,LAPSED,2026-08-15
POL000100,BRK0025,Marine,2024-07-22,2025-07-22,7748.87,CANCELLED,2026-08-15
POL003209,BRK0012,Property,2025-01-02,2026-01-02,20355.54,RENEWED,2026-08-15
POL000337,BRK0008,Marine,2026-04-16,2027-04-16,2688.61,ACTIVE,2026-08-15
POL001961,BRK0011,Property,2024-03-05,2025-03-05,5257.18,CANCELLED,2026-08-15
POL003577,BRK0009,Commercial Auto,2025-07-16,2026-07-16,5829.83,CANCELLED,2026-08-15
POL004980,BRK0050,General Liability,2025-09-14,2026-09-14,22991.76,RENEWED,2026-08-15
POL003204,BRK0012,Property,2025-11-22,2026-11-22,7886.3,ACTIVE,2026-08-15
POL002408,BRK0033,Commercial Auto,2024-01-15,2025-01-14,21110.34,RENEWED,2026-08-15
POL000834,BRK0029,Property,2025-12-04,2026-12-04,5125.23,ACTIVE,2026-08-15
POL000535,BRK0031,Cyber,2024-06-30,2025-06-30,18933.39,ACTIVE,2026-08-15
POL002166,BRK0030,Property,2025-11-12,2026-11-12,8360.8,CANCELLED,2026-08-15
POL003113,BRK0020,Property,2025-03-09,2026-03-09,16359.89,RENEWED,2026-08-15
POL002921,BRK0009,MARINE,2024-06-07,2025-06-07,1716.92,RENEWED,2026-08-15
POL002811,BRK0023,Property,2024-06-09,2025-06-09,6494.62,ACTIVE,2026-08-15
POL003609,BRK0032,General Liability,2024-06-17,2025-06-17,16973.12,LAPSED,2026-08-15
POL000679,BRK0001,Commercial Auto,2026-02-24,2027-02-24,15591.84,ACTIVE,2026-08-15
POL002539,BRK0003,Property,2024-08-11,2025-08-11,14748.36,LAPSED,2026-08-15
POL001143,BRK0039,property,2024-07-04,2025-07-04,3916.1,RENEWED,2026-08-15
POL002178,BRK0012,Cyber,2024-01-03,2025-01-02,6538.99,RENEWED,2026-08-15
POL004129,BRK0043,Commercial Auto,2025-10-15,2026-10-15,12608.2,RENEWED,2026-08-15
POL002570,BRK0038,Marine,2024-12-26,2025-12-26,17253.73,RENEWED,2026-08-15
POL002888,BRK0012,Commercial Auto,2025-09-05,2026-09-05,548.8,CANCELLED,2026-08-15
POL002881,BRK0011,Cyber,2026-02-20,2027-02-20,12126.88,LAPSED,2026-08-15
POL003829,BRK0015,Cyber,2024-05-30,2025-05-30,16635.44,CANCELLED,2026-08-15
POL003872,BRK0049,Cyber,2025-12-24,2026-12-24,20082.18,CANCELLED,2026-08-15
POL001067,BRK0043,Commercial Auto,2025-11-27,2026-11-27,20846.04,LAPSED,2026-08-15
POL003243,BRK0008,Property,2026-05-29,2027-05-29,3596.15,RENEWED,2026-08-15
POL001717,BRK0021,Property,2025-07-03,2026-07-03,27457.75,LAPSED,2026-08-15
POL000468,BRK0006,Cyber,2026-04-25,2027-04-25,14277.15,RENEWED,2026-08-15
POL002864,BRK0050,Property,2025-08-18,2026-08-18,1722.82,RENEWED,2026-08-15
POL001674,BRK0017,Property,2026-05-22,2027-05-22,23070.83,ACTIVE,2026-08-15
POL000186,BRK0021,General Liability,2025-02-11,2026-02-11,12726.58,RENEWED,2026-08-15
POL001033,BRK0006,General Liability,2026-02-08,2027-02-08,11898.7,CANCELLED,2026-08-15
POL001745,BRK0018,Property,2025-12-17,2026-12-17,13643.08,ACTIVE,2026-08-15
POL001999,BRK0031,Property,2024-01-02,2025-01-01,10908.79,CANCELLED,2026-08-15
POL002465,BRK0005,Cyber,2024-03-14,2025-03-14,7154.67,ACTIVE,2026-08-15
POL003842,BRK0037,Property,2024-03-10,2025-03-10,2300.52,RENEWED,2026-08-15
POL004916,BRK0008,Cyber,2025-12-25,2026-12-25,20563.9,CANCELLED,2026-08-15
POL004354,BRK0025,Cyber,2024-09-29,2025-09-29,11958.9,LAPSED,2026-08-15
POL001363,BRK0042,Cyber,2024-12-26,2025-12-26,7319.33,CANCELLED,2026-08-15
POL000645,BRK0009,Commercial Auto,2025-11-03,2026-11-03,21881.19,LAPSED,2026-08-15
POL001849,BRK0006,General Liability,2024-03-07,2025-03-07,12924.28,LAPSED,2026-08-15
POL000055,BRK0002,Marine,2024-12-10,2025-12-10,18571.72,RENEWED,2026-08-15
POL000454,BRK0030,Commercial Auto,2024-09-27,2025-09-27,7618.9,CANCELLED,2026-08-15
POL000437,BRK0013,General Liability,2024-05-20,2025-05-20,11710.5,CANCELLED,2026-08-15
POL002659,BRK0031,Marine,2025-07-15,2026-07-15,18441.3,LAPSED,2026-08-15
POL002641,BRK0016,Property,2025-08-04,2026-08-04,806.8,RENEWED,2026-08-15
POL001375,BRK0008,Marine,2024-04-13,2025-04-13,5988.52,CANCELLED,2026-08-15
POL004181,BRK0028,Commercial Auto,2026-03-22,2027-03-22,3028.86,ACTIVE,2026-08-15
POL001905,BRK0046,Marine,2025-04-22,2026-04-22,24010.65,LAPSED,2026-08-15
POL001270,BRK0028,Marine,2025-07-09,2026-07-09,19494.37,CANCELLED,2026-08-15
POL003615,BRK0049,Cyber,2025-06-02,2026-06-02,20351.07,LAPSED,2026-08-15
POL000948,BRK0046,Cyber,2025-10-08,2026-10-08,17669.36,CANCELLED,2026-08-15
POL001574,BRK0031,MARINE,2024-06-28,2025-06-28,5995.59,CANCELLED,2026-08-15
POL001924,BRK0021,Commercial Auto,2026-03-04,2027-03-04,12092.77,ACTIVE,2026-08-15
POL002898,BRK0033,Cyber,2025-06-12,2026-06-12,16347.72,CANCELLED,2026-08-15
POL004901,BRK0025,  Marine ,2025-04-24,2026-04-24,18333.86,CANCELLED,2026-08-15
POL001561,BRK0030,COMMERCIAL AUTO,2024-09-07,2025-09-07,13234.3,RENEWED,2026-08-15
POL001022,BRK0036,Property,2026-05-17,2027-05-17,22810.9,ACTIVE,2026-08-15
POL002651,BRK0041,General Liability,2024-09-26,2025-09-26,16021.1,CANCELLED,2026-08-15
POL001168,BRK0044,Property,2024-12-12,2025-12-12,7606.59,RENEWED,2026-08-15
POL000672,BRK0005,Marine,2026-04-19,2027-04-19,4236.44,CANCELLED,2026-08-15
POL003134,BRK0049,Cyber,2024-05-10,2025-05-10,7596.08,RENEWED,2026-08-15
POL000176,BRK0003,Property,2024-07-25,2025-07-25,10256.49,RENEWED,2026-08-15
POL000831,BRK0044,Commercial Auto,2025-03-26,2026-03-26,6101.23,ACTIVE,2026-08-15
POL003688,BRK0032,Property,2025-06-03,2026-06-03,13605.26,ACTIVE,2026-08-15
POL001390,BRK0046,General Liability,2025-05-21,2026-05-21,7916.61,CANCELLED,2026-08-15
POL001506,BRK0014,Marine,2024-09-21,2025-09-21,15962.28,RENEWED,2026-08-15
POL003078,BRK0008,General Liability,2026-06-08,2027-06-08,22966.41,LAPSED,2026-08-15
POL001155,BRK0007,Commercial Auto,2025-01-22,2026-01-22,20622.91,RENEWED,2026-08-15
POL003746,BRK0036,Cyber,2026-02-15,2027-02-15,1339.73,RENEWED,2026-08-15
POL004419,BRK0008,Property,2026-02-08,2027-02-08,15485.03,ACTIVE,2026-08-15
POL001566,BRK0031,Property,2026-03-25,2027-03-25,11726.93,RENEWED,2026-08-15
POL002255,BRK0027,Commercial Auto,2026-01-01,2027-01-01,510.4,LAPSED,2026-08-15
POL000289,BRK0028,Marine,2024-07-10,2025-07-10,2695.66,ACTIVE,2026-08-15
POL004493,BRK0011,Marine,2024-03-13,2025-03-13,19056.79,RENEWED,2026-08-15
POL000663,BRK0008,Marine,2024-04-03,2025-04-03,22774.47,CANCELLED,2026-08-15
POL003343,BRK0042,Marine,2026-03-02,2027-03-02,20813.46,CANCELLED,2026-08-15
POL002561,BRK0033,Cyber,2026-06-12,2027-06-12,5494.24,RENEWED,2026-08-15
POL003599,BRK0008,Cyber,2024-10-24,2025-10-24,1522.63,LAPSED,2026-08-15
POL002794,BRK0002,Property,2024-07-10,2025-07-10,19970.48,ACTIVE,2026-08-15
POL000544,BRK0015,Marine,2026-02-04,2027-02-04,12954.42,CANCELLED,2026-08-15
POL004567,BRK0047,Marine,2024-10-11,2025-10-11,14034.57,LAPSED,2026-08-15
POL002349,BRK0017,Cyber,2025-03-24,2026-03-24,23000.71,RENEWED,2026-08-15
POL003133,BRK0026,Marine,2026-02-22,2027-02-22,14249.23,RENEWED,2026-08-15
POL004957,BRK0028,Marine,2026-05-10,2027-05-10,23287.25,LAPSED,2026-08-15
POL002402,BRK0022,Commercial Auto,2025-03-03,,8938.64,LAPSED,2026-08-15
POL000305,BRK0007,General Liability,2025-05-09,2026-05-09,23546.57,LAPSED,2026-08-15
POL002386,BRK0024,General Liability,2025-04-13,2026-04-13,11852.5,ACTIVE,2026-08-15
POL000680,BRK0012,Property,2026-05-02,2027-05-02,22945.99,ACTIVE,2026-08-15
POL000405,BRK0025,General Liability,2025-01-14,2026-01-14,6953.32,CANCELLED,2026-08-15
POL000574,BRK0037,Cyber,2025-08-13,2026-08-13,16993.22,RENEWED,2026-08-15
POL000331,BRK0018,General Liability,2025-05-21,2026-05-21,14370.48,RENEWED,2026-08-15
POL003231,BRK0020,PROPERTY,2025-09-12,2026-09-12,20839.36,LAPSED,2026-08-15
POL004146,BRK0037,General Liability,2025-03-21,2026-03-21,24029.84,LAPSED,2026-08-15
POL003034,BRK0018,General Liability,2024-05-18,2025-05-18,9383.17,CANCELLED,2026-08-15
POL001935,BRK0042,Marine,2024-10-27,2025-10-27,22716.9,CANCELLED,2026-08-15
POL003848,BRK0046,Cyber,2025-11-30,2026-11-30,6123.43,RENEWED,2026-08-15
POL002205,BRK0015,Property,2025-02-26,2026-02-26,22577.44,CANCELLED,2026-08-15
POL001480,BRK0048,Cyber,2026-04-06,2027-04-06,19692.44,LAPSED,2026-08-15
POL004013,BRK0042,Property,2024-11-27,2025-11-27,15972.76,RENEWED,2026-08-15
POL002346,BRK0047,Cyber,2025-10-01,2026-10-01,8115.94,ACTIVE,2026-08-15
POL002180,BRK0036,Cyber,2025-08-16,2026-08-16,18942.35,ACTIVE,2026-08-15
POL001494,BRK0044,General Liability,2024-12-06,2025-12-06,18192.32,CANCELLED,2026-08-15
POL004237,BRK0014,Cyber,2025-12-26,2026-12-26,19517.52,LAPSED,2026-08-15
POL000619,BRK0047,General Liability,2026-04-25,2027-04-25,19259.85,CANCELLED,2026-08-15
POL000709,BRK0010,Marine,2025-11-07,2026-11-07,5293.83,CANCELLED,2026-08-15
POL003819,BRK0036,General Liability,2024-07-16,2025-07-16,15856.59,ACTIVE,2026-08-15
POL004674,BRK0011,Marine,2024-11-22,2025-11-22,23456.18,RENEWED,2026-08-15
POL004516,BRK0034,General Liability,2024-08-21,,18602.6,ACTIVE,2026-08-15
POL001042,BRK0036,Commercial Auto,2025-04-05,2026-04-05,23612.17,ACTIVE,2026-08-15
POL001916,BRK0001,Commercial Auto,2024-08-03,2025-08-03,19781.8,LAPSED,2026-08-15
POL000410,BRK0028,Commercial Auto,2024-02-13,2025-02-12,16795.67,RENEWED,2026-08-15
POL003774,BRK0035,Marine,2025-07-03,2026-07-03,6658.13,RENEWED,2026-08-15
POL001409,BRK0007,Commercial Auto,2024-12-24,2025-12-24,5499.03,CANCELLED,2026-08-15
POL004672,BRK0011,Cyber,2024-08-03,2025-08-03,4110.18,ACTIVE,2026-08-15
POL001586,BRK0035,Property,2026-06-07,2027-06-07,15835.08,ACTIVE,2026-08-15
POL000475,BRK0028,Cyber,2025-07-20,2026-07-20,5812.25,ACTIVE,2026-08-15
POL003635,BRK0036,Commercial Auto,2024-05-06,2025-05-06,5101.79,LAPSED,2026-08-15
POL000236,BRK0016,Commercial Auto,2024-11-27,2025-11-27,23873.85,CANCELLED,2026-08-15
POL004730,BRK0042,Commercial Auto,2024-08-01,2025-08-01,5395.94,LAPSED,2026-08-15
POL001169,BRK0017,  Property ,2024-10-27,2025-10-27,7968.09,ACTIVE,2026-08-15
POL004833,BRK0048,Property,2024-02-15,2025-02-14,17434.21,ACTIVE,2026-08-15
POL002736,BRK0044,Cyber,2024-12-11,2025-12-11,20254.14,ACTIVE,2026-08-15
POL001488,BRK0029,General Liability,0000-00-00,2025-07-19,22820.5,CANCELLED,2026-08-15
POL000387,BRK0002,Property,2024-03-01,2025-03-01,21238.78,CANCELLED,2026-08-15
POL000606,BRK0039,Cyber,2024-10-08,2025-10-08,20575.75,CANCELLED,2026-08-15
POL002440,BRK0002,Property,2024-02-07,2025-02-06,2109.96,LAPSED,2026-08-15
POL001948,BRK0027,Cyber,2024-01-19,2025-01-18,22016.74,RENEWED,2026-08-15
POL001988,BRK0027,Marine,2024-11-28,2025-11-28,5437.95,LAPSED,2026-08-15
POL002327,BRK0046,Commercial Auto,2024-10-24,2025-10-24,15252.02,ACTIVE,2026-08-15
POL004578,BRK0037,  General Liability ,2025-11-12,2026-11-12,11507.66,LAPSED,2026-08-15
POL002856,BRK0006,Marine,2024-01-21,2025-01-20,17157.43,LAPSED,2026-08-15
POL003460,BRK0041,Commercial Auto,2026-05-13,2027-05-13,21903.8,RENEWED,2026-08-15
POL003509,BRK0033,Marine,2026-03-12,2027-03-12,13663.13,RENEWED,2026-08-15
POL002033,BRK0018,Cyber,2024-06-01,2025-06-01,9472.16,LAPSED,2026-08-15
POL003605,BRK0026,Property,2025-03-31,2026-03-31,24996.5,CANCELLED,2026-08-15
POL004074,BRK0019,Cyber,2024-09-18,2025-09-18,3885.61,ACTIVE,2026-08-15
POL000438,BRK0046,Property,2026-06-02,2027-06-02,4832.19,ACTIVE,2026-08-15
POL000029,BRK0033,Cyber,2024-10-17,2025-10-17,16983.49,LAPSED,2026-08-15
POL003313,BRK0036,Cyber,2024-04-06,2025-04-06,10843.67,LAPSED,2026-08-15
POL001322,BRK0016,Commercial Auto,2025-10-23,2026-10-23,7021.37,ACTIVE,2026-08-15
POL004794,BRK0026,General Liability,2024-11-25,2025-11-25,6482.22,RENEWED,2026-08-15
POL003368,BRK0019,property,2025-11-04,2026-11-04,7582.17,ACTIVE,2026-08-15
POL004910,BRK0003,General Liability,2024-10-03,2025-10-03,17149.6,ACTIVE,2026-08-15
POL000427,BRK0007,Commercial Auto,2025-08-21,2026-08-21,9668.63,CANCELLED,2026-08-15
POL002075,BRK0011,Marine,2025-08-19,2026-08-19,15836.08,RENEWED,2026-08-15
POL002985,BRK0016,Property,2025-07-21,2026-07-21,15866.43,RENEWED,2026-08-15
POL000744,BRK0032,Property,,2025-01-19,7027.69,CANCELLED,2026-08-15
POL004959,BRK0005,Property,2026-01-23,2027-01-23,4562.94,LAPSED,2026-08-15
POL001650,BRK0049,Marine,2024-03-01,2025-03-01,24316.33,LAPSED,2026-08-15
POL000352,BRK0024,Property,2024-06-19,2025-06-19,3392.39,ACTIVE,2026-08-15
POL004549,BRK0017,General Liability,2025-01-04,2026-01-04,17680.18,RENEWED,2026-08-15
POL001281,BRK0048,Property,2024-01-26,2025-01-25,5070.6,LAPSED,2026-08-15
POL001323,BRK0007,General Liability,2025-06-28,2026-06-28,10101.75,ACTIVE,2026-08-15
POL002969,BRK0024,Cyber,2026-02-14,2027-02-14,3246.79,LAPSED,2026-08-15
POL002149,BRK0047,Property,0000-00-00,2026-09-11,21195.2,CANCELLED,2026-08-15
POL004388,BRK0044,General Liability,2025-10-05,2026-10-05,1442.78,RENEWED,2026-08-15
POL003411,BRK0009,Cyber,2024-06-23,2025-06-23,1000.35,ACTIVE,2026-08-15
POL001164,BRK0033,Cyber,2025-05-24,2026-05-24,22816.72,ACTIVE,2026-08-15
POL000647,BRK0042,Property,2024-07-30,2025-07-30,3883.69,LAPSED,2026-08-15
POL001016,BRK0031,Marine,2025-11-14,2026-11-14,24095.09,CANCELLED,2026-08-15
POL002712,BRK0010,Marine,2024-01-02,2025-01-01,2587.3,LAPSED,2026-08-15
POL002170,BRK0030,Property,2024-03-05,2025-03-05,23181.98,LAPSED,2026-08-15
POL004274,BRK0039,Marine,2025-02-20,2026-02-20,23010.68,ACTIVE,2026-08-15
POL002153,BRK0041,General Liability,2025-07-08,2026-07-08,21736.45,CANCELLED,2026-08-15
POL004548,BRK0043,Cyber,2026-01-03,2027-01-03,20621.34,LAPSED,2026-08-15
POL000310,BRK0002,Cyber,2025-02-09,2026-02-09,609.03,LAPSED,2026-08-15
POL003151,BRK0039,General Liability,2025-08-04,2026-08-04,4968.18,CANCELLED,2026-08-15
POL000417,BRK0020,Marine,2024-05-17,2025-05-17,15321.99,ACTIVE,2026-08-15
POL002217,BRK0008,  Property ,2024-06-28,2025-06-28,21555.41,CANCELLED,2026-08-15
POL002601,BRK0005,Marine,2026-06-08,2027-06-08,24262.81,RENEWED,2026-08-15
POL003176,BRK0047,Commercial Auto,2025-10-15,2026-10-15,16508.55,RENEWED,2026-08-15
POL002727,BRK0045,Marine,2024-12-25,2025-12-25,2376.42,RENEWED,2026-08-15
POL004338,BRK0024,General Liability,2024-02-04,2025-02-03,2774.45,CANCELLED,2026-08-15
POL003125,BRK0020,Property,2024-08-09,2025-08-09,15430.59,RENEWED,2026-08-15
POL004798,BRK0030,Cyber,2025-03-05,2026-03-05,20233.15,LAPSED,2026-08-15
POL002418,BRK0015,Property,2024-09-26,2025-09-26,18144.05,CANCELLED,2026-08-15
POL000053,BRK0035,Marine,2025-09-22,2026-09-22,8396.46,LAPSED,2026-08-15
POL004449,BRK0019,Commercial Auto,2024-06-18,2025-06-18,1519.33,CANCELLED,2026-08-15
POL002222,BRK0041,CYBER,2024-12-04,2025-12-04,14918.6,RENEWED,2026-08-15
POL002232,BRK0014,marine,2024-01-27,2025-01-26,4702.44,ACTIVE,2026-08-15
POL000927,BRK0022,Commercial Auto,2024-02-22,2025-02-21,10684.3,RENEWED,2026-08-15
POL001467,BRK0037,Cyber,N/A,2026-12-06,19970.05,RENEWED,2026-08-15
POL002623,BRK0024,Marine,2025-08-19,2026-08-19,19490.69,RENEWED,2026-08-15
POL000091,BRK0047,Property,2024-01-16,2025-01-15,12002.52,CANCELLED,2026-08-15
POL004131,BRK0040,Commercial Auto,31/12/2025,2027-01-11,8105.28,RENEWED,2026-08-15
POL000691,BRK0039,Commercial Auto,2025-12-04,2026-12-04,19271.41,CANCELLED,2026-08-15
POL000853,BRK0002,Marine,2024-09-30,2025-09-30,10062.37,ACTIVE,2026-08-15
POL003399,BRK0015,Commercial Auto,2025-07-10,2026-07-10,5292.13,RENEWED,2026-08-15
POL002463,BRK0024,  Marine ,2025-11-03,2026-11-03,9357.54,CANCELLED,2026-08-15
POL001210,BRK0016,Commercial Auto,2024-05-15,2025-05-15,19913.81,ACTIVE,2026-08-15
POL002450,BRK0032,Commercial Auto,2025-09-13,2026-09-13,5397.63,ACTIVE,2026-08-15
POL001619,BRK0038,Cyber,2025-06-02,2026-06-02,12483.16,CANCELLED,2026-08-15
POL004197,BRK0010,General Liability,2026-01-04,2027-01-04,4208.6,RENEWED,2026-08-15
POL004524,BRK0028,Marine,2025-07-19,2026-07-19,7198.82,RENEWED,2026-08-15
POL002274,BRK0021,Property,2026-02-25,2027-02-25,10916.21,LAPSED,2026-08-15
POL002973,BRK0033,Commercial Auto,31/12/2025,2025-08-18,13926.59,RENEWED,2026-08-15
POL004125,BRK0037,Commercial Auto,2025-10-12,2026-10-12,11984.35,LAPSED,2026-08-15
POL000345,BRK0009,Marine,2024-11-20,2025-11-20,17232.08,RENEWED,2026-08-15
POL001028,BRK0033,Cyber,2026-05-21,2027-05-21,12031.35,ACTIVE,2026-08-15
POL003463,BRK0009,Cyber,2024-10-07,2025-10-07,24655.9,RENEWED,2026-08-15
POL000189,BRK0044,General Liability,2026-04-09,2027-04-09,7613.88,CANCELLED,2026-08-15
POL000945,BRK0027,Marine,2025-02-27,2026-02-27,23621.64,RENEWED,2026-08-15
POL001592,BRK0039,Marine,2025-10-31,2026-10-31,12063.55,CANCELLED,2026-08-15
POL004242,BRK0008,Commercial Auto,2024-07-04,2025-07-04,17214.13,RENEWED,2026-08-15
POL004172,BRK0026,COMMERCIAL AUTO,2025-02-01,2026-02-01,18646.08,ACTIVE,2026-08-15
POL001011,BRK0009,Cyber,2025-08-09,2026-08-09,11393.3,LAPSED,2026-08-15
POL001239,BRK0036,Property,2024-07-11,2025-07-11,24428.25,ACTIVE,2026-08-15
POL004518,BRK0044,General Liability,2025-01-02,2026-01-02,7041.01,ACTIVE,2026-08-15
POL002368,BRK0003,Cyber,2025-03-14,2026-03-14,2264.21,CANCELLED,2026-08-15
POL004544,BRK0034,Property,2025-02-15,2026-02-15,3053.15,LAPSED,2026-08-15
POL004302,BRK0039,Cyber,2024-05-13,2025-05-13,1022.6,LAPSED,2026-08-15
POL004273,BRK0035,General Liability,2026-01-16,2027-01-16,15375.48,LAPSED,2026-08-15
POL000972,BRK0002,Commercial Auto,2025-05-29,2026-05-29,7603.36,CANCELLED,2026-08-15
POL003115,BRK0046,PROPERTY,2024-07-02,2025-07-02,4980.95,CANCELLED,2026-08-15
POL002337,BRK0029,Property,2026-01-04,2027-01-04,23569.14,CANCELLED,2026-08-15
POL004040,BRK0015,Commercial Auto,2024-06-04,2025-06-04,11504.65,LAPSED,2026-08-15
POL000692,BRK0037,General Liability,2024-01-24,2025-01-23,7520.9,CANCELLED,2026-08-15
POL000703,BRK0020,Cyber,2026-03-22,2027-03-22,6470.43,LAPSED,2026-08-15
POL002092,BRK0004,Commercial Auto,2024-03-05,2025-03-05,2338.89,LAPSED,2026-08-15
POL004124,BRK0034,General Liability,2025-06-18,2026-06-18,13391.24,LAPSED,2026-08-15
POL001207,BRK0019,Commercial Auto,2025-10-25,2026-10-25,17340.49,LAPSED,2026-08-15
POL004152,BRK0026,Cyber,2024-10-14,2025-10-14,7805.17,LAPSED,2026-08-15
POL002200,BRK0045,Cyber,,2027-03-08,13351.63,CANCELLED,2026-08-15
POL001083,BRK0030,General Liability,2026-01-12,2027-01-12,15343.36,CANCELLED,2026-08-15
POL001400,BRK0035,Marine,2026-05-29,2027-05-29,6872.47,RENEWED,2026-08-15
POL004690,BRK0043,Property,2024-11-14,2025-11-14,1306.96,CANCELLED,2026-08-15
POL002188,BRK0002,Commercial Auto,2025-11-10,2026-11-10,18505.59,LAPSED,2026-08-15
POL002372,BRK0002,Marine,2025-10-21,2026-10-21,12662.56,LAPSED,2026-08-15
POL003634,BRK0009,General Liability,2024-11-01,2025-11-01,15911.84,CANCELLED,2026-08-15
POL003043,BRK0001,Cyber,2024-07-25,2025-07-25,8340.0,RENEWED,2026-08-15
POL003340,BRK0023,Cyber,2025-11-08,2026-11-08,21389.3,RENEWED,2026-08-15
POL004772,BRK0031,Cyber,2026-01-30,2027-01-30,4615.78,LAPSED,2026-08-15
POL001001,BRK0027,Cyber,N/A,2025-10-11,22062.41,ACTIVE,2026-08-15
POL004042,BRK0050,Marine,2024-11-19,2025-11-19,19112.46,RENEWED,2026-08-15
POL001900,BRK0030,Cyber,2025-06-21,2026-06-21,18858.91,CANCELLED,2026-08-15
POL000590,BRK0042,Cyber,2024-10-18,2025-10-18,4968.98,CANCELLED,2026-08-15
POL001160,BRK0030,Property,2025-12-24,2026-12-24,7527.08,RENEWED,2026-08-15
POL004161,BRK0021,General Liability,2025-06-11,2026-06-11,14859.96,RENEWED,2026-08-15
POL000665,BRK0010,Property,2024-06-15,2025-06-15,18388.96,RENEWED,2026-08-15
POL003784,BRK0004,Marine,2026-03-22,2027-03-22,11739.9,LAPSED,2026-08-15
POL000113,BRK0048,Property,2025-08-24,2026-08-24,15583.48,CANCELLED,2026-08-15
POL002357,BRK0007,Marine,2024-03-26,2025-03-26,24663.87,ACTIVE,2026-08-15
POL000995,BRK0041,Marine,2026-04-20,2027-04-20,5462.25,RENEWED,2026-08-15
POL000890,BRK0044,Property,2026-01-14,2027-01-14,7609.73,CANCELLED,2026-08-15
POL001629,BRK0003,Cyber,2025-02-21,2026-02-21,4375.23,ACTIVE,2026-08-15
POL004600,BRK0011,General Liability,2024-03-15,2025-03-15,20770.31,CANCELLED,2026-08-15
POL004632,BRK0011,Cyber,2025-09-13,2026-09-13,16311.19,RENEWED,2026-08-15
POL003161,BRK0035,marine,2024-07-29,2025-07-29,17696.31,ACTIVE,2026-08-15
POL000246,BRK0005,Cyber,2025-12-18,2026-12-18,23377.5,ACTIVE,2026-08-15
POL003920,BRK0047,Commercial Auto,2024-07-05,2025-07-05,17313.31,LAPSED,2026-08-15
POL000949,BRK0048,General Liability,0000-00-00,2027-01-08,15454.83,LAPSED,2026-08-15
POL003318,BRK0029,Cyber,2025-03-21,2026-03-21,17350.77,RENEWED,2026-08-15
POL004755,BRK0049,Marine,2026-01-10,2027-01-10,15268.86,RENEWED,2026-08-15
POL002779,BRK0001,Marine,2024-05-19,2025-05-19,12216.75,ACTIVE,2026-08-15
POL001034,BRK0029,Marine,2025-03-12,2026-03-12,7188.98,ACTIVE,2026-08-15
POL004497,BRK0002,Property,2025-06-05,2026-06-05,18023.95,ACTIVE,2026-08-15
POL003440,BRK0009,Property,2024-11-08,2025-11-08,2804.41,LAPSED,2026-08-15
POL003650,BRK0041,Property,2025-11-23,2026-11-23,6290.19,LAPSED,2026-08-15
POL003016,BRK0033,Cyber,2026-05-17,2027-05-17,13364.4,LAPSED,2026-08-15
POL003393,BRK0018,Cyber,2024-09-04,2025-09-04,16946.65,CANCELLED,2026-08-15
POL003281,BRK0033,Marine,2025-10-30,2026-10-30,11343.34,ACTIVE,2026-08-15
POL000002,BRK0001,Marine,2025-01-23,2026-01-23,10863.68,RENEWED,2026-08-15
POL000150,BRK0037,Property,2025-04-05,2026-04-05,2015.91,ACTIVE,2026-08-15
POL004281,BRK0005,Commercial Auto,2026-04-17,2027-04-17,11187.16,RENEWED,2026-08-15
POL000382,BRK0016,General Liability,2025-11-03,2026-11-03,19219.22,LAPSED,2026-08-15
POL002832,BRK0037,Property,2026-04-29,2027-04-29,14928.34,RENEWED,2026-08-15
POL003649,BRK0030,Marine,0000-00-00,2026-04-13,9120.44,LAPSED,2026-08-15
POL000966,BRK0003,Marine,2024-03-10,2025-03-10,8776.67,RENEWED,2026-08-15
POL001639,BRK0014,Marine,2025-04-07,2026-04-07,7342.98,CANCELLED,2026-08-15
POL004045,BRK0045,marine,2024-08-11,2025-08-11,13311.42,ACTIVE,2026-08-15
POL001025,BRK0046,Commercial Auto,2026-06-18,2027-06-18,5146.21,RENEWED,2026-08-15
POL000317,BRK0004,General Liability,2025-09-26,2026-09-26,9906.63,RENEWED,2026-08-15
POL000531,BRK0047,General Liability,2026-06-18,2027-06-18,12049.63,RENEWED,2026-08-15
POL001886,BRK0044,Cyber,2024-01-25,2025-01-24,20102.47,RENEWED,2026-08-15
POL003770,BRK0028,Commercial Auto,2025-02-16,2026-02-16,5828.99,LAPSED,2026-08-15
POL004705,BRK0034,Marine,2024-03-26,2025-03-26,6123.92,CANCELLED,2026-08-15
POL002810,BRK0016,cyber,2026-04-13,2027-04-13,14827.15,LAPSED,2026-08-15
POL002679,BRK0008,Cyber,2025-05-22,2026-05-22,12112.04,ACTIVE,2026-08-15
POL003825,BRK0009,Commercial Auto,2026-06-18,2027-06-18,24609.21,CANCELLED,2026-08-15
POL003929,BRK0022,Property,2026-04-16,2027-04-16,17524.48,RENEWED,2026-08-15
POL000025,BRK0020,Cyber,2026-01-07,2027-01-07,7743.55,LAPSED,2026-08-15
POL001546,BRK0023,Commercial Auto,2025-07-28,2026-07-28,7649.66,CANCELLED,2026-08-15
POL003155,BRK0035,Commercial Auto,0000-00-00,2025-09-14,17904.24,ACTIVE,2026-08-15
POL003301,BRK0002,General Liability,2026-03-19,2027-03-19,7355.18,LAPSED,2026-08-15
POL003803,BRK0050,Commercial Auto,2025-05-06,2026-05-06,22718.35,ACTIVE,2026-08-15
POL002378,BRK0038,Commercial Auto,2024-07-07,2025-07-07,19587.91,LAPSED,2026-08-15
POL003604,BRK0046,Property,2025-02-11,2026-02-11,20764.65,LAPSED,2026-08-15
POL002420,BRK0003,  Property ,2026-04-14,2027-04-14,13460.55,RENEWED,2026-08-15
POL003180,BRK0035,cyber,2025-02-22,2026-02-22,2957.12,LAPSED,2026-08-15
POL002526,BRK0010,General Liability,2025-09-04,2026-09-04,17513.9,LAPSED,2026-08-15
POL004094,BRK0022,Commercial Auto,2024-06-25,2025-06-25,14095.72,ACTIVE,2026-08-15
POL003469,BRK0044,Commercial Auto,2024-01-21,2025-01-20,22227.05,LAPSED,2026-08-15
POL002908,BRK0021,Property,2025-01-19,2026-01-19,9122.3,LAPSED,2026-08-15
POL002017,BRK0021,General Liability,2024-10-12,2025-10-12,19656.51,LAPSED,2026-08-15
POL001195,BRK0026,Marine,2026-01-28,2027-01-28,4555.2,RENEWED,2026-08-15
POL003965,BRK0036,Commercial Auto,2026-03-21,2027-03-21,19088.06,CANCELLED,2026-08-15
POL003816,BRK0048,Cyber,2025-02-11,2026-02-11,20926.9,ACTIVE,2026-08-15
POL002384,BRK0011,Cyber,2024-03-30,2025-03-30,10183.41,LAPSED,2026-08-15
POL003221,BRK0048,Property,2024-05-19,2025-05-19,11904.09,ACTIVE,2026-08-15
POL004583,BRK0038,General Liability,2025-06-18,2026-06-18,17642.07,RENEWED,2026-08-15
POL004574,BRK0023,COMMERCIAL AUTO,2026-04-24,2027-04-24,19036.46,ACTIVE,2026-08-15
POL003062,BRK0002,marine,2026-04-15,2027-04-15,24160.24,ACTIVE,2026-08-15
POL000541,BRK0042,Cyber,2025-03-12,2026-03-12,9458.28,CANCELLED,2026-08-15
POL003647,BRK0017,Cyber,2025-02-05,2026-02-05,14969.62,LAPSED,2026-08-15
POL000173,BRK0041,Marine,2024-02-14,,8947.66,ACTIVE,2026-08-15
POL004195,BRK0026,General Liability,2024-05-07,2025-05-07,20627.24,CANCELLED,2026-08-15
POL000840,BRK0008,General Liability,2024-04-20,2025-04-20,1228.23,ACTIVE,2026-08-15
POL002444,BRK0047,Commercial Auto,2024-06-29,2025-06-29,21470.66,LAPSED,2026-08-15
POL003431,BRK0046,Property,2026-04-18,2027-04-18,17557.23,RENEWED,2026-08-15
POL001836,BRK0032,Commercial Auto,2025-11-26,2026-11-26,12103.14,RENEWED,2026-08-15
POL000969,BRK0035,Commercial Auto,2024-12-13,2025-12-13,16324.95,LAPSED,2026-08-15
POL000661,BRK0027,General Liability,2025-02-06,2026-02-06,17959.54,LAPSED,2026-08-15
POL000165,BRK0028,Commercial Auto,2026-04-30,2027-04-30,9064.83,ACTIVE,2026-08-15
POL002299,BRK0035,General Liability,2026-04-19,2027-04-19,11533.24,ACTIVE,2026-08-15
POL001941,BRK0009,General Liability,2025-04-05,2026-04-05,23972.6,LAPSED,2026-08-15
POL002479,BRK0013,Marine,2025-03-05,2026-03-05,6794.82,CANCELLED,2026-08-15
POL003690,BRK0032,Commercial Auto,2025-02-14,2026-02-14,17740.52,RENEWED,2026-08-15
POL004352,BRK0050,Cyber,2024-10-01,2025-10-01,13224.34,ACTIVE,2026-08-15
POL003254,BRK0049,Property,2024-07-28,2025-07-28,1062.05,LAPSED,2026-08-15
POL002202,BRK0002,General Liability,2024-08-05,2025-08-05,1128.32,RENEWED,2026-08-15
POL000532,BRK0015,Marine,2024-06-23,2025-06-23,5389.8,ACTIVE,2026-08-15
POL001472,BRK0021,Cyber,2025-06-19,2026-06-19,7609.82,LAPSED,2026-08-15
POL003990,BRK0009,Marine,2024-10-27,2025-10-27,3836.51,CANCELLED,2026-08-15
POL000339,BRK0044,  Property ,N/A,2026-10-18,18199.58,LAPSED,2026-08-15
POL003691,BRK0007,GENERAL LIABILITY,2024-01-08,2025-01-07,25911.61,CANCELLED,2026-08-15
POL002820,BRK0011,Commercial Auto,2024-10-11,2025-10-11,21740.62,ACTIVE,2026-08-15
POL002584,BRK0036,Cyber,2024-01-01,2024-12-31,1508.15,RENEWED,2026-08-15
POL002542,BRK0043,Cyber,2025-10-23,2026-10-23,5964.36,ACTIVE,2026-08-15
POL002168,BRK0040,Commercial Auto,2024-05-25,2025-05-25,11612.55,LAPSED,2026-08-15
POL002377,BRK0021,General Liability,2025-01-23,2026-01-23,11754.77,CANCELLED,2026-08-15
POL002118,BRK0005,Cyber,2026-01-20,2027-01-20,14480.15,CANCELLED,2026-08-15
POL004739,BRK0020,Commercial Auto,2024-07-02,2025-07-02,16131.9,CANCELLED,2026-08-15
POL004715,BRK0045,Commercial Auto,2024-01-08,2025-01-07,18919.5,ACTIVE,2026-08-15
POL003660,BRK0027,Commercial Auto,2026-01-29,2027-01-29,15137.75,RENEWED,2026-08-15
POL004581,BRK0041,Commercial Auto,2025-09-13,2026-09-13,506.34,ACTIVE,2026-08-15
POL002602,BRK0028,General Liability,2024-06-09,2025-06-09,8989.37,CANCELLED,2026-08-15
POL003729,BRK0035,  Marine ,2024-11-28,2025-11-28,24942.84,ACTIVE,2026-08-15
POL000603,BRK0021,Cyber,2024-08-26,2025-08-26,11248.61,LAPSED,2026-08-15
POL001360,BRK0025,Commercial Auto,2025-07-31,2026-07-31,16601.19,RENEWED,2026-08-15
POL001112,BRK0028,Marine,2024-12-22,2025-12-22,18489.8,CANCELLED,2026-08-15
POL002194,BRK0048,  Property ,2025-09-29,2026-09-29,5605.85,ACTIVE,2026-08-15
POL004070,BRK0044,GENERAL LIABILITY,2025-02-20,2026-02-20,17482.75,CANCELLED,2026-08-15
POL003039,BRK0015,Commercial Auto,2026-03-31,2027-03-31,3927.85,CANCELLED,2026-08-15
POL000992,BRK0030,General Liability,2024-05-07,2025-05-07,984.65,CANCELLED,2026-08-15
POL000087,BRK0035,Marine,2025-04-02,2026-04-02,11655.94,CANCELLED,2026-08-15
POL003061,BRK0037,Cyber,2024-06-07,2025-06-07,19179.24,LAPSED,2026-08-15
POL000415,BRK0026,General Liability,2024-02-09,2025-02-08,7080.32,CANCELLED,2026-08-15
POL004843,BRK0005,Property,2024-04-29,2025-04-29,5090.46,CANCELLED,2026-08-15
POL003385,BRK0028,Cyber,2024-09-02,2025-09-02,20837.56,LAPSED,2026-08-15
POL004091,BRK0020,Property,2025-01-06,2026-01-06,5715.7,CANCELLED,2026-08-15
POL002361,BRK0037,General Liability,2026-03-14,2027-03-14,11106.82,CANCELLED,2026-08-15
POL001227,BRK0030,Property,2024-10-28,2025-10-28,10816.39,LAPSED,2026-08-15
POL004390,BRK0039,Property,2024-02-21,2025-02-20,6571.42,RENEWED,2026-08-15
POL003810,BRK0031,Cyber,2026-02-22,2027-02-22,9449.64,ACTIVE,2026-08-15
POL000669,BRK0012,property,2024-02-20,2025-02-19,16841.42,CANCELLED,2026-08-15
POL001763,BRK0019,Cyber,2025-04-25,2026-04-25,726.95,ACTIVE,2026-08-15
POL004827,BRK0047,General Liability,2025-11-25,2026-11-25,16475.29,ACTIVE,2026-08-15
POL004221,BRK0038,Cyber,2024-05-25,2025-05-25,8141.27,LAPSED,2026-08-15
POL004334,BRK0013,Commercial Auto,2024-10-27,2025-10-27,12052.95,CANCELLED,2026-08-15
POL001257,BRK0018,MARINE,2024-04-27,2025-04-27,5730.02,ACTIVE,2026-08-15
POL000932,BRK0046,Marine,2025-09-08,2026-09-08,25260.77,ACTIVE,2026-08-15
POL000419,BRK0004,Cyber,2026-04-20,2027-04-20,10382.94,ACTIVE,2026-08-15
POL000337,BRK0008,Marine,2026-04-16,2027-04-16,2688.61,ACTIVE,2026-08-15
POL001778,BRK0014,Marine,2026-04-02,2027-04-02,8795.22,CANCELLED,2026-08-15
POL001621,BRK0008,marine,2025-06-04,2026-06-04,21508.58,CANCELLED,2026-08-15
POL002863,BRK0006,Marine,2024-06-27,2025-06-27,15283.44,ACTIVE,2026-08-15
POL004116,BRK0031,  Commercial Auto ,2026-01-04,2027-01-04,6477.13,CANCELLED,2026-08-15
POL003786,BRK0031,Property,2024-11-18,2025-11-18,24429.56,CANCELLED,2026-08-15
POL000705,BRK0022,Cyber,2025-08-03,2026-08-03,18614.49,RENEWED,2026-08-15
POL001100,BRK0028,Property,2026-01-20,2027-01-20,12418.55,ACTIVE,2026-08-15
POL000858,BRK0014,General Liability,2025-03-13,2026-03-13,20201.1,RENEWED,2026-08-15
POL001372,BRK0050,Marine,2025-01-03,2026-01-03,17217.85,RENEWED,2026-08-15
POL002056,BRK0036,Property,2024-04-24,2026-13-45,8679.37,RENEWED,2026-08-15
POL002724,BRK0010,General Liability,2025-05-18,2026-05-18,12533.64,RENEWED,2026-08-15
POL002374,BRK0018,Property,2025-05-27,2026-05-27,14471.76,CANCELLED,2026-08-15
POL003131,BRK0016,cyber,2025-01-13,2026-01-13,12440.35,CANCELLED,2026-08-15
POL003483,BRK0010,Property,2025-11-21,2026-11-21,12181.06,ACTIVE,2026-08-15
POL000507,BRK0036,Cyber,2024-01-12,2025-01-11,10155.0,ACTIVE,2026-08-15
POL001570,BRK0019,Property,2025-11-20,2026-11-20,7662.16,RENEWED,2026-08-15
POL003166,BRK0025,General Liability,2025-05-17,2026-05-17,14075.64,ACTIVE,2026-08-15
POL000790,BRK0018,Commercial Auto,2024-06-17,2025-06-17,13256.85,ACTIVE,2026-08-15
POL002944,BRK0024,Property,2025-11-16,2026-11-16,16342.01,RENEWED,2026-08-15
POL000297,BRK0008,Cyber,2025-01-08,2026-01-08,19306.64,ACTIVE,2026-08-15
POL001427,BRK0001,Cyber,2024-06-04,2025-06-04,8350.7,LAPSED,2026-08-15
POL000785,BRK0022,Property,2024-05-21,2025-05-21,18930.79,LAPSED,2026-08-15
POL003414,BRK0037,Marine,2026-05-02,2027-05-02,15206.55,CANCELLED,2026-08-15
POL004514,BRK0043,Marine,2024-09-01,2025-09-01,20767.35,LAPSED,2026-08-15
POL001215,BRK0046,Commercial Auto,2025-12-04,2026-12-04,23933.43,CANCELLED,2026-08-15
POL001482,BRK0033,Marine,2024-05-20,2025-05-20,19242.68,ACTIVE,2026-08-15
POL002264,BRK0040,Cyber,2025-12-14,2026-12-14,8152.58,ACTIVE,2026-08-15
POL003308,BRK0028,Commercial Auto,2025-03-03,2026-03-03,22946.65,ACTIVE,2026-08-15
POL002284,BRK0028,Commercial Auto,2025-10-15,2026-10-15,5495.33,CANCELLED,2026-08-15
POL003171,BRK0020,  Commercial Auto ,2026-01-27,2027-01-27,20313.79,RENEWED,2026-08-15
POL004721,BRK0035,Property,2026-05-31,2027-05-31,4878.67,LAPSED,2026-08-15
POL000942,BRK0024,General Liability,2025-10-24,2026-10-24,24256.1,ACTIVE,2026-08-15
POL003361,BRK0047,Property,2026-01-06,2027-01-06,18954.81,ACTIVE,2026-08-15
POL000127,BRK0028,Commercial Auto,2024-04-05,2025-04-05,1969.53,CANCELLED,2026-08-15
POL004802,BRK0006,General Liability,2026-02-16,2027-02-16,4015.8,CANCELLED,2026-08-15
POL000111,BRK0030,General Liability,2025-10-12,2026-10-12,1411.7,RENEWED,2026-08-15
POL004663,BRK0022,Property,2024-04-18,2025-04-18,21814.06,CANCELLED,2026-08-15
POL002449,BRK0026,Commercial Auto,2025-04-25,2026-04-25,13030.54,RENEWED,2026-08-15
POL000580,BRK0007,commercial auto,2025-02-10,2026-02-10,10226.81,ACTIVE,2026-08-15
POL000586,BRK0024,Marine,2024-11-11,N/A,8925.18,RENEWED,2026-08-15
POL002980,BRK0032,Commercial Auto,2025-03-09,2026-03-09,14516.0,CANCELLED,2026-08-15
POL002322,BRK0034,Marine,2025-04-28,2026-04-28,19540.09,LAPSED,2026-08-15
POL000583,BRK0021,Marine,2026-05-31,2027-05-31,17215.46,RENEWED,2026-08-15
POL004630,BRK0009,Cyber,2025-06-25,2026-06-25,9334.52,CANCELLED,2026-08-15
POL003562,BRK0017,General Liability,2025-03-10,2026-03-10,9601.87,RENEWED,2026-08-15
POL001901,BRK0027,Property,2025-06-20,2026-06-20,5568.88,CANCELLED,2026-08-15
POL003122,BRK0005,Commercial Auto,2026-05-20,2027-05-20,5978.87,ACTIVE,2026-08-15
POL002246,BRK0007,Marine,2024-12-28,2025-12-28,16208.83,LAPSED,2026-08-15
POL002971,BRK0032,General Liability,2024-12-23,2025-12-23,15939.03,LAPSED,2026-08-15
POL000435,BRK0017,Cyber,2025-01-15,2026-01-15,21726.64,ACTIVE,2026-08-15
POL003952,BRK0030,Cyber,2024-09-01,2025-09-01,20007.42,RENEWED,2026-08-15
POL001665,BRK0041,Marine,2025-02-12,2026-02-12,1091.54,CANCELLED,2026-08-15
POL000522,BRK0015,Commercial Auto,2025-01-13,2026-01-13,10008.28,RENEWED,2026-08-15
POL003663,BRK0025,Property,2024-05-27,2025-05-27,20293.48,RENEWED,2026-08-15
POL002223,BRK0017,  Commercial Auto ,2024-05-07,2025-05-07,19322.68,ACTIVE,2026-08-15
POL003092,BRK0029,Marine,2025-01-21,2026-01-21,10639.64,ACTIVE,2026-08-15
POL003050,BRK0036,Cyber,2025-09-29,2026-09-29,6271.38,RENEWED,2026-08-15
POL000239,BRK0019,General Liability,2025-10-16,2026-10-16,4253.05,CANCELLED,2026-08-15
POL003456,BRK0017,Commercial Auto,2025-09-18,2026-09-18,7555.27,CANCELLED,2026-08-15
POL002078,BRK0022,Cyber,2024-05-30,2025-05-30,8085.04,LAPSED,2026-08-15
POL002067,BRK0010,  Marine ,2025-01-30,2026-01-30,19306.07,CANCELLED,2026-08-15
POL002585,BRK0043,Cyber,2024-11-08,2025-11-08,6916.83,ACTIVE,2026-08-15
POL002851,BRK0027,  Commercial Auto ,2026-03-16,2027-03-16,24142.44,CANCELLED,2026-08-15
POL004283,BRK0030,Marine,2025-08-29,2026-08-29,24898.2,ACTIVE,2026-08-15
POL000187,BRK0008,General Liability,2025-07-29,2026-07-29,15490.99,RENEWED,2026-08-15
POL003559,BRK0041,Property,2025-09-06,2026-09-06,13667.5,RENEWED,2026-08-15
POL004823,BRK0004,Property,2024-09-12,2025-09-12,20713.8,LAPSED,2026-08-15
POL002729,BRK0006,Property,2026-04-29,2027-04-29,1394.24,ACTIVE,2026-08-15
POL004867,BRK0024,Marine,2024-02-25,2025-02-24,2142.94,RENEWED,2026-08-15
POL001599,BRK0018,Cyber,2024-09-12,2025-09-12,8895.95,CANCELLED,2026-08-15
POL002391,BRK0036,Commercial Auto,2025-07-17,2026-07-17,11861.88,RENEWED,2026-08-15
POL003397,BRK0029,Commercial Auto,2025-03-25,2026-03-25,18877.05,RENEWED,2026-08-15
POL001073,BRK0050,Property,2025-11-25,2026-11-25,8290.19,RENEWED,2026-08-15
POL001712,BRK0043,General Liability,2024-09-03,2025-09-03,9608.7,RENEWED,2026-08-15
POL001213,BRK0035,COMMERCIAL AUTO,2025-10-04,2026-10-04,13032.79,RENEWED,2026-08-15
POL003279,BRK0030,Property,2025-10-16,2026-10-16,12105.37,RENEWED,2026-08-15
POL000363,BRK0032,Commercial Auto,2025-03-05,2026-03-05,1575.56,LAPSED,2026-08-15
POL004107,BRK0040,PROPERTY,2025-02-10,2026-02-10,23824.86,CANCELLED,2026-08-15
POL003129,BRK0026,Commercial Auto,2024-12-30,2025-12-30,27372.14,CANCELLED,2026-08-15
POL003575,BRK0029,Property,2025-02-22,2026-02-22,24537.32,CANCELLED,2026-08-15
POL002579,BRK0016,General Liability,2025-04-18,2026-04-18,6699.92,RENEWED,2026-08-15
POL004017,BRK0042,General Liability,2025-02-07,2026-02-07,5746.27,CANCELLED,2026-08-15
POL004681,BRK0048,Marine,2024-10-30,2025-10-30,15778.83,RENEWED,2026-08-15
POL002902,BRK0044,General Liability,2024-07-18,2025-07-18,9846.39,LAPSED,2026-08-15
POL003811,BRK0015,General Liability,2025-05-04,2026-05-04,3475.16,LAPSED,2026-08-15
POL004286,BRK0049,Property,2025-11-15,2026-11-15,18291.88,RENEWED,2026-08-15
POL003458,BRK0029,General Liability,2024-01-22,2025-01-21,21618.24,LAPSED,2026-08-15
POL001074,BRK0022,Commercial Auto,2024-03-10,2025-03-10,16270.76,CANCELLED,2026-08-15
POL004538,BRK0009,Commercial Auto,2025-10-17,2026-10-17,10349.28,LAPSED,2026-08-15
POL001931,BRK0001,Property,2025-09-21,2026-09-21,12513.82,CANCELLED,2026-08-15
POL004588,BRK0033,Cyber,2025-03-30,2026-03-30,19643.57,CANCELLED,2026-08-15
POL001735,BRK0014,Property,2024-09-08,2025-09-08,19711.08,CANCELLED,2026-08-15
POL000783,BRK0022,Commercial Auto,2025-09-27,2026-09-27,1763.28,RENEWED,2026-08-15
POL000213,BRK0033,Cyber,2025-06-03,2026-06-03,907.61,CANCELLED,2026-08-15
POL003971,BRK0019,General Liability,2024-12-04,2025-12-04,7725.32,ACTIVE,2026-08-15
POL000626,BRK0028,Marine,2024-12-22,2025-12-22,18818.13,ACTIVE,2026-08-15
POL004285,BRK0031,Cyber,2025-12-23,2026-12-23,20309.77,CANCELLED,2026-08-15
POL002652,BRK0014,Commercial Auto,2026-03-24,2027-03-24,12634.78,CANCELLED,2026-08-15
POL000721,BRK0040,Commercial Auto,2025-06-19,2026-06-19,16883.57,CANCELLED,2026-08-15
POL004505,BRK0010,Property,2026-02-17,2027-02-17,18998.0,RENEWED,2026-08-15
POL003445,BRK0005,General Liability,2025-11-04,2026-11-04,14610.97,ACTIVE,2026-08-15
POL002756,BRK0026,Property,2024-08-06,2025-08-06,1423.87,ACTIVE,2026-08-15
POL003350,BRK0009,Commercial Auto,2025-11-23,2026-11-23,24005.83,ACTIVE,2026-08-15
POL001982,BRK0009,Marine,2024-12-18,2025-12-18,7099.33,ACTIVE,2026-08-15
POL004314,BRK0022,CYBER,2024-12-10,2025-12-10,10868.94,CANCELLED,2026-08-15
POL001653,BRK0018,GENERAL LIABILITY,2025-11-19,2026-11-19,19405.62,RENEWED,2026-08-15
POL004047,BRK0016,Property,2024-07-21,2025-07-21,18939.59,CANCELLED,2026-08-15
POL002676,BRK0029,Property,2025-11-01,2026-11-01,9826.53,ACTIVE,2026-08-15
POL000821,BRK0022,Property,2025-02-25,2026-02-25,5116.21,ACTIVE,2026-08-15
POL001159,BRK0037,  General Liability ,2025-01-22,2026-01-22,19549.44,RENEWED,2026-08-15
POL004487,BRK0039,Marine,2024-01-27,2025-01-26,24444.51,RENEWED,2026-08-15
POL002988,BRK0039,General Liability,2024-01-27,2025-01-26,20525.8,RENEWED,2026-08-15
POL004819,BRK0048,Commercial Auto,2024-12-10,2025-12-10,11088.03,RENEWED,2026-08-15
POL004005,BRK0027,general liability,2024-06-12,2025-06-12,8414.26,ACTIVE,2026-08-15
POL001758,BRK0010,Cyber,2024-03-07,2025-03-07,736.31,ACTIVE,2026-08-15
POL002108,BRK0030,Marine,2024-05-25,2025-05-25,843.33,LAPSED,2026-08-15
POL001798,BRK0022,Commercial Auto,2024-12-31,2025-12-31,13855.23,RENEWED,2026-08-15
POL003967,BRK0038,Property,2024-06-27,2025-06-27,13917.26,CANCELLED,2026-08-15
POL004563,BRK0029,Property,2024-06-26,2025-06-26,20722.72,RENEWED,2026-08-15
POL000506,BRK0010,General Liability,2025-10-11,2026-10-11,18368.45,CANCELLED,2026-08-15
POL003662,BRK0030,Marine,2025-03-27,2026-03-27,5525.45,RENEWED,2026-08-15
POL001535,BRK0047,Cyber,2026-04-25,2027-04-25,1438.04,ACTIVE,2026-08-15
POL002987,BRK0031,Commercial Auto,2026-05-17,,14309.72,LAPSED,2026-08-15
POL000403,BRK0002,Property,2024-04-09,2025-04-09,21172.34,CANCELLED,2026-08-15
POL003453,BRK0020,Property,2026-03-13,2027-03-13,553.91,RENEWED,2026-08-15
POL000128,BRK0008,Marine,2025-11-17,2026-11-17,21768.26,ACTIVE,2026-08-15
POL002841,BRK0018,Commercial Auto,2024-09-08,2025-09-08,19807.49,RENEWED,2026-08-15
POL004350,BRK0006,General Liability,2024-09-12,2025-09-12,3701.39,LAPSED,2026-08-15
POL004341,BRK0036,Marine,2025-07-10,2026-07-10,2038.21,LAPSED,2026-08-15
POL001672,BRK0011,Property,2026-02-11,2027-02-11,22766.34,CANCELLED,2026-08-15
POL004173,BRK0015,Commercial Auto,2025-10-27,2026-10-27,24779.13,LAPSED,2026-08-15
POL001043,BRK0043,General Liability,2025-05-26,2026-05-26,10382.53,CANCELLED,2026-08-15
POL000487,BRK0017,Property,2026-01-31,2027-01-31,20834.6,CANCELLED,2026-08-15
POL000208,BRK0004,Cyber,2025-02-14,2026-02-14,9965.55,RENEWED,2026-08-15
POL000328,BRK0027,Marine,2025-10-04,2026-10-04,2780.82,CANCELLED,2026-08-15
POL000271,BRK0003,Commercial Auto,2025-06-20,2026-06-20,10603.61,LAPSED,2026-08-15
POL004099,BRK0003,Property,2025-04-02,2026-04-02,11775.98,CANCELLED,2026-08-15
POL004290,BRK0007,Property,2025-11-19,2026-11-19,12763.44,ACTIVE,2026-08-15
POL001664,BRK0048,Commercial Auto,2026-01-05,2027-01-05,14546.95,ACTIVE,2026-08-15
POL002387,BRK0039,property,2025-12-12,2026-12-12,21125.42,LAPSED,2026-08-15
POL001149,BRK0040,marine,2026-01-16,2027-01-16,4501.32,RENEWED,2026-08-15
POL004580,BRK0022,Commercial Auto,2025-06-13,2026-06-13,11619.78,CANCELLED,2026-08-15
POL004262,BRK0022,Marine,2025-06-04,2026-06-04,18796.11,RENEWED,2026-08-15
POL000420,BRK0013,Property,2024-06-26,2025-06-26,22991.76,LAPSED,2026-08-15
POL001040,BRK0015,Property,2024-08-21,2025-08-21,17487.4,ACTIVE,2026-08-15
POL004758,BRK0028,Property,2025-02-24,2026-02-24,17433.33,LAPSED,2026-08-15
POL003196,BRK0024,Cyber,2026-03-14,2027-03-14,22365.59,CANCELLED,2026-08-15
POL004682,BRK0005,Cyber,2026-02-13,2027-02-13,12742.59,RENEWED,2026-08-15
POL001822,BRK0024,Marine,2025-09-04,2026-09-04,22594.61,LAPSED,2026-08-15
POL000871,BRK0014,Property,2025-03-09,2026-03-09,10505.2,ACTIVE,2026-08-15
POL000569,BRK0016,Cyber,2026-04-03,2027-04-03,23999.12,LAPSED,2026-08-15
POL004454,BRK0038,Commercial Auto,2024-03-28,2025-03-28,14475.51,CANCELLED,2026-08-15
POL003489,BRK0016,Marine,2026-02-10,2027-02-10,1113.04,LAPSED,2026-08-15
POL003103,BRK0047,Property,2026-01-16,2027-01-16,7569.44,CANCELLED,2026-08-15
POL003349,BRK0036,COMMERCIAL AUTO,2024-09-04,2025-09-04,3428.21,RENEWED,2026-08-15
POL002777,BRK0037,Property,2024-06-14,2025-06-14,13437.89,LAPSED,2026-08-15
POL003261,BRK0017,COMMERCIAL AUTO,2024-10-19,2025-10-19,10438.84,CANCELLED,2026-08-15
POL001618,BRK0026,Property,2025-03-25,2026-03-25,2774.87,LAPSED,2026-08-15
POL000991,BRK0008,General Liability,2025-11-19,2026-11-19,9345.02,CANCELLED,2026-08-15
POL004498,BRK0009,Commercial Auto,2024-02-15,2025-02-14,1081.52,ACTIVE,2026-08-15
POL004968,BRK0034,Commercial Auto,2026-01-25,2027-01-25,16193.86,ACTIVE,2026-08-15
POL000373,BRK0038,General Liability,2025-08-19,2026-08-19,5344.88,RENEWED,2026-08-15
POL000347,BRK0019,Cyber,2025-06-02,2026-06-02,15669.28,RENEWED,2026-08-15
POL001614,BRK0020,Property,2024-07-30,2025-07-30,1466.59,LAPSED,2026-08-15
POL004899,BRK0043,Cyber,2024-06-19,2025-06-19,11487.78,ACTIVE,2026-08-15
POL002230,BRK0012,Property,2025-03-23,2026-03-23,15080.47,ACTIVE,2026-08-15
POL000965,BRK0020,General Liability,2024-02-19,2025-02-18,3497.03,CANCELLED,2026-08-15
POL001732,BRK0020,property,2025-03-18,2026-03-18,6061.15,RENEWED,2026-08-15
POL000184,BRK0039,MARINE,2026-05-19,2027-05-19,9372.69,ACTIVE,2026-08-15
POL003218,BRK0007,Marine,2025-03-16,2026-03-16,18089.57,CANCELLED,2026-08-15
POL004783,BRK0017,marine,2024-05-19,2025-05-19,6543.93,RENEWED,2026-08-15
POL001331,BRK0024,marine,2024-09-16,2025-09-16,13186.86,RENEWED,2026-08-15
POL000040,BRK0048,Cyber,2025-07-05,2026-07-05,7186.92,RENEWED,2026-08-15
POL003834,BRK0008,COMMERCIAL AUTO,2025-06-03,2026-06-03,1342.93,RENEWED,2026-08-15
POL003931,BRK0021,Marine,2025-03-02,2026-03-02,11132.42,LAPSED,2026-08-15
POL002913,BRK0050,Cyber,2025-09-10,2026-09-10,4520.03,RENEWED,2026-08-15
POL003225,BRK0009,Commercial Auto,2024-03-09,2025-03-09,17657.18,CANCELLED,2026-08-15
POL002113,BRK0002,Marine,2026-01-26,2027-01-26,11002.89,ACTIVE,2026-08-15
POL002045,BRK0047,Commercial Auto,2026-06-05,2027-06-05,19906.3,CANCELLED,2026-08-15
POL001026,BRK0024,General Liability,2025-12-12,2026-12-12,1631.78,LAPSED,2026-08-15
POL001435,BRK0029,Cyber,2026-01-19,2027-01-19,18048.15,ACTIVE,2026-08-15
POL004500,BRK0029,Property,2025-06-29,2026-06-29,14561.59,ACTIVE,2026-08-15
POL000367,BRK0009,Cyber,2024-07-26,2025-07-26,8193.82,ACTIVE,2026-08-15
POL004383,BRK0045,Cyber,2024-03-26,2025-03-26,15171.29,LAPSED,2026-08-15
POL001403,BRK0020,Cyber,2024-05-07,2025-05-07,11373.31,ACTIVE,2026-08-15
POL000956,BRK0020,General Liability,2024-12-24,2025-12-24,3929.3,RENEWED,2026-08-15
POL002747,BRK0041,Marine,2026-05-15,2027-05-15,906.11,RENEWED,2026-08-15
POL004996,BRK0017,Cyber,2024-02-02,2025-02-01,17989.97,RENEWED,2026-08-15
POL002530,BRK0013,Property,31/12/2025,2027-05-20,5457.74,CANCELLED,2026-08-15
POL001762,BRK0034,Property,2025-10-02,2026-10-02,15333.72,LAPSED,2026-08-15
POL001373,BRK0014,Cyber,2024-07-13,2025-07-13,22544.02,LAPSED,2026-08-15
POL003147,BRK0037,General Liability,2026-04-20,2027-04-20,3191.01,RENEWED,2026-08-15
POL001325,BRK0001,Commercial Auto,2026-01-21,2027-01-21,18607.72,LAPSED,2026-08-15
POL004165,BRK0047,general liability,2025-10-02,2026-10-02,16960.15,LAPSED,2026-08-15
POL003165,BRK0045,Commercial Auto,2025-05-11,2026-05-11,12172.7,CANCELLED,2026-08-15
POL001491,BRK0012,Marine,2025-05-17,2026-05-17,3644.5,RENEWED,2026-08-15
POL002086,BRK0049,General Liability,2025-08-27,2026-08-27,2790.69,RENEWED,2026-08-15
POL004713,BRK0012,Commercial Auto,2025-05-10,2026-05-10,945.11,LAPSED,2026-08-15
POL004054,BRK0016,cyber,2024-05-28,2025-05-28,11254.91,CANCELLED,2026-08-15
POL001647,BRK0049,Property,2026-05-13,2027-05-13,5453.81,ACTIVE,2026-08-15
POL004885,BRK0019,Property,2025-05-17,2026-05-17,6885.68,RENEWED,2026-08-15
POL003852,BRK0005,Property,2024-11-30,2025-11-30,2983.84,RENEWED,2026-08-15
POL002280,BRK0046,Commercial Auto,2024-10-14,2025-10-14,20474.5,CANCELLED,2026-08-15
POL000361,BRK0035,Property,2026-01-20,2027-01-20,13767.86,ACTIVE,2026-08-15
POL001760,BRK0043,Commercial Auto,2026-03-15,2027-03-15,22991.05,ACTIVE,2026-08-15
POL000918,BRK0006,  Cyber ,2025-08-22,2026-08-22,4964.1,RENEWED,2026-08-15
POL002502,BRK0019,Property,2025-04-13,2026-04-13,8682.39,ACTIVE,2026-08-15
POL001039,BRK0038,Commercial Auto,2025-02-19,2026-02-19,4157.39,RENEWED,2026-08-15
POL002430,BRK0011,Marine,2024-09-10,2025-09-10,9630.06,ACTIVE,2026-08-15
POL002533,BRK0044,Marine,2025-09-20,2026-09-20,19269.17,CANCELLED,2026-08-15
POL004542,BRK0049,Cyber,2025-11-15,2026-11-15,3970.89,ACTIVE,2026-08-15
POL004208,BRK0007,Commercial Auto,2025-05-29,2026-05-29,4189.79,CANCELLED,2026-08-15
POL001062,BRK0031,General Liability,2024-05-23,,4842.3,ACTIVE,2026-08-15
POL004762,BRK0018,General Liability,2024-07-27,2025-07-27,8818.58,CANCELLED,2026-08-15
POL001473,BRK0040,General Liability,2026-04-02,2027-04-02,23436.96,LAPSED,2026-08-15
POL000294,BRK0040,Marine,2024-12-06,2025-12-06,20479.15,LAPSED,2026-08-15
POL003426,BRK0034,General Liability,2025-01-15,2026-01-15,24208.3,LAPSED,2026-08-15
POL001925,BRK0024,Commercial Auto,2024-12-07,2025-12-07,23231.97,RENEWED,2026-08-15
POL003435,BRK0043,General Liability,2025-12-13,2026-12-13,3822.48,CANCELLED,2026-08-15
POL000839,BRK0031,Cyber,2024-12-30,2025-12-30,4110.67,RENEWED,2026-08-15
POL002510,BRK0014,Commercial Auto,2024-08-08,2025-08-08,11976.93,ACTIVE,2026-08-15
POL001290,BRK0021,Property,2024-01-31,2025-01-30,7055.97,RENEWED,2026-08-15
POL004102,BRK0047,General Liability,2025-05-18,2026-05-18,4812.06,RENEWED,2026-08-15
POL000533,BRK0047,General Liability,2024-06-20,2025-06-20,9766.18,LAPSED,2026-08-15
POL001498,BRK0030,Commercial Auto,2025-08-02,2026-08-02,5947.4,RENEWED,2026-08-15
POL001661,BRK0018,Commercial Auto,2025-11-12,2026-11-12,15362.7,RENEWED,2026-08-15
POL003795,BRK0036,Marine,2026-06-16,2027-06-16,14978.08,CANCELLED,2026-08-15
POL002243,BRK0041,Commercial Auto,2025-11-11,2026-11-11,3388.89,ACTIVE,2026-08-15
POL004614,BRK0016,Property,2026-03-17,2027-03-17,7305.58,ACTIVE,2026-08-15
POL003258,BRK0017,Cyber,2024-05-29,2025-05-29,25776.17,LAPSED,2026-08-15
POL004647,BRK0031,Cyber,2025-03-20,2026-03-20,2716.17,ACTIVE,2026-08-15
POL002647,BRK0017,  General Liability ,2025-01-21,2026-01-21,22385.88,RENEWED,2026-08-15
POL000814,BRK0018,Marine,2026-02-22,2027-02-22,14736.11,RENEWED,2026-08-15
POL000919,BRK0006,Marine,2024-02-16,2025-02-15,11647.45,RENEWED,2026-08-15
POL004969,BRK0036,Marine,2024-10-21,2025-10-21,1646.79,CANCELLED,2026-08-15
POL004180,BRK0023,Commercial Auto,2024-10-22,2025-10-22,1699.35,LAPSED,2026-08-15
POL001883,BRK0002,Marine,2024-11-25,2025-11-25,5534.0,LAPSED,2026-08-15
POL003625,BRK0016,General Liability,2024-07-22,2025-07-22,5022.31,LAPSED,2026-08-15
POL003365,BRK0022,Commercial Auto,2024-11-14,2025-11-14,13726.4,LAPSED,2026-08-15
POL000693,BRK0029,Commercial Auto,2026-03-02,2027-03-02,23978.3,ACTIVE,2026-08-15
POL001943,BRK0033,Cyber,2024-09-02,2025-09-02,4922.57,ACTIVE,2026-08-15
POL002796,BRK0005,Marine,2026-06-08,N/A,20252.47,ACTIVE,2026-08-15
POL002405,BRK0020,Marine,2025-04-25,2026-04-25,14759.99,LAPSED,2026-08-15
POL004476,BRK0041,Property,2025-11-17,2026-11-17,13141.33,RENEWED,2026-08-15
POL003806,BRK0020,Marine,2025-08-04,2026-08-04,18082.59,LAPSED,2026-08-15
POL004106,BRK0020,General Liability,2024-07-17,2025-07-17,11217.85,LAPSED,2026-08-15
POL003949,BRK0049,Property,2024-09-17,2025-09-17,15580.49,CANCELLED,2026-08-15
POL000309,BRK0028,Marine,2025-07-27,2026-07-27,16191.73,RENEWED,2026-08-15
POL004861,BRK0014,Marine,2026-04-08,2027-04-08,18141.03,CANCELLED,2026-08-15
POL002697,BRK0047,Marine,2026-01-31,2027-01-31,9302.35,CANCELLED,2026-08-15
POL000269,BRK0049,Marine,2024-09-20,2025-09-20,4621.72,CANCELLED,2026-08-15
POL002595,BRK0039,Marine,2025-09-17,2026-09-17,19318.9,LAPSED,2026-08-15
POL002787,BRK0039,Marine,2025-05-27,2026-05-27,11190.19,ACTIVE,2026-08-15
POL004216,BRK0003,Cyber,2025-12-26,2026-12-26,8363.35,RENEWED,2026-08-15
POL004320,BRK0010,Marine,2025-11-10,2026-11-10,20990.92,RENEWED,2026-08-15
POL004773,BRK0004,Commercial Auto,2026-02-01,2026-13-45,18541.34,RENEWED,2026-08-15
POL001899,BRK0025,property,2024-03-09,2025-03-09,18979.33,RENEWED,2026-08-15
POL002765,BRK0019,Marine,2025-12-16,2026-12-16,23425.09,CANCELLED,2026-08-15
POL004556,BRK0049,  Marine ,2024-04-04,2025-04-04,3962.72,CANCELLED,2026-08-15
POL002103,BRK0007,Commercial Auto,,2026-11-25,10836.54,CANCELLED,2026-08-15
POL002682,BRK0038,General Liability,2024-08-07,2025-08-07,23444.72,ACTIVE,2026-08-15
POL003117,BRK0007,Commercial Auto,2026-01-28,2027-01-28,12269.79,ACTIVE,2026-08-15
POL000660,BRK0042,Marine,2025-04-19,2026-04-19,14843.47,LAPSED,2026-08-15
POL001616,BRK0028,General Liability,2024-06-16,2025-06-16,1168.76,RENEWED,2026-08-15
POL003991,BRK0031,Property,2024-07-09,2025-07-09,18198.19,LAPSED,2026-08-15
POL004509,BRK0037,Property,2025-06-29,2026-06-29,1410.9,ACTIVE,2026-08-15
POL002336,BRK0032,Cyber,2024-04-01,2025-04-01,4442.49,CANCELLED,2026-08-15
POL001224,BRK0006,Cyber,2025-01-28,2026-01-28,20376.66,LAPSED,2026-08-15
POL003600,BRK0019,General Liability,2025-05-26,2026-05-26,1126.95,LAPSED,2026-08-15
POL003452,BRK0005,Cyber,2024-04-05,2025-04-05,20976.48,LAPSED,2026-08-15
POL000004,BRK0004,Cyber,2024-02-28,2025-02-27,1893.55,ACTIVE,2026-08-15
POL000753,BRK0035,Property,2025-11-25,2026-11-25,18518.76,RENEWED,2026-08-15
POL004842,BRK0017,Marine,2025-02-01,2026-02-01,8182.8,RENEWED,2026-08-15
POL001014,BRK0034,Cyber,2024-01-09,2025-01-08,20570.0,ACTIVE,2026-08-15
POL003316,BRK0016,Marine,2025-02-22,2026-02-22,1102.08,RENEWED,2026-08-15
POL001221,BRK0028,General Liability,2025-08-14,2026-08-14,18631.47,CANCELLED,2026-08-15
POL000792,BRK0013,COMMERCIAL AUTO,2024-10-25,2025-10-25,8729.0,CANCELLED,2026-08-15
POL002089,BRK0022,Commercial Auto,2025-08-08,2026-08-08,13765.97,LAPSED,2026-08-15
POL001865,BRK0037,Property,2024-09-02,2025-09-02,13182.96,RENEWED,2026-08-15
POL003956,BRK0040,Commercial Auto,2025-08-25,2026-08-25,8766.53,RENEWED,2026-08-15
POL003937,BRK0005,Property,2025-10-13,2026-10-13,22441.67,LAPSED,2026-08-15
POL002886,BRK0044,Property,2024-03-30,2025-03-30,15236.85,ACTIVE,2026-08-15
POL000896,BRK0032,General Liability,2025-05-30,2026-05-30,13495.38,LAPSED,2026-08-15
POL002855,BRK0018,Marine,2026-04-18,2027-04-18,3222.71,LAPSED,2026-08-15
POL001969,BRK0020,Property,2024-02-26,2025-02-25,7376.37,RENEWED,2026-08-15
POL001397,BRK0004,general liability,2025-06-29,2026-06-29,18984.71,CANCELLED,2026-08-15
POL003094,BRK0009,Property,2024-05-17,2025-05-17,14915.39,ACTIVE,2026-08-15
POL000688,BRK0002,Marine,2025-06-02,2026-06-02,14940.83,LAPSED,2026-08-15
POL001385,BRK0028,Cyber,2025-12-19,2026-12-19,24572.1,CANCELLED,2026-08-15
POL002664,BRK0030,property,2025-04-06,2026-04-06,17408.46,CANCELLED,2026-08-15
POL000526,BRK0031,CYBER,2025-05-13,2026-05-13,13106.26,CANCELLED,2026-08-15
POL000830,BRK0007,Property,2026-01-12,2027-01-12,17604.26,LAPSED,2026-08-15
POL002535,BRK0039,General Liability,2024-06-12,2025-06-12,12701.2,CANCELLED,2026-08-15
POL002591,BRK0027,  Commercial Auto ,2024-06-14,2025-06-14,22269.61,ACTIVE,2026-08-15
POL002379,BRK0015,General Liability,2026-03-19,,14497.28,RENEWED,2026-08-15
POL002126,BRK0040,Marine,2024-01-27,2025-01-26,2055.29,RENEWED,2026-08-15
POL002879,BRK0008,  Marine ,2026-04-28,2027-04-28,17653.89,ACTIVE,2026-08-15
POL004792,BRK0025,Property,2024-05-12,2025-05-12,7754.15,LAPSED,2026-08-15
POL001644,BRK0033,Property,2025-02-11,2026-02-11,5367.59,CANCELLED,2026-08-15
POL003457,BRK0047,Cyber,2024-09-12,2025-09-12,14084.88,CANCELLED,2026-08-15
POL003602,BRK0048,Commercial Auto,2025-03-24,2026-03-24,7107.9,ACTIVE,2026-08-15
POL004577,BRK0023,  Property ,2024-01-27,2025-01-26,11602.81,ACTIVE,2026-08-15
POL002190,BRK0039,Commercial Auto,2024-04-05,2025-04-05,4218.79,LAPSED,2026-08-15
POL000278,BRK0011,Commercial Auto,2025-12-20,2026-12-20,14363.49,ACTIVE,2026-08-15
POL002247,BRK0041,Commercial Auto,2024-10-26,2025-10-26,7434.48,RENEWED,2026-08-15
POL002390,BRK0007,Marine,2025-08-02,2026-08-02,13393.05,LAPSED,2026-08-15
POL003883,BRK0039,Property,2025-08-14,2026-08-14,17550.33,ACTIVE,2026-08-15
POL003210,BRK0003,GENERAL LIABILITY,2024-08-19,2025-08-19,22668.12,ACTIVE,2026-08-15
POL004593,BRK0036,General Liability,2025-10-28,2026-10-28,23883.54,CANCELLED,2026-08-15
POL004850,BRK0038,Commercial Auto,2025-02-19,2026-02-19,18952.07,ACTIVE,2026-08-15
POL004506,BRK0043,Commercial Auto,2024-05-13,2025-05-13,13307.0,RENEWED,2026-08-15
POL000066,BRK0016,Commercial Auto,2024-03-28,2025-03-28,15651.25,RENEWED,2026-08-15
POL000334,BRK0018,Commercial Auto,2024-06-11,2025-06-11,22643.11,LAPSED,2026-08-15
POL002043,BRK0041,Marine,2024-10-25,2025-10-25,7619.99,ACTIVE,2026-08-15
POL003114,BRK0028,Cyber,2024-05-26,2025-05-26,2266.5,CANCELLED,2026-08-15
POL002662,BRK0009,Marine,2025-07-12,2026-07-12,1468.22,CANCELLED,2026-08-15
POL000962,BRK0014,Marine,2025-12-12,2026-12-12,9548.64,ACTIVE,2026-08-15
POL002198,BRK0038,Property,2024-01-18,2025-01-17,18178.57,ACTIVE,2026-08-15
POL000308,BRK0007,Property,2025-10-25,2026-10-25,14021.8,CANCELLED,2026-08-15
POL003708,BRK0017,Cyber,2025-01-09,2026-01-09,15190.09,ACTIVE,2026-08-15
POL002401,BRK0007,Property,2025-12-13,2026-12-13,19102.95,ACTIVE,2026-08-15
POL001689,BRK0005,cyber,2026-03-04,2027-03-04,7228.37,ACTIVE,2026-08-15
POL001926,BRK0014,Marine,2025-08-25,2026-08-25,18751.87,CANCELLED,2026-08-15
POL003033,BRK0005,Cyber,2025-10-15,2026-10-15,20621.09,RENEWED,2026-08-15
POL000193,BRK0037,Commercial Auto,2026-04-23,2027-04-23,11912.91,CANCELLED,2026-08-15
POL004443,BRK0012,Commercial Auto,2024-01-04,2025-01-03,10039.96,LAPSED,2026-08-15
POL001141,BRK0045,Commercial Auto,2025-02-19,2026-02-19,13487.15,ACTIVE,2026-08-15
POL002569,BRK0005,Cyber,2026-02-27,2027-02-27,3361.08,ACTIVE,2026-08-15
POL004830,BRK0035,General Liability,2025-05-22,,12801.61,RENEWED,2026-08-15
POL000369,BRK0046,cyber,2026-04-26,2027-04-26,23189.7,CANCELLED,2026-08-15
POL001097,BRK0020,Marine,2025-08-23,2026-08-23,3177.21,CANCELLED,2026-08-15
POL003491,BRK0005,General Liability,2024-03-31,2025-03-31,5595.04,ACTIVE,2026-08-15
POL001682,BRK0021,Commercial Auto,2025-07-02,2026-07-02,18080.33,LAPSED,2026-08-15
POL003124,BRK0016,Cyber,2024-06-11,2025-06-11,6739.33,LAPSED,2026-08-15
POL002157,BRK0021,GENERAL LIABILITY,2026-03-29,2027-03-29,13283.78,RENEWED,2026-08-15
POL000188,BRK0008,Property,2024-07-23,2025-07-23,11405.22,ACTIVE,2026-08-15
POL004590,BRK0022,Commercial Auto,2024-11-06,2025-11-06,22580.79,RENEWED,2026-08-15
POL002211,BRK0008,Cyber,2026-02-26,2027-02-26,18548.74,RENEWED,2026-08-15
POL004486,BRK0027,Property,2025-08-18,2026-08-18,17747.98,ACTIVE,2026-08-15
POL003022,BRK0009,Commercial Auto,2025-02-14,2026-02-14,18445.15,RENEWED,2026-08-15
POL004816,BRK0048,Commercial Auto,2026-03-01,2027-03-01,5505.81,CANCELLED,2026-08-15
POL001603,BRK0045,General Liability,2026-06-10,2027-06-10,17645.95,CANCELLED,2026-08-15
POL000423,BRK0017,Commercial Auto,2026-05-07,2027-05-07,14520.32,LAPSED,2026-08-15
POL004199,BRK0005,Marine,2026-06-18,2027-06-18,8817.24,LAPSED,2026-08-15
POL004293,BRK0034,Property,2025-04-10,2026-04-10,13507.25,CANCELLED,2026-08-15
POL003754,BRK0049,Commercial Auto,2024-09-11,2025-09-11,5632.97,LAPSED,2026-08-15
POL002469,BRK0020,Commercial Auto,2024-06-02,2025-06-02,11034.91,RENEWED,2026-08-15
POL001933,BRK0017,Property,2025-09-12,2026-09-12,15358.85,CANCELLED,2026-08-15
POL003674,BRK0036,Marine,2025-05-06,2026-05-06,10223.74,LAPSED,2026-08-15
POL004536,BRK0002,General Liability,2024-10-30,2025-10-30,16410.39,LAPSED,2026-08-15
POL004245,BRK0036,General Liability,2026-01-25,2027-01-25,6545.23,LAPSED,2026-08-15
POL004831,BRK0032,Cyber,2026-02-19,2027-02-19,17278.96,RENEWED,2026-08-15
POL003664,BRK0043,commercial auto,2024-03-12,2025-03-12,3518.47,RENEWED,2026-08-15
POL002874,BRK0012,Marine,2026-01-22,2027-01-22,15162.82,ACTIVE,2026-08-15
POL003903,BRK0040,Marine,2024-10-18,2025-10-18,3921.53,LAPSED,2026-08-15
POL003442,BRK0007,Cyber,2024-01-15,2025-01-14,4620.8,CANCELLED,2026-08-15
POL004295,BRK0022,General Liability,0000-00-00,2027-06-05,15694.68,RENEWED,2026-08-15
POL003314,BRK0027,General Liability,2025-04-30,2026-04-30,20401.21,RENEWED,2026-08-15
POL004912,BRK0049,Cyber,2024-09-29,2025-09-29,8869.29,RENEWED,2026-08-15
POL001690,BRK0012,Commercial Auto,2026-05-05,2027-05-05,2683.09,RENEWED,2026-08-15
POL003287,BRK0050,  General Liability ,2024-10-21,2025-10-21,23436.14,CANCELLED,2026-08-15
POL000205,BRK0020,marine,2025-05-25,2026-05-25,5771.04,CANCELLED,2026-08-15
POL002210,BRK0007,Property,2026-05-11,2027-05-11,3208.73,ACTIVE,2026-08-15
POL000951,BRK0023,Marine,2025-12-15,2026-12-15,15445.68,LAPSED,2026-08-15
POL002964,BRK0036,marine,2025-05-12,2026-05-12,23239.1,ACTIVE,2026-08-15
POL004666,BRK0012,General Liability,2025-05-31,2026-05-31,22171.85,ACTIVE,2026-08-15
POL000623,BRK0017,General Liability,2024-05-21,2025-05-21,7857.41,RENEWED,2026-08-15
POL002182,BRK0017,Cyber,2024-02-15,2025-02-14,11907.25,RENEWED,2026-08-15
POL004240,BRK0022,Cyber,2024-07-29,2025-07-29,14279.33,ACTIVE,2026-08-15
POL004113,BRK0032,Marine,2024-05-19,2025-05-19,13553.36,CANCELLED,2026-08-15
POL003323,BRK0002,Commercial Auto,2024-11-20,2025-11-20,19443.56,ACTIVE,2026-08-15
POL000397,BRK0029,Commercial Auto,2024-06-15,2025-06-15,6897.63,ACTIVE,2026-08-15
POL003364,BRK0016,Cyber,2026-03-20,2027-03-20,12604.76,ACTIVE,2026-08-15
POL000939,BRK0049,Commercial Auto,2026-05-11,2027-05-11,21530.49,ACTIVE,2026-08-15
POL004167,BRK0001,cyber,2025-05-09,2026-05-09,21341.9,LAPSED,2026-08-15
POL000249,BRK0023,Commercial Auto,2025-10-31,2026-10-31,20488.44,ACTIVE,2026-08-15
POL003546,BRK0049,Cyber,2024-03-22,0000-00-00,3470.7,CANCELLED,2026-08-15
POL002495,BRK0047,Cyber,2024-05-31,2025-05-31,22482.35,CANCELLED,2026-08-15
POL003887,BRK0045,  Property ,,2026-02-09,12662.82,CANCELLED,2026-08-15
POL000092,BRK0040,Marine,2024-12-12,2025-12-12,21553.88,RENEWED,2026-08-15
POL002041,BRK0020,property,2025-02-21,2026-02-21,18195.11,RENEWED,2026-08-15
POL003070,BRK0018,General Liability,2025-06-12,2026-06-12,13666.18,ACTIVE,2026-08-15
POL001105,BRK0001,Marine,2025-06-18,2026-06-18,23337.15,RENEWED,2026-08-15
POL000904,BRK0050,Cyber,2025-06-22,2026-06-22,13477.23,ACTIVE,2026-08-15
POL004186,BRK0039,Cyber,2025-03-18,2026-03-18,20910.72,ACTIVE,2026-08-15
POL002366,BRK0001,Marine,2024-02-19,2025-02-18,7949.53,ACTIVE,2026-08-15
POL000161,BRK0048,Marine,2026-02-09,2027-02-09,19717.07,LAPSED,2026-08-15
POL004522,BRK0049,Commercial Auto,2025-05-21,2026-05-21,3088.43,RENEWED,2026-08-15
POL001528,BRK0022,Cyber,2025-12-30,2026-12-30,10889.6,RENEWED,2026-08-15
POL004316,BRK0046,General Liability,2026-04-24,2027-04-24,20512.22,ACTIVE,2026-08-15
POL003532,BRK0002,Cyber,2024-05-29,2025-05-29,23343.77,ACTIVE,2026-08-15
POL004815,BRK0017,Cyber,2024-08-01,2025-08-01,6627.9,CANCELLED,2026-08-15
POL001910,BRK0026,General Liability,2025-04-04,2026-04-04,7480.72,ACTIVE,2026-08-15
POL002038,BRK0041,General Liability,2024-09-24,2025-09-24,12104.22,LAPSED,2026-08-15
POL000064,BRK0019,Marine,2025-08-10,2026-08-10,6685.72,RENEWED,2026-08-15
POL002303,BRK0029,Property,2024-10-07,2025-10-07,21615.27,RENEWED,2026-08-15
POL003737,BRK0043,Cyber,2025-11-18,2026-11-18,6317.44,LAPSED,2026-08-15
POL003581,BRK0007,General Liability,2024-11-02,2025-11-02,3454.66,CANCELLED,2026-08-15
POL000061,BRK0031,General Liability,2026-01-26,2027-01-26,7433.47,ACTIVE,2026-08-15
POL002022,BRK0012,Commercial Auto,2026-04-27,2027-04-27,20170.32,LAPSED,2026-08-15
POL000149,BRK0042,Commercial Auto,2024-03-19,2025-03-19,14080.75,ACTIVE,2026-08-15
POL004925,BRK0041,Property,2026-04-23,2027-04-23,18605.15,LAPSED,2026-08-15
POL001747,BRK0002,Marine,2025-04-03,2026-04-03,24701.47,CANCELLED,2026-08-15
POL001771,BRK0038,property,2024-08-21,2025-08-21,8447.01,RENEWED,2026-08-15
POL001499,BRK0011,Commercial Auto,2026-02-24,2027-02-24,18244.78,LAPSED,2026-08-15
POL000829,BRK0038,Commercial Auto,2024-04-11,2025-04-11,5494.22,RENEWED,2026-08-15
POL002300,BRK0042,General Liability,2024-01-16,2025-01-15,11684.09,CANCELLED,2026-08-15
POL003233,BRK0010,General Liability,2024-07-31,2025-07-31,21360.69,RENEWED,2026-08-15
POL000402,BRK0024,Commercial Auto,2024-02-25,2025-02-24,15205.28,LAPSED,2026-08-15
POL001490,BRK0041,Commercial Auto,2024-10-07,2025-10-07,28364.93,RENEWED,2026-08-15
POL002489,BRK0049,Cyber,2025-06-22,2026-06-22,12762.35,LAPSED,2026-08-15
POL003121,BRK0025,Property,2025-01-16,2026-01-16,15541.76,ACTIVE,2026-08-15
POL002559,BRK0050,Cyber,2025-11-06,2026-11-06,13582.56,RENEWED,2026-08-15
POL001441,BRK0041,Commercial Auto,2024-07-22,2025-07-22,578.34,ACTIVE,2026-08-15
POL000788,BRK0040,General Liability,2025-04-07,2026-04-07,23551.46,ACTIVE,2026-08-15
POL004064,BRK0044,General Liability,2025-10-09,2026-10-09,17026.9,RENEWED,2026-08-15
POL003619,BRK0024,Property,2025-01-21,2026-01-21,7517.05,ACTIVE,2026-08-15
POL002915,BRK0011,Marine,2024-07-07,2025-07-07,10254.8,RENEWED,2026-08-15
POL002872,BRK0033,Property,2025-08-29,2026-08-29,16813.86,ACTIVE,2026-08-15
POL003893,BRK0041,Cyber,2025-10-03,2026-10-03,18535.66,ACTIVE,2026-08-15
POL002942,BRK0005,Cyber,2025-09-11,2026-09-11,13842.92,ACTIVE,2026-08-15
POL000215,BRK0031,General Liability,2025-09-03,2026-09-03,14652.04,ACTIVE,2026-08-15
POL001914,BRK0040,Marine,2024-04-05,2025-04-05,796.81,LAPSED,2026-08-15
POL000353,BRK0028,General Liability,2024-12-09,2025-12-09,15874.55,RENEWED,2026-08-15
POL001144,BRK0011,Commercial Auto,2025-10-30,2026-10-30,24508.25,CANCELLED,2026-08-15
POL003683,BRK0047,Marine,2024-03-25,2025-03-25,10259.55,RENEWED,2026-08-15
POL003696,BRK0028,Property,2024-03-20,2025-03-20,15237.78,ACTIVE,2026-08-15
POL001219,BRK0046,Commercial Auto,2026-04-10,2027-04-10,19555.71,LAPSED,2026-08-15
POL000054,BRK0006,General Liability,2026-04-30,2027-04-30,15453.13,RENEWED,2026-08-15
POL000211,BRK0003,  Commercial Auto ,2025-05-27,2026-05-27,11696.22,LAPSED,2026-08-15
POL003917,BRK0044,Commercial Auto,2024-12-11,2025-12-11,11075.82,RENEWED,2026-08-15
POL001852,BRK0010,General Liability,2024-07-26,,12999.8,ACTIVE,2026-08-15
POL001670,BRK0020,Commercial Auto,2024-11-20,2025-11-20,15551.43,CANCELLED,2026-08-15
POL000933,BRK0031,Property,2026-03-26,2027-03-26,16842.88,LAPSED,2026-08-15
POL000673,BRK0034,Marine,2024-12-03,2025-12-03,3177.9,ACTIVE,2026-08-15
POL002946,BRK0008,Cyber,N/A,2025-11-15,19817.32,LAPSED,2026-08-15
POL003919,BRK0020,cyber,2024-09-15,2025-09-15,22852.93,RENEWED,2026-08-15
POL004756,BRK0030,Marine,2025-11-08,2026-11-08,8670.51,LAPSED,2026-08-15
POL001130,BRK0047,General Liability,2025-06-24,2026-06-24,13926.25,ACTIVE,2026-08-15
POL001701,BRK0029,Commercial Auto,2026-03-13,2027-03-13,3963.84,RENEWED,2026-08-15
POL000864,BRK0044,Cyber,2024-09-19,2025-09-19,1296.03,RENEWED,2026-08-15
POL004322,BRK0033,Marine,2024-08-10,2025-08-10,20379.8,RENEWED,2026-08-15
POL003911,BRK0045,General Liability,0000-00-00,2026-07-24,8434.13,CANCELLED,2026-08-15
POL003212,BRK0006,Marine,2024-11-05,2025-11-05,3420.98,LAPSED,2026-08-15
POL002475,BRK0015,Commercial Auto,2024-07-05,2025-07-05,9123.33,ACTIVE,2026-08-15
POL000476,BRK0009,Commercial Auto,2026-01-18,2027-01-18,12113.26,RENEWED,2026-08-15
POL002484,BRK0016,Commercial Auto,2024-11-02,2025-11-02,15708.74,CANCELLED,2026-08-15
POL000050,BRK0044,Cyber,2026-05-20,2027-05-20,1506.19,RENEWED,2026-08-15
POL000600,BRK0011,General Liability,2024-01-16,2025-01-15,24236.46,RENEWED,2026-08-15
POL000340,BRK0040,Marine,2025-02-25,2026-02-25,18934.92,RENEWED,2026-08-15
POL000046,BRK0002,Cyber,2026-05-09,2027-05-09,14317.25,LAPSED,2026-08-15
POL002648,BRK0041,Property,2024-11-27,2025-11-27,7840.52,CANCELLED,2026-08-15
POL003921,BRK0048,Commercial Auto,2025-08-25,2026-08-25,19688.32,LAPSED,2026-08-15
POL004002,BRK0043,Marine,2026-02-03,2027-02-03,4868.74,ACTIVE,2026-08-15
POL003607,BRK0035,Cyber,2024-05-16,2025-05-16,6146.86,CANCELLED,2026-08-15
POL000537,BRK0003,Cyber,2026-06-14,2027-06-14,19332.46,CANCELLED,2026-08-15
POL002743,BRK0006,GENERAL LIABILITY,2024-03-23,2025-03-23,12133.67,ACTIVE,2026-08-15
POL002351,BRK0038,Cyber,2024-07-17,2025-07-17,7839.61,LAPSED,2026-08-15
POL004565,BRK0014,Cyber,2024-06-14,2025-06-14,3668.87,RENEWED,2026-08-15
POL000455,BRK0048,Commercial Auto,2025-03-12,2026-03-12,21373.97,LAPSED,2026-08-15
POL004609,BRK0035,Commercial Auto,2025-08-17,2026-08-17,13673.47,RENEWED,2026-08-15
POL003485,BRK0044,Marine,2024-06-26,2025-06-26,11390.16,CANCELLED,2026-08-15
POL003906,BRK0003,Marine,2024-02-07,2025-02-06,24372.19,CANCELLED,2026-08-15
POL000376,BRK0023,Property,2024-06-25,2025-06-25,4141.47,LAPSED,2026-08-15
POL003192,BRK0003,Property,2025-07-17,2026-07-17,15450.96,ACTIVE,2026-08-15
POL000285,BRK0021,Commercial Auto,2026-03-03,2027-03-03,6089.39,RENEWED,2026-08-15
POL000490,BRK0036,General Liability,2024-10-12,2025-10-12,9764.66,RENEWED,2026-08-15
POL001646,BRK0034,Property,2025-12-11,2026-12-11,16040.66,LAPSED,2026-08-15
POL003533,BRK0001,Commercial Auto,2026-02-02,2027-02-02,16036.55,CANCELLED,2026-08-15
POL004940,BRK0037,Property,2024-01-21,2025-01-20,15150.63,CANCELLED,2026-08-15
POL004411,BRK0028,Commercial Auto,2024-11-09,2025-11-09,23484.19,CANCELLED,2026-08-15
POL001973,BRK0004,General Liability,2024-08-25,2025-08-25,22867.84,ACTIVE,2026-08-15
POL002646,BRK0042,Marine,2026-02-23,2027-02-23,4838.68,ACTIVE,2026-08-15
POL003400,BRK0019,Commercial Auto,2026-02-04,2027-02-04,23226.92,CANCELLED,2026-08-15
POL000982,BRK0035,Property,2025-01-17,2026-01-17,22831.57,RENEWED,2026-08-15
POL001658,BRK0043,Marine,2024-09-04,2025-09-04,17962.97,CANCELLED,2026-08-15
POL000098,BRK0017,Commercial Auto,2025-04-15,2026-04-15,16459.07,ACTIVE,2026-08-15
POL003788,BRK0017,Cyber,2024-09-28,2025-09-28,11519.55,LAPSED,2026-08-15
POL000733,BRK0041,General Liability,2025-06-28,2026-06-28,21529.71,CANCELLED,2026-08-15
POL000536,BRK0043,Property,2025-05-08,2026-13-45,13290.08,CANCELLED,2026-08-15
POL003614,BRK0047,Marine,2024-08-30,2025-08-30,20098.02,LAPSED,2026-08-15
POL000774,BRK0036,Property,2025-08-14,2026-08-14,24893.78,RENEWED,2026-08-15
POL002419,BRK0012,General Liability,2025-04-16,2026-04-16,7166.09,RENEWED,2026-08-15
POL002400,BRK0046,Property,2024-10-10,2025-10-10,12701.66,LAPSED,2026-08-15
POL004058,BRK0048,General Liability,2024-04-23,2025-04-23,13829.23,CANCELLED,2026-08-15
POL003572,BRK0040,Marine,2024-02-11,2025-02-10,24768.8,LAPSED,2026-08-15
POL000698,BRK0049,Marine,2026-02-12,2027-02-12,17615.69,ACTIVE,2026-08-15
POL000514,BRK0024,Property,2024-10-10,2025-10-10,11411.27,CANCELLED,2026-08-15
POL001280,BRK0001,Cyber,2025-03-23,2026-03-23,24323.8,RENEWED,2026-08-15
POL003524,BRK0040,Marine,2024-02-18,2025-02-17,8165.12,RENEWED,2026-08-15
POL003000,BRK0047,Cyber,2025-02-28,2026-02-28,23250.2,RENEWED,2026-08-15
POL003552,BRK0022,Marine,2026-05-04,2027-05-04,9505.22,LAPSED,2026-08-15
POL001431,BRK0040,General Liability,2025-08-11,2026-08-11,7209.29,RENEWED,2026-08-15
POL002616,BRK0019,General Liability,2024-07-11,2025-07-11,11345.98,RENEWED,2026-08-15
POL000048,BRK0011,General Liability,2026-03-07,2027-03-07,15573.71,RENEWED,2026-08-15
POL002046,BRK0037,Cyber,2025-06-09,2026-06-09,21657.12,ACTIVE,2026-08-15
POL000338,BRK0021,General Liability,2024-04-15,2025-04-15,18952.37,LAPSED,2026-08-15
POL002560,BRK0030,Marine,2024-06-16,2025-06-16,14117.35,LAPSED,2026-08-15
POL001835,BRK0025,General Liability,2024-12-17,2025-12-17,12221.77,ACTIVE,2026-08-15
POL004299,BRK0036,Cyber,2024-02-12,2025-02-11,14896.78,ACTIVE,2026-08-15
POL003773,BRK0020,PROPERTY,2024-11-06,2025-11-06,14105.37,CANCELLED,2026-08-15
POL001341,BRK0046,General Liability,2024-03-29,2025-03-29,22997.37,CANCELLED,2026-08-15
POL004821,BRK0033,Marine,2024-11-09,2025-11-09,24475.21,CANCELLED,2026-08-15
POL001066,BRK0024,Property,,2025-09-12,8759.36,LAPSED,2026-08-15
POL004877,BRK0014,Cyber,2024-05-25,2025-05-25,9432.54,LAPSED,2026-08-15
POL003847,BRK0030,Property,2025-06-07,2026-06-07,3188.7,LAPSED,2026-08-15
POL001553,BRK0012,Marine,2024-06-09,2025-06-09,11868.53,LAPSED,2026-08-15
POL002184,BRK0016,Cyber,2024-07-08,2025-07-08,18889.87,ACTIVE,2026-08-15
POL004145,BRK0036,commercial auto,2025-10-15,2026-10-15,18036.42,RENEWED,2026-08-15
POL004127,BRK0038,Marine,2026-02-14,2027-02-14,17182.92,ACTIVE,2026-08-15
POL000808,BRK0011,Marine,2024-10-22,2025-10-22,15149.42,LAPSED,2026-08-15
POL004435,BRK0034,Cyber,31/12/2025,2025-01-04,5609.32,ACTIVE,2026-08-15
POL002583,BRK0035,Property,2024-01-19,2025-01-18,3057.18,LAPSED,2026-08-15
POL000075,BRK0044,General Liability,2026-02-22,2027-02-22,13214.61,RENEWED,2026-08-15
POL004643,BRK0044,Marine,2024-11-30,2025-11-30,18874.32,ACTIVE,2026-08-15
POL001460,BRK0007,General Liability,2024-07-26,2025-07-26,11023.6,LAPSED,2026-08-15
POL003158,BRK0005,Cyber,2026-02-04,2027-02-04,23891.94,LAPSED,2026-08-15
POL000388,BRK0024,Marine,2024-03-15,2025-03-15,24408.59,RENEWED,2026-08-15
POL001090,BRK0024,Marine,2026-01-30,2027-01-30,12413.03,LAPSED,2026-08-15
POL004751,BRK0040,Cyber,2024-06-24,2025-06-24,8816.53,RENEWED,2026-08-15
POL001626,BRK0012,Property,2025-03-05,2026-03-05,20352.83,LAPSED,2026-08-15
POL001660,BRK0006,Commercial Auto,2024-12-31,2025-12-31,12626.91,RENEWED,2026-08-15
POL000203,BRK0018,Marine,2024-05-05,2025-05-05,9911.67,RENEWED,2026-08-15
POL001920,BRK0002,Marine,2026-04-14,2027-04-14,12722.42,RENEWED,2026-08-15
POL003450,BRK0012,Property,2025-10-11,2026-10-11,16767.14,RENEWED,2026-08-15
POL004639,BRK0034,Property,2025-12-25,2026-12-25,22052.52,LAPSED,2026-08-15
POL001795,BRK0028,General Liability,2025-10-05,2026-10-05,1346.08,CANCELLED,2026-08-15
POL001831,BRK0045,Property,2024-06-08,2025-06-08,20098.41,RENEWED,2026-08-15
POL004799,BRK0011,Marine,2026-05-22,2027-05-22,7206.9,RENEWED,2026-08-15
POL002675,BRK0037,commercial auto,2026-03-28,2027-03-28,5142.91,ACTIVE,2026-08-15
POL004801,BRK0004,Property,2024-05-25,2025-05-25,522.58,CANCELLED,2026-08-15
POL001873,BRK0028,Marine,2025-05-02,2026-05-02,19123.05,ACTIVE,2026-08-15
POL002083,BRK0043,Cyber,2024-11-29,2025-11-29,13245.11,ACTIVE,2026-08-15
POL004206,BRK0031,Cyber,2026-06-15,2027-06-15,1605.74,LAPSED,2026-08-15
POL001533,BRK0008,General Liability,2025-09-02,2026-09-02,4793.22,ACTIVE,2026-08-15
POL004305,BRK0002,Commercial Auto,2024-06-16,2025-06-16,5767.55,CANCELLED,2026-08-15
POL001761,BRK0006,  Commercial Auto ,2024-07-09,2025-07-09,2445.59,CANCELLED,2026-08-15
POL002048,BRK0040,Commercial Auto,2025-04-21,2026-04-21,16157.49,CANCELLED,2026-08-15
POL003516,BRK0023,Cyber,2025-04-16,2026-04-16,2878.97,LAPSED,2026-08-15
POL002754,BRK0007,Commercial Auto,2025-07-27,31/12/2025,9475.24,CANCELLED,2026-08-15
POL000413,BRK0037,Commercial Auto,2024-04-18,2025-04-18,22008.39,CANCELLED,2026-08-15
POL000182,BRK0047,General Liability,2024-02-13,2025-02-12,21794.06,RENEWED,2026-08-15
POL000015,BRK0003,General Liability,2025-07-12,2026-07-12,8052.33,ACTIVE,2026-08-15
POL004176,BRK0044,Cyber,2026-06-14,2027-06-14,4961.69,CANCELLED,2026-08-15
POL001061,BRK0043,Marine,2024-11-30,2025-11-30,6734.96,LAPSED,2026-08-15
POL001291,BRK0006,General Liability,2024-07-23,2025-07-23,20320.79,RENEWED,2026-08-15
POL004882,BRK0031,Marine,2025-02-09,2026-02-09,5383.86,RENEWED,2026-08-15
POL004420,BRK0025,General Liability,2025-12-14,2026-12-14,20341.47,ACTIVE,2026-08-15
POL003372,BRK0020,Property,2025-10-24,2026-10-24,19990.86,ACTIVE,2026-08-15
POL002953,BRK0033,Cyber,2024-02-13,2025-02-12,5645.36,CANCELLED,2026-08-15
POL002052,BRK0038,Commercial Auto,2024-09-03,2025-09-03,10422.37,CANCELLED,2026-08-15
POL000157,BRK0014,General Liability,2024-07-03,2025-07-03,3870.35,ACTIVE,2026-08-15
POL000612,BRK0014,Marine,2024-01-14,2025-01-13,18758.13,ACTIVE,2026-08-15
POL000778,BRK0036,Commercial Auto,2024-03-26,2025-03-26,9280.94,LAPSED,2026-08-15
POL001288,BRK0031,Cyber,31/12/2025,2025-12-21,23201.29,LAPSED,2026-08-15
POL004541,BRK0017,Property,2025-07-27,2026-07-27,10529.25,CANCELLED,2026-08-15
POL002139,BRK0046,Marine,2025-07-27,2026-07-27,13213.91,RENEWED,2026-08-15
POL002265,BRK0022,Cyber,2024-12-01,2025-12-01,3211.21,RENEWED,2026-08-15
POL001271,BRK0007,Commercial Auto,2024-03-30,2025-03-30,15340.08,ACTIVE,2026-08-15
POL000737,BRK0047,General Liability,2024-08-12,2025-08-12,1893.61,LAPSED,2026-08-15
POL001454,BRK0046,Property,2026-05-30,2027-05-30,10628.18,LAPSED,2026-08-15
POL000042,BRK0035,Commercial Auto,2025-09-29,2026-09-29,2556.71,RENEWED,2026-08-15
POL000368,BRK0023,Property,2025-07-02,2026-07-02,2715.31,CANCELLED,2026-08-15
POL002354,BRK0024,Marine,2025-02-06,2026-02-06,10228.11,LAPSED,2026-08-15
POL003019,BRK0002,General Liability,2025-02-04,2026-02-04,14400.54,RENEWED,2026-08-15
POL000503,BRK0001,  Cyber ,2025-07-01,2026-07-01,2278.44,ACTIVE,2026-08-15
POL003666,BRK0015,Property,2024-06-16,2025-06-16,4005.89,LAPSED,2026-08-15
POL004857,BRK0027,Commercial Auto,2026-05-09,2027-05-09,815.23,LAPSED,2026-08-15
POL001514,BRK0004,Commercial Auto,2026-03-18,2027-03-18,11738.48,LAPSED,2026-08-15
POL003985,BRK0041,Cyber,2024-06-18,2025-06-18,23484.47,RENEWED,2026-08-15
POL003569,BRK0014,Property,2024-01-09,2025-01-08,21431.14,LAPSED,2026-08-15
POL000516,BRK0013,General Liability,2025-07-05,2026-07-05,24580.12,ACTIVE,2026-08-15
POL002120,BRK0028,Cyber,2024-08-28,2025-08-28,896.07,LAPSED,2026-08-15
POL000099,BRK0023,Cyber,2025-03-28,2026-03-28,10527.04,CANCELLED,2026-08-15
POL001193,BRK0029,Commercial Auto,2025-01-09,2026-01-09,23317.64,ACTIVE,2026-08-15
POL000179,BRK0045,Marine,2025-05-23,2026-05-23,2523.98,RENEWED,2026-08-15
POL003603,BRK0035,Marine,2025-05-15,2026-05-15,8188.49,ACTIVE,2026-08-15
POL004610,BRK0039,Commercial Auto,2025-10-31,2026-10-31,22796.01,ACTIVE,2026-08-15
POL002087,BRK0025,General Liability,2025-08-09,2026-08-09,865.86,RENEWED,2026-08-15
POL001424,BRK0019,Commercial Auto,2025-12-30,2026-12-30,15414.56,ACTIVE,2026-08-15
POL003665,BRK0012,Commercial Auto,2024-06-25,2025-06-25,4614.17,LAPSED,2026-08-15
POL000638,BRK0038,CYBER,2025-01-20,2026-01-20,17564.9,CANCELLED,2026-08-15
POL001742,BRK0048,Property,2024-07-26,2025-07-26,15769.18,CANCELLED,2026-08-15
POL004326,BRK0010,General Liability,2024-04-30,2025-04-30,23288.17,RENEWED,2026-08-15
POL003268,BRK0006,Cyber,2024-04-25,2025-04-25,9228.07,LAPSED,2026-08-15
POL000265,BRK0030,Cyber,2025-01-24,2026-01-24,22128.89,RENEWED,2026-08-15
POL000756,BRK0007,Commercial Auto,2026-04-17,2027-04-17,20209.11,RENEWED,2026-08-15
POL002572,BRK0025,Property,2025-06-30,2026-06-30,3889.96,RENEWED,2026-08-15
POL003025,BRK0025,Cyber,2024-02-23,2025-02-22,20304.74,LAPSED,2026-08-15
POL003567,BRK0050,Cyber,2024-11-08,2025-11-08,14409.28,CANCELLED,2026-08-15
POL004142,BRK0050,Cyber,2026-03-03,2027-03-03,11991.2,CANCELLED,2026-08-15
POL001800,BRK0016,Commercial Auto,2024-08-20,2025-08-20,21150.88,LAPSED,2026-08-15
POL001365,BRK0045,General Liability,2024-05-12,2025-05-12,20832.21,ACTIVE,2026-08-15
POL003377,BRK0007,Cyber,2024-06-09,2025-06-09,20205.4,RENEWED,2026-08-15
POL004133,BRK0014,Cyber,2024-10-29,2025-10-29,6800.69,CANCELLED,2026-08-15
POL001698,BRK0010,MARINE,2025-06-03,2026-06-03,19944.36,ACTIVE,2026-08-15
POL002506,BRK0013,Commercial Auto,2024-09-26,2025-09-26,6095.33,CANCELLED,2026-08-15
POL003583,BRK0037,Marine,2025-11-09,2026-11-09,19613.23,ACTIVE,2026-08-15
POL003120,BRK0003,General Liability,2024-02-08,2025-02-07,16788.56,ACTIVE,2026-08-15
POL004300,BRK0012,Commercial Auto,2024-07-23,2025-07-23,21196.17,CANCELLED,2026-08-15
POL004764,BRK0041,General Liability,2024-07-02,2025-07-02,2327.56,ACTIVE,2026-08-15
POL003334,BRK0017,Cyber,2024-05-22,2025-05-22,18502.04,CANCELLED,2026-08-15
POL002207,BRK0016,Commercial Auto,2024-02-03,2025-02-02,12052.62,RENEWED,2026-08-15
POL002528,BRK0017,Property,2026-02-05,2027-02-05,9337.56,CANCELLED,2026-08-15
POL001891,BRK0006,Cyber,2024-09-13,2025-09-13,21533.26,CANCELLED,2026-08-15
POL001809,BRK0017,Property,2025-08-03,2026-08-03,4932.52,CANCELLED,2026-08-15
POL001662,BRK0034,MARINE,2025-09-13,2026-09-13,23874.75,ACTIVE,2026-08-15
POL001784,BRK0037,Marine,2025-05-15,2026-05-15,9911.51,LAPSED,2026-08-15
POL001171,BRK0047,Property,2026-13-45,2025-12-24,2576.22,LAPSED,2026-08-15
POL002116,BRK0015,General Liability,2024-07-03,2025-07-03,17129.3,CANCELLED,2026-08-15
POL000900,BRK0013,PROPERTY,2024-02-24,2025-02-23,17796.09,RENEWED,2026-08-15
POL003925,BRK0011,Cyber,2026-03-19,2027-03-19,4390.1,ACTIVE,2026-08-15
POL001445,BRK0007,Property,2024-10-29,2025-10-29,7538.15,RENEWED,2026-08-15
POL002880,BRK0026,marine,2025-07-12,2026-07-12,19182.15,RENEWED,2026-08-15
POL004995,BRK0021,Cyber,2025-01-31,2026-01-31,19198.34,ACTIVE,2026-08-15
POL004859,BRK0043,Marine,2025-06-01,2026-06-01,5396.83,ACTIVE,2026-08-15
POL001830,BRK0037,General Liability,2024-08-12,2025-08-12,6032.46,RENEWED,2026-08-15
POL001461,BRK0036,General Liability,2025-02-20,2026-02-20,6493.04,ACTIVE,2026-08-15
POL003251,BRK0026,Marine,2026-01-04,N/A,10471.41,LAPSED,2026-08-15
POL002457,BRK0047,General Liability,2024-07-01,2025-07-01,15639.34,CANCELLED,2026-08-15
POL000400,BRK0004,Commercial Auto,2024-06-09,2025-06-09,14887.41,CANCELLED,2026-08-15
POL000925,BRK0020,Marine,2024-03-29,2025-03-29,22609.18,RENEWED,2026-08-15
POL001505,BRK0022,Cyber,2024-07-31,2025-07-31,13075.18,LAPSED,2026-08-15
POL001615,BRK0023,Commercial Auto,2025-07-07,2026-07-07,5615.78,CANCELLED,2026-08-15
POL002521,BRK0039,Commercial Auto,2024-11-20,2025-11-20,9939.3,CANCELLED,2026-08-15
POL003822,BRK0009,Property,2025-05-04,2026-05-04,16800.11,ACTIVE,2026-08-15
POL002023,BRK0041,Commercial Auto,2025-12-16,2026-12-16,18162.54,ACTIVE,2026-08-15
POL001081,BRK0032,Commercial Auto,2024-03-07,2025-03-07,23487.73,LAPSED,2026-08-15
POL000031,BRK0041,Cyber,2025-02-28,2026-02-28,6477.62,ACTIVE,2026-08-15
POL002068,BRK0023,Commercial Auto,2024-12-14,2025-12-14,14515.02,RENEWED,2026-08-15
POL001015,BRK0023,Property,2025-03-08,2026-03-08,2175.89,LAPSED,2026-08-15
POL001357,BRK0010,Commercial Auto,2025-03-18,2026-03-18,4684.0,LAPSED,2026-08-15
POL001971,BRK0012,Commercial Auto,2024-12-01,2025-12-01,21363.46,CANCELLED,2026-08-15
POL000247,BRK0027,Property,2024-10-20,2025-10-20,16324.08,RENEWED,2026-08-15
POL004278,BRK0013,General Liability,2024-07-29,2025-07-29,7028.71,RENEWED,2026-08-15
POL001780,BRK0045,Property,2026-04-06,2027-04-06,11453.42,RENEWED,2026-08-15
POL004381,BRK0001,Commercial Auto,2024-04-25,2025-04-25,21128.49,RENEWED,2026-08-15
POL001316,BRK0029,Cyber,2025-01-29,2026-01-29,7307.04,LAPSED,2026-08-15
POL003271,BRK0021,Marine,2025-03-08,2026-03-08,21452.13,CANCELLED,2026-08-15
POL002032,BRK0024,Cyber,2024-03-31,2025-03-31,3512.09,RENEWED,2026-08-15
POL001683,BRK0018,Cyber,2025-04-21,2026-04-21,14981.04,ACTIVE,2026-08-15
POL000349,BRK0045,Marine,2024-11-13,2025-11-13,3162.06,LAPSED,2026-08-15
POL003363,BRK0040,Commercial Auto,2025-08-26,2026-08-26,11071.44,ACTIVE,2026-08-15
POL002356,BRK0032,General Liability,2024-02-13,2025-02-12,21113.83,ACTIVE,2026-08-15
POL000835,BRK0031,General Liability,2026-05-11,2027-05-11,3076.71,RENEWED,2026-08-15
POL000156,BRK0009,Cyber,2026-04-12,2027-04-12,946.65,CANCELLED,2026-08-15
POL000779,BRK0006,Commercial Auto,2025-10-25,2026-10-25,21519.09,ACTIVE,2026-08-15
POL004391,BRK0049,property,2024-07-26,2025-07-26,7915.05,RENEWED,2026-08-15
POL003560,BRK0006,Commercial Auto,2024-10-10,2025-10-10,17255.65,LAPSED,2026-08-15
POL004694,BRK0020,Marine,2024-11-14,2025-11-14,17351.91,LAPSED,2026-08-15
POL004523,BRK0043,Marine,0000-00-00,2026-01-10,22249.22,CANCELLED,2026-08-15
POL002375,BRK0038,General Liability,2024-11-10,2025-11-10,11732.67,LAPSED,2026-08-15
POL004450,BRK0017,Commercial Auto,2025-03-22,2026-03-22,3485.24,LAPSED,2026-08-15
POL003519,BRK0011,Commercial Auto,2024-11-15,2025-11-15,18741.79,LAPSED,2026-08-15
POL003945,BRK0036,GENERAL LIABILITY,,2026-05-23,16795.53,RENEWED,2026-08-15
POL002471,BRK0011,Marine,2024-03-16,2025-03-16,15247.58,LAPSED,2026-08-15
POL000629,BRK0026,Property,2024-10-23,2025-10-23,1708.12,RENEWED,2026-08-15
POL000609,BRK0036,Property,2026-02-23,2027-02-23,3206.37,ACTIVE,2026-08-15
POL003110,BRK0047,Cyber,2024-04-12,2025-04-12,16421.59,RENEWED,2026-08-15
POL004765,BRK0027,General Liability,2024-05-05,2025-05-05,6666.05,RENEWED,2026-08-15
POL002236,BRK0033,Commercial Auto,2025-11-08,2026-11-08,24147.9,RENEWED,2026-08-15
POL003865,BRK0022,Property,2024-05-05,2025-05-05,17559.7,LAPSED,2026-08-15
POL004499,BRK0003,Property,2025-04-03,2026-04-03,16042.98,RENEWED,2026-08-15
POL002687,BRK0043,Commercial Auto,2025-08-11,2026-08-11,21119.04,LAPSED,2026-08-15
POL002106,BRK0010,Marine,2024-02-18,2025-02-17,11063.41,CANCELLED,2026-08-15
POL001938,BRK0016,Marine,2025-08-16,2026-08-16,23593.18,CANCELLED,2026-08-15
POL002701,BRK0049,Property,2025-08-04,2026-08-04,23378.56,RENEWED,2026-08-15
POL003757,BRK0032,Cyber,2025-01-22,2026-01-22,10684.24,CANCELLED,2026-08-15
POL003941,BRK0007,General Liability,2025-05-12,2026-05-12,18251.01,ACTIVE,2026-08-15
POL003779,BRK0021,Marine,2026-01-21,2027-01-21,7942.46,RENEWED,2026-08-15
POL002065,BRK0045,Commercial Auto,2025-06-15,2026-06-15,940.24,ACTIVE,2026-08-15
POL004407,BRK0036,Commercial Auto,2026-04-14,2027-04-14,24869.26,RENEWED,2026-08-15
POL004909,BRK0003,PROPERTY,2026-02-20,2027-02-20,11375.82,RENEWED,2026-08-15
POL000169,BRK0050,General Liability,2024-04-23,2025-04-23,16154.32,RENEWED,2026-08-15
POL002830,BRK0033,Cyber,2024-04-05,2025-04-05,17047.44,ACTIVE,2026-08-15
POL003923,BRK0004,Cyber,2026-06-05,2027-06-05,11850.88,CANCELLED,2026-08-15
POL003077,BRK0028,Property,2024-03-08,2025-03-08,19080.37,LAPSED,2026-08-15
POL000424,BRK0015,Property,2026-05-27,2027-05-27,991.28,ACTIVE,2026-08-15
POL002998,BRK0001,Marine,2024-01-31,2025-01-30,4290.77,RENEWED,2026-08-15
POL004572,BRK0049,Property,2024-08-10,2025-08-10,18419.52,LAPSED,2026-08-15
POL002350,BRK0004,Marine,2025-06-26,2026-06-26,18760.63,RENEWED,2026-08-15
POL003787,BRK0004,Marine,2026-03-20,2027-03-20,24831.62,RENEWED,2026-08-15
POL000447,BRK0007,COMMERCIAL AUTO,2025-11-08,2026-11-08,13908.42,RENEWED,2026-08-15
POL001942,BRK0011,General Liability,2024-01-08,2025-01-07,4893.22,RENEWED,2026-08-15
POL003529,BRK0004,Cyber,2024-01-18,2025-01-17,20101.51,ACTIVE,2026-08-15
POL001059,BRK0029,Property,2025-02-23,2026-02-23,2293.29,RENEWED,2026-08-15
POL001124,BRK0010,General Liability,2024-11-19,2025-11-19,15235.9,LAPSED,2026-08-15
POL002866,BRK0014,  Marine ,2024-10-09,2025-10-09,11558.62,CANCELLED,2026-08-15
POL004636,BRK0008,Cyber,2024-04-21,2025-04-21,12793.3,CANCELLED,2026-08-15
POL004222,BRK0005,Cyber,2024-08-06,2025-08-06,3679.29,ACTIVE,2026-08-15
POL000199,BRK0014,Cyber,2025-10-28,2026-10-28,15865.52,CANCELLED,2026-08-15
POL004311,BRK0034,Commercial Auto,2024-08-30,2025-08-30,4060.82,LAPSED,2026-08-15
POL004813,BRK0047,Marine,2025-05-12,2026-05-12,6384.12,RENEWED,2026-08-15
POL002631,BRK0035,Commercial Auto,2026-05-04,2027-05-04,22243.95,ACTIVE,2026-08-15
POL003177,BRK0002,General Liability,,2026-01-10,2533.58,CANCELLED,2026-08-15
POL000635,BRK0049,Commercial Auto,2024-06-08,2025-06-08,23204.88,CANCELLED,2026-08-15
POL002556,BRK0001,General Liability,2024-03-04,2025-03-04,5238.1,RENEWED,2026-08-15
POL000552,BRK0036,General Liability,2024-04-02,2025-04-02,9013.14,CANCELLED,2026-08-15
POL001812,BRK0002,CYBER,2024-01-01,2024-12-31,7934.44,RENEWED,2026-08-15
POL003695,BRK0007,General Liability,2025-08-30,2026-08-30,21597.21,RENEWED,2026-08-15
POL002203,BRK0028,Commercial Auto,2024-02-25,2025-02-24,12624.0,ACTIVE,2026-08-15
POL002218,BRK0028,Marine,2025-04-02,2026-04-02,14250.82,CANCELLED,2026-08-15
POL004287,BRK0028,MARINE,2024-12-08,2025-12-08,13772.91,ACTIVE,2026-08-15
POL004097,BRK0037,General Liability,2026-04-28,2027-04-28,20719.22,LAPSED,2026-08-15
POL003904,BRK0018,Marine,2024-09-08,2025-09-08,10250.22,RENEWED,2026-08-15
POL000478,BRK0027,Cyber,2024-05-21,2025-05-21,17686.61,CANCELLED,2026-08-15
POL002732,BRK0010,Commercial Auto,2025-07-14,2026-07-14,21165.18,CANCELLED,2026-08-15
POL004947,BRK0021,GENERAL LIABILITY,2026-05-07,2027-05-07,15575.37,RENEWED,2026-08-15
POL004067,BRK0009,Commercial Auto,2025-12-04,2026-12-04,18721.74,LAPSED,2026-08-15
POL002127,BRK0040,Cyber,2025-05-21,2026-05-21,14577.53,RENEWED,2026-08-15
POL003584,BRK0002,General Liability,2025-05-07,2026-05-07,19947.89,LAPSED,2026-08-15
POL003853,BRK0024,COMMERCIAL AUTO,2024-01-19,2025-01-18,19330.3,LAPSED,2026-08-15
POL001850,BRK0009,COMMERCIAL AUTO,2026-06-15,2027-06-15,11429.5,CANCELLED,2026-08-15
POL001770,BRK0023,Marine,2025-04-06,2026-04-06,13874.96,LAPSED,2026-08-15
POL000722,BRK0004,General Liability,2026-13-45,2026-09-19,11996.19,CANCELLED,2026-08-15
POL003427,BRK0039,Cyber,2025-11-27,2026-11-27,21339.98,LAPSED,2026-08-15
POL001238,BRK0016,General Liability,2024-01-29,2025-01-28,816.19,CANCELLED,2026-08-15
POL003722,BRK0015,Cyber,0000-00-00,2025-11-09,18613.87,LAPSED,2026-08-15
POL002643,BRK0022,Marine,2025-10-28,2026-10-28,5055.47,CANCELLED,2026-08-15
POL000872,BRK0035,General Liability,2025-05-17,2026-05-17,12106.58,RENEWED,2026-08-15
POL002252,BRK0026,Marine,2024-09-21,2025-09-21,15247.59,ACTIVE,2026-08-15
POL001697,BRK0044,Property,2024-04-09,2025-04-09,17806.01,LAPSED,2026-08-15
POL003488,BRK0038,General Liability,2024-05-21,2025-05-21,6716.87,ACTIVE,2026-08-15
POL001509,BRK0023,General Liability,2024-07-10,2025-07-10,11255.71,RENEWED,2026-08-15
POL000482,BRK0028,Commercial Auto,2026-06-17,2027-06-17,15937.58,ACTIVE,2026-08-15
POL002007,BRK0011,Commercial Auto,2025-07-08,2026-07-08,19995.2,CANCELLED,2026-08-15
POL000643,BRK0041,General Liability,2024-12-29,2025-12-29,20391.38,CANCELLED,2026-08-15
POL004089,BRK0037,Commercial Auto,2026-01-15,2027-01-15,23535.44,LAPSED,2026-08-15
POL003681,BRK0001,Commercial Auto,2025-04-27,2026-04-27,12447.87,CANCELLED,2026-08-15
POL002161,BRK0033,Property,2025-01-10,2026-01-10,2205.03,LAPSED,2026-08-15
POL002609,BRK0019,Cyber,2024-09-23,2025-09-23,13590.73,LAPSED,2026-08-15
POL001465,BRK0010,Marine,2024-03-26,2025-03-26,14382.66,LAPSED,2026-08-15
POL002665,BRK0037,Property,2024-04-12,2025-04-12,21084.62,ACTIVE,2026-08-15
POL000811,BRK0012,Marine,2024-07-23,2025-07-23,7898.83,CANCELLED,2026-08-15
POL004965,BRK0048,Property,2024-02-16,2025-02-15,22771.26,ACTIVE,2026-08-15
POL000850,BRK0007,Marine,2025-01-24,2026-01-24,16700.38,LAPSED,2026-08-15
POL002557,BRK0007,Commercial Auto,2024-07-12,2025-07-12,7118.74,LAPSED,2026-08-15
POL001320,BRK0018,General Liability,2025-03-27,2026-03-27,10853.42,CANCELLED,2026-08-15
POL000008,BRK0005,Commercial Auto,2026-02-08,2027-02-08,2294.89,LAPSED,2026-08-15
POL002345,BRK0009,Cyber,2024-12-18,2025-12-18,10628.78,ACTIVE,2026-08-15
POL003882,BRK0044,Marine,2024-01-08,2025-01-07,18818.68,RENEWED,2026-08-15
POL004231,BRK0019,Marine,2024-01-15,2025-01-14,23574.12,LAPSED,2026-08-15
POL004905,BRK0001,Property,2025-12-23,2026-12-23,21997.71,RENEWED,2026-08-15
POL000518,BRK0050,Property,2025-10-31,2026-10-31,18464.06,CANCELLED,2026-08-15
POL003964,BRK0032,property,2025-09-22,2026-09-22,20654.58,RENEWED,2026-08-15
POL001787,BRK0016,Property,2025-04-30,2026-04-30,12322.55,LAPSED,2026-08-15
POL001222,BRK0032,Marine,2024-11-22,2025-11-22,16096.8,LAPSED,2026-08-15
POL001348,BRK0020,Property,2025-09-21,2026-09-21,22547.85,CANCELLED,2026-08-15
POL000833,BRK0047,Commercial Auto,2025-07-24,2026-07-24,11695.17,CANCELLED,2026-08-15
POL003932,BRK0033,Cyber,2025-09-21,2026-09-21,8004.72,RENEWED,2026-08-15
POL000556,BRK0030,Cyber,2025-11-28,2026-11-28,9875.49,LAPSED,2026-08-15
POL000605,BRK0019,Cyber,2025-07-26,2026-07-26,9017.78,RENEWED,2026-08-15
POL001987,BRK0007,General Liability,2025-02-27,2026-02-27,19747.14,CANCELLED,2026-08-15
POL004227,BRK0026,Commercial Auto,2025-06-08,2026-06-08,3705.43,CANCELLED,2026-08-15
POL000712,BRK0004,Commercial Auto,2025-07-16,2026-07-16,21600.57,ACTIVE,2026-08-15
POL003652,BRK0032,General Liability,2026-02-12,2027-02-12,7903.77,CANCELLED,2026-08-15
POL003859,BRK0036,Marine,2026-05-06,2027-05-06,21524.14,CANCELLED,2026-08-15
POL002128,BRK0032,Property,2025-06-01,2026-06-01,5305.76,ACTIVE,2026-08-15
POL004616,BRK0043,Marine,2024-03-25,2025-03-25,5068.23,ACTIVE,2026-08-15
POL001340,BRK0017,Property,2024-02-21,2025-02-20,16800.49,LAPSED,2026-08-15
POL001269,BRK0049,General Liability,2025-06-19,2026-06-19,4833.93,LAPSED,2026-08-15
POL001876,BRK0015,Property,2024-09-03,2025-09-03,14039.09,LAPSED,2026-08-15
POL002480,BRK0002,Marine,2024-02-03,2025-02-02,5379.91,RENEWED,2026-08-15
POL001342,BRK0003,Marine,2024-08-12,2025-08-12,9962.9,RENEWED,2026-08-15
POL002757,BRK0043,Marine,2025-09-08,2026-09-08,16826.35,ACTIVE,2026-08-15
POL001361,BRK0023,Property,2024-02-13,2025-02-12,24552.97,CANCELLED,2026-08-15
POL002790,BRK0007,Commercial Auto,2025-05-08,2026-05-08,15016.0,RENEWED,2026-08-15
POL004235,BRK0012,Cyber,2024-05-03,2025-05-03,21538.58,RENEWED,2026-08-15
POL004660,BRK0049,Marine,2024-05-12,2025-05-12,9187.68,CANCELLED,2026-08-15
POL004086,BRK0025,General Liability,2024-11-29,2025-11-29,20784.5,CANCELLED,2026-08-15
POL004066,BRK0032,Property,2024-06-04,2025-06-04,14882.6,CANCELLED,2026-08-15
POL000683,BRK0037,General Liability,2024-08-01,2025-08-01,24255.53,CANCELLED,2026-08-15
POL002088,BRK0028,Commercial Auto,2026-04-08,2027-04-08,5162.02,CANCELLED,2026-08-15
POL002275,BRK0024,General Liability,2026-05-27,2027-05-27,21430.06,LAPSED,2026-08-15
POL000553,BRK0039,Property,2024-08-19,N/A,10474.8,ACTIVE,2026-08-15
POL001590,BRK0044,General Liability,2024-04-15,2025-04-15,8432.25,LAPSED,2026-08-15
POL004828,BRK0026,General Liability,2026-05-06,2027-05-06,4037.3,ACTIVE,2026-08-15
POL004936,BRK0038,Cyber,2025-04-02,2026-04-02,20793.8,RENEWED,2026-08-15
POL000763,BRK0020,General Liability,2025-10-04,2026-10-04,24671.79,ACTIVE,2026-08-15
POL003876,BRK0029,Cyber,2026-03-15,2027-03-15,19085.61,RENEWED,2026-08-15
POL004453,BRK0011,cyber,2025-07-15,2026-07-15,15019.89,LAPSED,2026-08-15
POL002486,BRK0017,General Liability,2026-02-10,2027-02-10,2536.7,RENEWED,2026-08-15
POL001116,BRK0028,Commercial Auto,2024-04-18,2025-04-18,19274.57,LAPSED,2026-08-15
POL003888,BRK0038,Cyber,2025-09-22,2026-09-22,7781.13,CANCELLED,2026-08-15
POL004418,BRK0036,General Liability,2025-11-01,2026-11-01,14677.88,RENEWED,2026-08-15
POL003611,BRK0002,Property,2025-06-16,2026-06-16,769.6,ACTIVE,2026-08-15
POL002660,BRK0019,Marine,2025-02-18,2026-02-18,18077.77,ACTIVE,2026-08-15
POL001140,BRK0031,Marine,2025-01-28,2026-01-28,17987.32,LAPSED,2026-08-15
POL001476,BRK0011,Commercial Auto,2025-08-31,2026-08-31,15906.13,LAPSED,2026-08-15
POL000102,BRK0048,Marine,2025-09-12,2026-09-12,6137.9,CANCELLED,2026-08-15
POL000065,BRK0005,Marine,2024-04-26,2025-04-26,4217.31,CANCELLED,2026-08-15
POL003709,BRK0049,Commercial Auto,2025-09-01,2026-09-01,24376.29,ACTIVE,2026-08-15
POL003341,BRK0026,General Liability,2025-03-20,2026-03-20,16743.39,RENEWED,2026-08-15
POL002352,BRK0020,Property,2025-07-14,2026-07-14,20045.94,CANCELLED,2026-08-15
POL001349,BRK0049,Marine,2024-02-24,2025-02-23,19193.39,RENEWED,2026-08-15
POL001741,BRK0007,Commercial Auto,,2026-11-23,2703.7,CANCELLED,2026-08-15
POL001089,BRK0001,Cyber,2024-01-05,2025-01-04,10687.59,RENEWED,2026-08-15
POL004169,BRK0009,Commercial Auto,2024-07-31,2025-07-31,24062.15,ACTIVE,2026-08-15
POL000805,BRK0026,Property,2025-06-08,2026-06-08,2003.66,LAPSED,2026-08-15
POL004020,BRK0033,Cyber,2024-01-27,2025-01-26,18355.15,LAPSED,2026-08-15
POL002817,BRK0009,General Liability,2024-05-05,2025-05-05,1909.54,CANCELLED,2026-08-15
POL004009,BRK0035,Commercial Auto,2024-02-09,2025-02-08,11697.34,LAPSED,2026-08-15
POL003302,BRK0008,Marine,2025-05-22,2026-05-22,16301.63,LAPSED,2026-08-15
POL001858,BRK0029,Cyber,2025-02-04,2026-02-04,12244.46,RENEWED,2026-08-15
POL003987,BRK0035,Cyber,2024-06-28,2025-06-28,24758.64,RENEWED,2026-08-15
POL002532,BRK0039,Cyber,2026-13-45,2026-06-04,4572.15,CANCELLED,2026-08-15
POL004230,BRK0011,Property,2024-04-30,2025-04-30,14140.32,RENEWED,2026-08-15
POL001932,BRK0019,Cyber,2025-08-30,2026-08-30,3896.09,RENEWED,2026-08-15
POL001055,BRK0040,Property,2025-02-04,2026-02-04,12171.44,ACTIVE,2026-08-15
POL000371,BRK0048,Cyber,2025-07-23,2026-07-23,3924.93,ACTIVE,2026-08-15
POL003312,BRK0040,Marine,2024-01-09,2025-01-08,12844.04,LAPSED,2026-08-15
POL004446,BRK0017,Marine,2026-05-03,2027-05-03,1742.73,LAPSED,2026-08-15
POL000791,BRK0027,Cyber,2024-10-27,2025-10-27,18573.88,ACTIVE,2026-08-15
POL003179,BRK0003,Cyber,2024-09-23,2025-09-23,584.04,RENEWED,2026-08-15
POL003553,BRK0011,Cyber,2026-06-12,2027-06-12,19123.35,ACTIVE,2026-08-15
POL002887,BRK0019,General Liability,2024-04-25,2025-04-25,1156.21,RENEWED,2026-08-15
POL000543,BRK0020,Cyber,2024-09-16,2025-09-16,21447.47,ACTIVE,2026-08-15
POL002169,BRK0007,MARINE,2026-01-17,2027-01-17,16312.8,LAPSED,2026-08-15
POL003391,BRK0032,Marine,2025-10-25,2026-10-25,3670.34,CANCELLED,2026-08-15
POL003721,BRK0028,Marine,2026-01-22,2027-01-22,14487.16,LAPSED,2026-08-15
POL004393,BRK0029,  Marine ,2024-08-26,2025-08-26,762.74,CANCELLED,2026-08-15
POL004654,BRK0016,Commercial Auto,2024-01-15,2025-01-14,15084.86,CANCELLED,2026-08-15
POL003394,BRK0012,Property,2024-04-16,2025-04-16,3198.17,ACTIVE,2026-08-15
POL004243,BRK0046,Commercial Auto,2026-02-14,2027-02-14,19837.47,CANCELLED,2026-08-15
POL004913,BRK0013,Marine,2024-03-06,2025-03-06,6839.71,CANCELLED,2026-08-15
POL003726,BRK0031,  General Liability ,2026-02-15,2027-02-15,20563.83,LAPSED,2026-08-15
POL002959,BRK0046,General Liability,2025-01-07,2026-01-07,1889.28,LAPSED,2026-08-15
POL002008,BRK0006,Cyber,2024-04-12,2025-04-12,10964.09,CANCELLED,2026-08-15
POL001681,BRK0045,Property,2024-11-25,2025-11-25,22978.25,RENEWED,2026-08-15
POL004992,BRK0034,Commercial Auto,2024-02-22,2025-02-21,24176.21,CANCELLED,2026-08-15
POL001131,BRK0021,Cyber,2024-05-14,2025-05-14,7949.81,LAPSED,2026-08-15
POL001416,BRK0037,General Liability,2026-05-06,2027-05-06,24448.13,LAPSED,2026-08-15
POL000394,BRK0001,General Liability,2025-04-02,2026-04-02,19781.99,ACTIVE,2026-08-15
POL003003,BRK0031,General Liability,2025-10-17,2026-10-17,953.31,RENEWED,2026-08-15
POL000994,BRK0032,general liability,2024-08-27,2025-08-27,6719.45,ACTIVE,2026-08-15
POL003237,BRK0023,Property,2026-04-03,2027-04-03,11405.35,LAPSED,2026-08-15
POL000274,BRK0033,Marine,2024-01-18,2025-01-17,2859.69,LAPSED,2026-08-15
POL004743,BRK0035,Cyber,2024-09-09,2025-09-09,24921.46,CANCELLED,2026-08-15
POL000854,BRK0032,Commercial Auto,2026-04-07,2027-04-07,20380.7,CANCELLED,2026-08-15
POL001605,BRK0039,Commercial Auto,2024-09-18,2025-09-18,20248.59,ACTIVE,2026-08-15
POL002814,BRK0026,Cyber,2024-08-19,2025-08-19,18269.39,LAPSED,2026-08-15
POL000268,BRK0022,Property,2024-07-19,2025-07-19,16537.9,CANCELLED,2026-08-15
POL004023,BRK0017,Commercial Auto,2025-08-12,2026-08-12,22578.87,CANCELLED,2026-08-15
POL002492,BRK0031,Commercial Auto,2024-04-27,2025-04-27,9893.38,ACTIVE,2026-08-15
POL001296,BRK0039,Cyber,2024-10-27,2025-10-27,8405.69,LAPSED,2026-08-15
POL000153,BRK0039,Commercial Auto,2025-11-26,2026-11-26,2815.4,RENEWED,2026-08-15
POL002271,BRK0004,General Liability,2024-07-02,2025-07-02,7212.31,RENEWED,2026-08-15
POL001687,BRK0035,General Liability,2024-11-13,2025-11-13,23683.56,LAPSED,2026-08-15
POL000345,BRK0009,Marine,2024-11-20,2025-11-20,17232.08,RENEWED,2026-08-15
POL003288,BRK0044,Marine,2024-05-21,2025-05-21,15791.5,LAPSED,2026-08-15
POL003273,BRK0030,Marine,2024-04-06,2025-04-06,15504.5,LAPSED,2026-08-15
POL004917,BRK0028,Marine,2026-01-23,2027-01-23,8935.81,CANCELLED,2026-08-15
POL003951,BRK0019,Commercial Auto,2025-03-27,2026-03-27,2776.43,LAPSED,2026-08-15
POL002819,BRK0010,Property,2024-04-30,2025-04-30,11764.75,CANCELLED,2026-08-15
POL002362,BRK0021,Commercial Auto,2024-03-21,2025-03-21,22709.39,CANCELLED,2026-08-15
POL003130,BRK0022,Cyber,2026-04-13,2027-04-13,10057.12,LAPSED,2026-08-15
POL002314,BRK0001,Property,2024-02-05,2025-02-04,18742.68,RENEWED,2026-08-15
POL002834,BRK0018,Commercial Auto,2025-03-19,2026-03-19,19717.51,LAPSED,2026-08-15
POL003651,BRK0012,General Liability,2024-08-19,2025-08-19,18269.71,CANCELLED,2026-08-15
POL000934,BRK0013,Property,2024-06-26,2025-06-26,24847.3,CANCELLED,2026-08-15
POL000283,BRK0048,Property,2026-02-12,2027-02-12,18763.69,CANCELLED,2026-08-15
POL001818,BRK0003,Marine,2024-01-31,2025-01-30,825.09,ACTIVE,2026-08-15
POL004008,BRK0028,Cyber,2024-12-30,2025-12-30,19488.99,ACTIVE,2026-08-15
POL001214,BRK0001,property,2024-05-25,2025-05-25,7527.73,RENEWED,2026-08-15
POL000038,BRK0030,marine,2025-07-09,2026-07-09,23678.52,ACTIVE,2026-08-15
POL004052,BRK0027,Commercial Auto,2025-08-12,2026-08-12,4544.78,LAPSED,2026-08-15
POL003380,BRK0013,Commercial Auto,2025-01-17,N/A,644.02,RENEWED,2026-08-15
POL001422,BRK0007,Property,2026-01-30,2027-01-30,4589.92,ACTIVE,2026-08-15
POL004109,BRK0050,General Liability,2026-02-10,2027-02-10,8707.78,RENEWED,2026-08-15
POL003675,BRK0015,Cyber,2024-02-13,2025-02-12,2529.8,RENEWED,2026-08-15
POL004394,BRK0004,Commercial Auto,2025-03-27,2026-03-27,15748.78,LAPSED,2026-08-15
POL001601,BRK0010,Property,2026-04-24,2027-04-24,11237.4,CANCELLED,2026-08-15
POL001633,BRK0048,Cyber,2025-05-19,2026-05-19,23586.08,LAPSED,2026-08-15
POL004189,BRK0013,Cyber,2024-11-19,2025-11-19,2596.59,CANCELLED,2026-08-15
POL004676,BRK0003,COMMERCIAL AUTO,2024-08-11,2025-08-11,5686.81,LAPSED,2026-08-15
POL002605,BRK0005,Commercial Auto,2025-04-04,2026-04-04,1655.51,CANCELLED,2026-08-15
POL002774,BRK0017,Marine,2026-04-04,2027-04-04,16782.2,ACTIVE,2026-08-15
POL003327,BRK0039,Property,2026-01-05,2027-01-05,13309.9,RENEWED,2026-08-15
POL004669,BRK0012,Commercial Auto,2024-10-21,2025-10-21,5080.84,LAPSED,2026-08-15
POL002852,BRK0013,Commercial Auto,2024-05-20,2025-05-20,4005.26,ACTIVE,2026-08-15
POL002850,BRK0028,Property,2026-04-25,2027-04-25,21749.99,LAPSED,2026-08-15
POL002644,BRK0008,Commercial Auto,2026-03-19,2027-03-19,18654.89,ACTIVE,2026-08-15
POL000198,BRK0037,Commercial Auto,2026-05-12,2027-05-12,16215.62,CANCELLED,2026-08-15
POL001636,BRK0009,General Liability,2026-02-17,2027-02-17,23398.3,ACTIVE,2026-08-15
POL002897,BRK0020,Cyber,2026-05-02,2027-05-02,971.39,LAPSED,2026-08-15
POL001841,BRK0009,Cyber,2025-12-01,2026-12-01,11388.53,LAPSED,2026-08-15
POL002080,BRK0028,Marine,2026-03-05,2027-03-05,15744.34,ACTIVE,2026-08-15
POL001730,BRK0041,Marine,2024-12-19,2025-12-19,22046.39,LAPSED,2026-08-15
POL000436,BRK0013,Cyber,2025-04-28,2026-04-28,10621.13,LAPSED,2026-08-15
POL001937,BRK0007,Marine,2024-05-31,2025-05-31,8651.84,CANCELLED,2026-08-15
POL004696,BRK0044,General Liability,0000-00-00,2027-06-18,4928.8,RENEWED,2026-08-15
POL001610,BRK0010,  General Liability ,2026-01-26,2027-01-26,19637.27,RENEWED,2026-08-15
POL003085,BRK0040,Commercial Auto,2026-01-28,2027-01-28,23733.46,LAPSED,2026-08-15
POL003740,BRK0005,General Liability,2025-04-16,2026-04-16,1087.48,ACTIVE,2026-08-15
POL002800,BRK0016,CYBER,2025-03-19,2026-03-19,10243.61,CANCELLED,2026-08-15
POL004510,BRK0003,General Liability,2024-08-18,2025-08-18,18611.96,RENEWED,2026-08-15
POL002976,BRK0032,Commercial Auto,2025-09-23,2026-13-45,3012.45,RENEWED,2026-08-15
POL001319,BRK0006,General Liability,2025-07-17,2026-07-17,12944.21,ACTIVE,2026-08-15
POL001492,BRK0040,Property,2024-01-30,2025-01-29,2529.2,ACTIVE,2026-08-15
POL003781,BRK0018,Commercial Auto,2024-03-21,2025-03-21,23624.77,ACTIVE,2026-08-15
POL004747,BRK0003,Property,2026-02-15,2027-02-15,8030.32,CANCELLED,2026-08-15
POL001265,BRK0034,Commercial Auto,2024-09-26,2025-09-26,16040.18,ACTIVE,2026-08-15
POL003282,BRK0005,Commercial Auto,2024-05-29,2025-05-29,5239.82,CANCELLED,2026-08-15
POL000060,BRK0013,General Liability,2026-01-08,2027-01-08,5036.17,LAPSED,2026-08-15
POL004512,BRK0038,Marine,2025-05-25,2026-05-25,15846.27,ACTIVE,2026-08-15
POL001978,BRK0022,Property,2024-03-24,2025-03-24,3044.91,ACTIVE,2026-08-15
POL003713,BRK0022,Cyber,2024-08-10,2025-08-10,8001.28,LAPSED,2026-08-15
POL000771,BRK0025,General Liability,2024-07-01,2025-07-01,24401.12,LAPSED,2026-08-15
POL001781,BRK0014,General Liability,2024-09-09,2025-09-09,16029.85,RENEWED,2026-08-15
POL001287,BRK0001,Property,2024-11-01,2025-11-01,3371.57,CANCELLED,2026-08-15
POL004642,BRK0048,Cyber,2025-12-28,2026-12-28,13580.17,LAPSED,2026-08-15
POL000855,BRK0040,General Liability,2024-06-19,2025-06-19,21259.69,ACTIVE,2026-08-15
POL000108,BRK0036,General Liability,2026-05-16,2027-05-16,3527.92,CANCELLED,2026-08-15
POL003289,BRK0006,cyber,2024-05-10,2025-05-10,845.28,CANCELLED,2026-08-15
POL000453,BRK0050,  Cyber ,2024-04-02,2025-04-02,6920.08,RENEWED,2026-08-15
POL003689,BRK0004,Commercial Auto,2025-03-12,2026-03-12,4261.46,LAPSED,2026-08-15
POL003715,BRK0027,Marine,2025-12-01,2026-12-01,9146.34,ACTIVE,2026-08-15
POL003160,BRK0005,marine,2024-07-21,2025-07-21,12398.75,ACTIVE,2026-08-15
POL000200,BRK0020,Marine,2025-10-19,2026-10-19,11611.83,ACTIVE,2026-08-15
POL001740,BRK0021,Marine,2025-02-25,2026-02-25,12423.78,ACTIVE,2026-08-15
POL001569,BRK0024,General Liability,2025-07-31,2026-07-31,7966.16,RENEWED,2026-08-15
POL001714,BRK0042,General Liability,2026-13-45,2025-07-28,21144.54,LAPSED,2026-08-15
POL000802,BRK0008,Marine,2025-12-06,2026-12-06,8048.01,RENEWED,2026-08-15
POL001283,BRK0004,General Liability,2025-11-06,2026-11-06,24627.55,ACTIVE,2026-08-15
POL001534,BRK0047,Property,2024-05-09,2025-05-09,24310.39,LAPSED,2026-08-15
POL003764,BRK0032,General Liability,2024-01-19,2025-01-18,16273.54,CANCELLED,2026-08-15
POL002115,BRK0001,General Liability,2026-05-30,2027-05-30,16643.31,LAPSED,2026-08-15
POL003574,BRK0037,Commercial Auto,2025-10-01,2026-10-01,23570.65,LAPSED,2026-08-15
POL003586,BRK0027,Cyber,2026-05-30,31/12/2025,7007.97,ACTIVE,2026-08-15
POL004059,BRK0014,Marine,2025-12-29,2026-12-29,3397.44,CANCELLED,2026-08-15
POL000761,BRK0045,Marine,2025-03-02,2026-03-02,13315.63,RENEWED,2026-08-15
POL002766,BRK0020,Cyber,,2025-08-26,22071.38,CANCELLED,2026-08-15
POL001489,BRK0001,Cyber,2025-05-29,2026-05-29,12021.02,RENEWED,2026-08-15
POL000057,BRK0036,Property,2025-05-15,2026-05-15,17978.5,ACTIVE,2026-08-15
POL000461,BRK0042,  General Liability ,2024-09-24,2025-09-24,18232.45,LAPSED,2026-08-15
POL004436,BRK0007,Commercial Auto,2024-09-29,2025-09-29,21523.63,RENEWED,2026-08-15
POL000780,BRK0030,Property,2025-04-10,2026-04-10,9575.3,RENEWED,2026-08-15
POL000818,BRK0041,Commercial Auto,2025-06-26,2026-06-26,2815.46,LAPSED,2026-08-15
POL004659,BRK0031,Commercial Auto,2025-04-24,2026-04-24,17713.8,LAPSED,2026-08-15
POL000076,BRK0012,Cyber,2024-10-11,2025-10-11,12015.25,RENEWED,2026-08-15
POL002214,BRK0002,Commercial Auto,2025-08-29,2026-08-29,5289.4,ACTIVE,2026-08-15
POL004525,BRK0050,General Liability,2024-05-09,2025-05-09,17544.75,RENEWED,2026-08-15
POL004026,BRK0020,  Marine ,2024-11-28,2025-11-28,24180.13,ACTIVE,2026-08-15
POL003068,BRK0043,Property,2026-05-10,2027-05-10,17192.97,CANCELLED,2026-08-15
POL004196,BRK0011,Commercial Auto,2024-02-15,2025-02-14,3737.35,ACTIVE,2026-08-15
POL000520,BRK0033,Property,2026-02-14,2027-02-14,16655.63,LAPSED,2026-08-15
POL000764,BRK0024,Cyber,2025-09-25,2026-09-25,5598.66,ACTIVE,2026-08-15
POL004569,BRK0046,Cyber,2025-06-28,2026-06-28,17139.69,CANCELLED,2026-08-15
POL000106,BRK0011,General Liability,2026-04-30,2027-04-30,7730.97,CANCELLED,2026-08-15
POL003309,BRK0006,Property,2025-06-08,2026-06-08,2136.11,CANCELLED,2026-08-15
POL002776,BRK0005,General Liability,2024-10-30,2025-10-30,6045.12,CANCELLED,2026-08-15
POL002761,BRK0011,General Liability,2026-03-11,2027-03-11,17688.47,LAPSED,2026-08-15
POL002899,BRK0005,Marine,2024-03-31,2025-03-31,3252.17,RENEWED,2026-08-15
POL000143,BRK0020,General Liability,2025-02-09,2026-02-09,16014.0,LAPSED,2026-08-15
POL000941,BRK0047,General Liability,2024-06-09,2025-06-09,21827.07,LAPSED,2026-08-15
POL004534,BRK0024,Cyber,2025-04-19,2026-04-19,6520.4,LAPSED,2026-08-15
POL004935,BRK0010,Marine,2025-06-01,2026-06-01,15503.14,CANCELLED,2026-08-15
POL003571,BRK0023,General Liability,2024-04-16,N/A,14851.38,RENEWED,2026-08-15
POL004582,BRK0010,  Property ,2025-04-28,2026-04-28,4337.24,ACTIVE,2026-08-15
POL003369,BRK0044,Property,2026-05-29,2027-05-29,6534.75,LAPSED,2026-08-15
POL004763,BRK0037,General Liability,2024-10-27,2025-10-27,2485.81,CANCELLED,2026-08-15
POL002134,BRK0009,Cyber,2025-10-11,2026-10-11,20842.56,LAPSED,2026-08-15
POL000558,BRK0019,Commercial Auto,2024-09-11,2025-09-11,14086.51,LAPSED,2026-08-15
POL002227,BRK0015,Commercial Auto,2025-10-16,2026-10-16,20434.8,RENEWED,2026-08-15
POL001123,BRK0044,Property,2026-03-27,2027-03-27,10185.15,RENEWED,2026-08-15
POL004445,BRK0018,Marine,2024-08-22,2025-08-22,15793.45,CANCELLED,2026-08-15
POL004766,BRK0012,Cyber,2024-10-22,2025-10-22,6703.06,LAPSED,2026-08-15
POL001256,BRK0022,Commercial Auto,2025-02-15,2026-02-15,20759.62,ACTIVE,2026-08-15
POL000540,BRK0001,Marine,2025-06-16,2026-06-16,9375.61,LAPSED,2026-08-15
POL002187,BRK0050,Property,2024-01-24,2025-01-23,23574.77,CANCELLED,2026-08-15
POL000863,BRK0021,Commercial Auto,2025-02-24,2026-02-24,7532.59,LAPSED,2026-08-15
POL002661,BRK0008,General Liability,2025-09-29,2026-09-29,24248.45,LAPSED,2026-08-15
POL001878,BRK0035,CYBER,2024-07-27,2025-07-27,24477.48,CANCELLED,2026-08-15
POL003732,BRK0015,Cyber,2024-11-24,2025-11-24,13163.38,ACTIVE,2026-08-15
POL002365,BRK0046,Cyber,2024-12-28,2025-12-28,16827.46,ACTIVE,2026-08-15
POL001119,BRK0046,Marine,2025-01-21,2026-01-21,11205.58,LAPSED,2026-08-15
POL002906,BRK0001,Property,2024-09-11,2025-09-11,20661.49,ACTIVE,2026-08-15
POL004056,BRK0032,Commercial Auto,2024-08-24,2025-08-24,8656.45,LAPSED,2026-08-15
POL003818,BRK0008,Commercial Auto,2026-03-13,2027-03-13,2225.12,RENEWED,2026-08-15
POL003837,BRK0023,Cyber,2024-06-24,2025-06-24,7027.94,RENEWED,2026-08-15
POL002317,BRK0001,Marine,2024-03-16,2025-03-16,2839.27,RENEWED,2026-08-15
POL003505,BRK0005,GENERAL LIABILITY,2024-06-08,2025-06-08,10019.47,ACTIVE,2026-08-15
POL003594,BRK0048,Cyber,2025-05-12,2026-05-12,2894.17,RENEWED,2026-08-15
POL001666,BRK0019,Marine,2024-04-11,2025-04-11,6711.1,CANCELLED,2026-08-15
POL002801,BRK0004,Property,2024-09-23,2025-09-23,27011.43,LAPSED,2026-08-15
POL000219,BRK0014,Cyber,2025-06-15,2026-06-15,8186.94,LAPSED,2026-08-15
POL002183,BRK0044,Property,2024-12-23,2025-12-23,16850.02,CANCELLED,2026-08-15
POL004490,BRK0003,Property,2026-06-08,2027-06-08,16015.87,ACTIVE,2026-08-15
POL003860,BRK0018,GENERAL LIABILITY,2025-01-17,2026-01-17,6965.63,RENEWED,2026-08-15
POL001844,BRK0008,Property,2025-03-12,2026-03-12,6601.55,RENEWED,2026-08-15
POL004691,BRK0026,Property,2025-08-04,2026-08-04,17083.34,CANCELLED,2026-08-15
POL000657,BRK0007,Marine,2025-06-17,2026-06-17,6520.18,RENEWED,2026-08-15
POL003902,BRK0013,Property,2024-11-18,2025-11-18,8609.86,ACTIVE,2026-08-15
POL003476,BRK0027,Property,2025-10-06,2026-10-06,18842.05,ACTIVE,2026-08-15
POL004724,BRK0011,General Liability,2025-01-28,2026-01-28,2662.32,ACTIVE,2026-08-15
POL000154,BRK0017,Cyber,2024-10-17,2025-10-17,3965.0,CANCELLED,2026-08-15
POL004600,BRK0011,General Liability,2024-03-15,2025-03-15,20770.31,CANCELLED,2026-08-15
POL000739,BRK0045,Property,2024-04-23,2025-04-23,16150.12,CANCELLED,2026-08-15
POL003021,BRK0008,Commercial Auto,2025-02-08,2026-02-08,10720.93,RENEWED,2026-08-15
POL001777,BRK0007,Commercial Auto,2024-12-27,2025-12-27,3966.21,RENEWED,2026-08-15
POL002197,BRK0001,Cyber,2024-12-11,2025-12-11,7524.47,LAPSED,2026-08-15
POL000384,BRK0048,General Liability,2026-04-05,2027-04-05,23715.19,LAPSED,2026-08-15
POL002286,BRK0036,General Liability,2025-04-17,2026-04-17,7112.72,LAPSED,2026-08-15
POL004331,BRK0022,General Liability,2025-09-29,2026-09-29,10887.09,LAPSED,2026-08-15
POL004462,BRK0042,Commercial Auto,2025-07-27,2026-07-27,8208.81,LAPSED,2026-08-15
POL001918,BRK0031,General Liability,2026-05-21,2027-05-21,18681.73,CANCELLED,2026-08-15
POL001035,BRK0029,Property,2024-07-02,2025-07-02,7715.69,ACTIVE,2026-08-15
POL000277,BRK0042,Commercial Auto,2025-10-31,2026-10-31,1874.82,ACTIVE,2026-08-15
POL003913,BRK0032,Cyber,2025-05-25,2026-05-25,5801.49,LAPSED,2026-08-15
POL003072,BRK0010,Property,2026-02-09,2027-02-09,5362.08,RENEWED,2026-08-15
POL004175,BRK0006,Commercial Auto,2025-07-09,2026-07-09,16304.21,LAPSED,2026-08-15
POL004261,BRK0032,Property,2025-11-23,2026-11-23,10635.87,RENEWED,2026-08-15
POL001234,BRK0033,General Liability,2025-08-08,2026-08-08,24341.5,RENEWED,2026-08-15
POL002804,BRK0050,Cyber,2024-11-01,2025-11-01,18103.89,RENEWED,2026-08-15
POL002671,BRK0010,Cyber,2024-01-13,2025-01-12,26785.56,ACTIVE,2026-08-15
POL004735,BRK0021,Commercial Auto,2024-11-25,2025-11-25,11636.78,RENEWED,2026-08-15
POL004376,BRK0029,Property,2024-10-16,2025-10-16,2525.77,LAPSED,2026-08-15
POL002273,BRK0049,Marine,2025-05-16,2026-05-16,19671.66,CANCELLED,2026-08-15
POL002544,BRK0010,Commercial Auto,2024-06-30,2025-06-30,18854.99,ACTIVE,2026-08-15
POL000565,BRK0034,Marine,N/A,2026-12-16,2968.32,CANCELLED,2026-08-15
POL000142,BRK0045,General Liability,2026-05-01,2027-05-01,14927.35,ACTIVE,2026-08-15
POL000298,BRK0030,Property,2026-01-14,2027-01-14,20564.66,RENEWED,2026-08-15
POL004358,BRK0050,Marine,2025-11-22,2026-11-22,19874.71,CANCELLED,2026-08-15
POL000470,BRK0043,General Liability,2026-01-03,2027-01-03,5932.8,CANCELLED,2026-08-15
POL001232,BRK0042,Commercial Auto,2025-03-30,2026-03-30,1286.92,LAPSED,2026-08-15
POL003655,BRK0039,Cyber,2025-04-10,2026-04-10,22299.4,RENEWED,2026-08-15
POL003968,BRK0031,Property,2025-11-29,2026-11-29,12726.39,ACTIVE,2026-08-15
POL002185,BRK0002,General Liability,2024-07-25,2025-07-25,2509.24,CANCELLED,2026-08-15
POL003001,BRK0029,Commercial Auto,2024-01-29,2025-01-28,20040.48,CANCELLED,2026-08-15
POL000391,BRK0001,Cyber,2026-01-16,2027-01-16,1293.38,CANCELLED,2026-08-15
POL004015,BRK0023,Property,2025-10-01,2026-10-01,22473.67,LAPSED,2026-08-15
POL003185,BRK0024,Commercial Auto,2024-08-21,2025-08-21,1227.68,CANCELLED,2026-08-15
POL002869,BRK0010,Marine,2024-03-02,2025-03-02,3194.92,CANCELLED,2026-08-15
POL004863,BRK0001,Property,2024-12-10,2025-12-10,18069.57,CANCELLED,2026-08-15
POL001030,BRK0021,General Liability,2024-07-02,2025-07-02,12107.07,RENEWED,2026-08-15
POL001444,BRK0015,General Liability,2026-05-10,2027-05-10,15147.13,RENEWED,2026-08-15
POL004266,BRK0026,Marine,2025-05-16,2026-05-16,9090.93,RENEWED,2026-08-15
POL000597,BRK0048,Commercial Auto,2025-04-16,2026-04-16,17535.81,ACTIVE,2026-08-15
POL003430,BRK0048,General Liability,2025-10-06,2026-10-06,22662.79,ACTIVE,2026-08-15
POL004657,BRK0016,Property,2026-01-25,2027-01-25,23859.55,ACTIVE,2026-08-15
POL003024,BRK0023,Commercial Auto,2025-05-20,2026-05-20,7227.63,ACTIVE,2026-08-15
POL003229,BRK0023,Cyber,2025-07-06,2026-07-06,19826.13,ACTIVE,2026-08-15
POL001609,BRK0042,Property,2025-09-16,2026-09-16,7283.19,RENEWED,2026-08-15
POL002770,BRK0024,Cyber,2025-08-29,2026-08-29,5097.21,LAPSED,2026-08-15
POL004638,BRK0022,Commercial Auto,2024-04-16,2025-04-16,7308.95,ACTIVE,2026-08-15
POL004034,BRK0029,Property,2024-04-06,2025-04-06,10267.96,ACTIVE,2026-08-15
POL004207,BRK0008,Marine,2024-04-08,2025-04-08,15186.94,LAPSED,2026-08-15
POL004065,BRK0001,Property,2024-01-30,2025-01-29,23904.39,LAPSED,2026-08-15
POL003541,BRK0026,General Liability,2025-03-22,2026-03-22,17577.71,LAPSED,2026-08-15
POL002948,BRK0033,General Liability,2024-09-01,2025-09-01,23738.73,ACTIVE,2026-08-15
POL002763,BRK0048,Marine,2024-04-19,2025-04-19,8251.62,LAPSED,2026-08-15
POL000757,BRK0048,Marine,2024-12-11,2025-12-11,3864.57,LAPSED,2026-08-15
POL003154,BRK0047,Commercial Auto,2024-03-31,2025-03-31,5804.5,ACTIVE,2026-08-15
POL002844,BRK0046,Property,2024-01-20,2025-01-19,14585.56,LAPSED,2026-08-15
POL002685,BRK0031,marine,2024-05-13,2025-05-13,14151.19,LAPSED,2026-08-15
POL002159,BRK0038,Cyber,2025-01-30,2026-01-30,21333.38,LAPSED,2026-08-15
POL002538,BRK0038,General Liability,2024-06-03,2025-06-03,24027.97,LAPSED,2026-08-15
POL003977,BRK0016,Commercial Auto,2025-12-19,2026-12-19,10762.7,CANCELLED,2026-08-15
POL003336,BRK0026,Cyber,2024-11-08,2025-11-08,12652.93,ACTIVE,2026-08-15
POL000028,BRK0014,Cyber,2025-11-22,2026-11-22,4657.44,ACTIVE,2026-08-15
POL003833,BRK0034,General Liability,2025-12-01,2026-12-01,15929.95,RENEWED,2026-08-15
POL002344,BRK0037,Cyber,2026-03-27,2027-03-27,21697.51,RENEWED,2026-08-15
POL004530,BRK0015,Cyber,2024-09-24,2025-09-24,15072.63,LAPSED,2026-08-15
POL002164,BRK0048,Commercial Auto,2025-01-21,2026-01-21,14588.75,RENEWED,2026-08-15
POL003057,BRK0038,General Liability,2025-07-25,2026-07-25,15866.09,LAPSED,2026-08-15
POL001811,BRK0036,Cyber,2025-05-06,2026-05-06,6588.7,ACTIVE,2026-08-15
POL004658,BRK0009,General Liability,2024-01-26,2025-01-25,2607.96,ACTIVE,2026-08-15
POL004744,BRK0022,Marine,2026-04-20,2027-04-20,10694.28,ACTIVE,2026-08-15
POL002613,BRK0001,General Liability,2024-07-20,2025-07-20,2033.57,LAPSED,2026-08-15
POL000489,BRK0044,Commercial Auto,2024-06-30,2025-06-30,10173.32,CANCELLED,2026-08-15
POL000107,BRK0008,Marine,2026-04-03,2027-04-03,21573.44,RENEWED,2026-08-15
POL004677,BRK0033,Marine,2024-12-16,2025-12-16,8602.29,RENEWED,2026-08-15
POL004664,BRK0030,Commercial Auto,2024-07-02,2025-07-02,23376.57,ACTIVE,2026-08-15
POL002287,BRK0009,Commercial Auto,2024-11-13,2025-11-13,8763.47,RENEWED,2026-08-15
POL002087,BRK0025,General Liability,2025-08-09,2026-08-09,865.86,RENEWED,2026-08-15
POL004570,BRK0023,Property,2025-08-24,2026-08-24,23710.63,RENEWED,2026-08-15
POL000916,BRK0016,Cyber,2026-05-11,2027-05-11,22973.9,ACTIVE,2026-08-15
POL002267,BRK0003,General Liability,2025-12-12,2026-12-12,18340.84,LAPSED,2026-08-15
POL003648,BRK0029,Marine,2024-09-01,2025-09-01,19217.12,RENEWED,2026-08-15
POL002704,BRK0015,Property,2025-12-01,2026-12-01,6485.8,RENEWED,2026-08-15
POL004517,BRK0023,Property,2026-02-25,2027-02-25,17326.18,CANCELLED,2026-08-15
POL001172,BRK0008,  Marine ,2025-02-24,2026-02-24,9670.58,CANCELLED,2026-08-15
POL004248,BRK0014,General Liability,2024-03-14,2025-03-14,14828.19,LAPSED,2026-08-15
POL004519,BRK0049,Cyber,2025-04-05,2026-04-05,17614.32,LAPSED,2026-08-15
POL001816,BRK0001,Commercial Auto,2024-06-27,2025-06-27,14704.54,CANCELLED,2026-08-15
POL002574,BRK0018,Marine,2026-13-45,2026-09-08,26376.77,ACTIVE,2026-08-15
POL003521,BRK0019,Commercial Auto,2024-07-16,2025-07-16,5317.72,ACTIVE,2026-08-15
POL002546,BRK0001,Commercial Auto,2024-11-01,2025-11-01,13289.86,CANCELLED,2026-08-15
POL002099,BRK0032,Marine,2026-02-02,2027-02-02,14352.82,ACTIVE,2026-08-15
POL003386,BRK0012,commercial auto,2025-04-02,2026-04-02,9694.78,ACTIVE,2026-08-15
POL002143,BRK0016,General Liability,2025-08-18,2026-08-18,10166.0,ACTIVE,2026-08-15
POL004866,BRK0029,Commercial Auto,2025-02-28,2026-02-28,20794.16,LAPSED,2026-08-15
POL002910,BRK0018,Commercial Auto,2026-03-08,2027-03-08,7430.2,ACTIVE,2026-08-15
POL004575,BRK0013,General Liability,2024-09-20,2025-09-20,21991.61,RENEWED,2026-08-15
POL000197,BRK0035,Commercial Auto,2025-09-21,2026-09-21,4277.76,CANCELLED,2026-08-15
POL000261,BRK0024,Commercial Auto,2026-05-17,2027-05-17,9740.62,ACTIVE,2026-08-15
POL000372,BRK0050,Property,2024-03-04,2025-03-04,15942.29,ACTIVE,2026-08-15
POL000435,BRK0017,Cyber,2025-01-15,2026-01-15,21726.64,ACTIVE,2026-08-15
POL004702,BRK0035,Commercial Auto,2024-03-30,2025-03-30,12802.76,RENEWED,2026-08-15
POL003528,BRK0027,Commercial Auto,2024-01-24,2025-01-23,9823.12,ACTIVE,2026-08-15
POL003317,BRK0050,Property,2026-06-19,2027-06-19,5845.56,ACTIVE,2026-08-15
POL003617,BRK0007,Cyber,2024-03-25,2025-03-25,24472.02,CANCELLED,2026-08-15
POL003960,BRK0017,Marine,2025-07-01,2026-07-01,16873.64,CANCELLED,2026-08-15
POL004063,BRK0029,Commercial Auto,2025-05-26,2026-05-26,21993.48,CANCELLED,2026-08-15
POL000530,BRK0011,General Liability,2024-02-27,2025-02-26,24246.47,ACTIVE,2026-08-15
POL000295,BRK0021,Cyber,2024-11-03,2025-11-03,24132.08,CANCELLED,2026-08-15
POL003178,BRK0015,Commercial Auto,2024-04-23,2025-04-23,24044.95,LAPSED,2026-08-15
POL003272,BRK0042,Cyber,2025-08-15,2026-08-15,10003.46,LAPSED,2026-08-15
POL001199,BRK0003,Property,2024-10-25,2025-10-25,21897.88,ACTIVE,2026-08-15
POL002977,BRK0009,General Liability,2026-05-10,2026-13-45,21660.47,LAPSED,2026-08-15
POL001808,BRK0045,Property,2026-05-02,2027-05-02,1832.01,LAPSED,2026-08-15
POL002684,BRK0002,Property,2025-09-23,2026-09-23,8237.25,LAPSED,2026-08-15
POL002029,BRK0035,Property,2024-03-28,2025-03-28,12574.55,RENEWED,2026-08-15
POL002974,BRK0041,General Liability,2024-12-22,2025-12-22,7433.26,CANCELLED,2026-08-15
POL004060,BRK0002,Property,2025-01-30,2026-01-30,4576.46,ACTIVE,2026-08-15
POL000166,BRK0004,Marine,2025-02-28,2026-02-28,11913.79,RENEWED,2026-08-15
POL001401,BRK0048,Property,0000-00-00,2026-04-23,6623.35,CANCELLED,2026-08-15
POL002891,BRK0047,Cyber,2025-04-22,2026-04-22,636.72,RENEWED,2026-08-15
POL001578,BRK0004,Marine,2026-03-28,2027-03-28,18616.18,LAPSED,2026-08-15
POL002878,BRK0041,General Liability,2026-03-28,2027-03-28,14489.54,LAPSED,2026-08-15
POL003230,BRK0033,General Liability,2025-10-24,2026-10-24,7508.64,LAPSED,2026-08-15
POL002355,BRK0012,Commercial Auto,2025-08-01,2026-08-01,19258.66,ACTIVE,2026-08-15
POL000112,BRK0007,Property,2024-04-28,2025-04-28,16926.91,RENEWED,2026-08-15
POL003549,BRK0015,General Liability,2025-01-05,2026-01-05,22126.27,RENEWED,2026-08-15
POL003714,BRK0035,Property,2025-08-12,2026-08-12,8414.53,RENEWED,2026-08-15
POL002455,BRK0011,CYBER,2024-05-25,2025-05-25,24929.89,CANCELLED,2026-08-15
POL002491,BRK0016,Property,31/12/2025,2025-04-12,1999.5,LAPSED,2026-08-15
POL004027,BRK0020,Property,2024-07-27,2025-07-27,2182.11,LAPSED,2026-08-15
POL003379,BRK0001,Marine,2025-05-14,2026-05-14,15659.39,ACTIVE,2026-08-15
POL002413,BRK0009,Marine,2025-01-29,2026-01-29,4098.02,LAPSED,2026-08-15
POL001057,BRK0041,Cyber,2024-10-07,2025-10-07,18199.03,LAPSED,2026-08-15
POL000891,BRK0040,Marine,2024-08-29,2025-08-29,12740.08,ACTIVE,2026-08-15
POL002705,BRK0007,Cyber,2024-03-25,2025-03-25,14104.75,CANCELLED,2026-08-15
POL000021,BRK0035,General Liability,2025-11-26,2026-11-26,4874.91,CANCELLED,2026-08-15
POL004651,BRK0020,General Liability,2024-06-24,2025-06-24,10071.81,RENEWED,2026-08-15
POL002024,BRK0049,General Liability,2026-01-25,2027-01-25,8773.2,ACTIVE,2026-08-15
POL004405,BRK0048,Commercial Auto,2026-03-17,2027-03-17,989.2,ACTIVE,2026-08-15
POL004378,BRK0015,Property,2024-06-28,2025-06-28,8823.94,ACTIVE,2026-08-15
POL003392,BRK0046,Commercial Auto,2025-12-16,2026-12-16,11033.4,LAPSED,2026-08-15
POL000493,BRK0005,Cyber,2025-06-17,2026-06-17,9060.37,LAPSED,2026-08-15
POL000734,BRK0018,Commercial Auto,2024-10-03,2025-10-03,17044.63,LAPSED,2026-08-15
POL004313,BRK0022,Property,2025-05-31,2026-05-31,12060.77,CANCELLED,2026-08-15
POL004342,BRK0020,General Liability,2025-06-24,2026-06-24,19020.06,RENEWED,2026-08-15
POL000654,BRK0048,Property,2024-08-15,2025-08-15,24647.88,RENEWED,2026-08-15
POL000080,BRK0049,Marine,2025-09-29,2026-09-29,13955.88,CANCELLED,2026-08-15
POL001417,BRK0021,Commercial Auto,2025-04-11,2026-04-11,10543.18,ACTIVE,2026-08-15
POL003504,BRK0002,General Liability,2026-05-25,2027-05-25,13608.23,LAPSED,2026-08-15
POL003808,BRK0040,Property,2026-05-05,2027-05-05,11604.26,ACTIVE,2026-08-15
POL003487,BRK0032,General Liability,2024-09-28,2025-09-28,23553.25,CANCELLED,2026-08-15
POL001421,BRK0032,Property,2025-08-12,,10756.33,RENEWED,2026-08-15
POL004100,BRK0046,Marine,2025-12-31,2026-12-31,1396.32,ACTIVE,2026-08-15
POL001885,BRK0023,Marine,2024-11-17,2025-11-17,9796.38,RENEWED,2026-08-15
POL003498,BRK0021,Commercial Auto,2026-05-03,2027-05-03,12808.37,RENEWED,2026-08-15
POL004760,BRK0026,Property,2024-08-04,2025-08-04,24437.67,LAPSED,2026-08-15
POL001253,BRK0016,CYBER,2026-01-28,2027-01-28,10282.37,ACTIVE,2026-08-15
POL001649,BRK0020,  Commercial Auto ,2026-01-08,2027-01-08,23114.78,ACTIVE,2026-08-15
POL004365,BRK0043,Commercial Auto,2025-11-17,2026-11-17,6268.09,CANCELLED,2026-08-15
POL001726,BRK0034,  Cyber ,2025-02-23,2026-02-23,9574.12,LAPSED,2026-08-15
POL000976,BRK0027,property,2024-11-10,2025-11-10,7636.22,ACTIVE,2026-08-15
POL000123,BRK0009,General Liability,2024-03-08,2025-03-08,9832.16,CANCELLED,2026-08-15
POL001520,BRK0005,General Liability,2025-06-30,2026-06-30,5931.5,LAPSED,2026-08-15
POL004433,BRK0013,Marine,2026-01-20,2027-01-20,9132.3,RENEWED,2026-08-15
POL002740,BRK0002,Commercial Auto,2026-06-02,2027-06-02,23801.02,RENEWED,2026-08-15
POL000943,BRK0031,General Liability,2024-09-08,2025-09-08,21538.18,CANCELLED,2026-08-15
POL000279,BRK0003,Property,2025-06-24,2026-06-24,12149.76,ACTIVE,2026-08-15
POL004661,BRK0026,Commercial Auto,2025-03-27,2026-03-27,6018.43,CANCELLED,2026-08-15
POL003621,BRK0014,Marine,2024-03-28,2025-03-28,17335.16,LAPSED,2026-08-15
POL003693,BRK0047,General Liability,2025-07-16,2026-07-16,14345.0,ACTIVE,2026-08-15
POL003249,BRK0019,Marine,2024-04-05,2025-04-05,23713.68,LAPSED,2026-08-15
POL000070,BRK0030,Commercial Auto,2025-12-20,2026-12-20,15813.92,LAPSED,2026-08-15
POL002978,BRK0027,MARINE,2026-02-14,2027-02-14,11365.97,LAPSED,2026-08-15
POL000496,BRK0021,Marine,2025-11-29,2026-11-29,13735.81,CANCELLED,2026-08-15
POL003009,BRK0038,Cyber,2024-02-05,0000-00-00,15131.78,LAPSED,2026-08-15
POL002269,BRK0046,Property,2025-02-24,2026-02-24,15187.6,RENEWED,2026-08-15
POL000174,BRK0038,General Liability,2026-03-01,2027-03-01,16248.49,RENEWED,2026-08-15
POL002548,BRK0037,Cyber,2024-06-30,2025-06-30,12270.82,CANCELLED,2026-08-15
POL001496,BRK0018,Commercial Auto,2026-01-16,2027-01-16,17373.56,RENEWED,2026-08-15
POL002813,BRK0047,Property,2025-09-25,2026-09-25,17232.28,ACTIVE,2026-08-15
POL003809,BRK0045,Commercial Auto,2024-09-24,2025-09-24,5418.58,ACTIVE,2026-08-15
POL004961,BRK0033,Cyber,2024-02-18,2025-02-17,21196.2,RENEWED,2026-08-15
POL004789,BRK0022,Marine,2024-08-30,2025-08-30,20274.14,ACTIVE,2026-08-15
POL001864,BRK0041,General Liability,2024-09-14,2025-09-14,6082.13,CANCELLED,2026-08-15
POL002514,BRK0048,Cyber,2024-08-24,2025-08-24,6257.2,LAPSED,2026-08-15
POL002228,BRK0036,General Liability,2025-09-09,2026-09-09,4136.78,RENEWED,2026-08-15
POL000292,BRK0011,Marine,2024-03-05,2025-03-05,9347.56,LAPSED,2026-08-15
POL000935,BRK0014,CYBER,2024-08-28,2025-08-28,17084.73,LAPSED,2026-08-15
POL003032,BRK0039,General Liability,2024-02-01,2025-01-31,796.84,RENEWED,2026-08-15
POL004686,BRK0006,General Liability,2024-11-29,2025-11-29,9522.52,LAPSED,2026-08-15
POL001240,BRK0031,COMMERCIAL AUTO,2025-07-31,0000-00-00,18916.15,RENEWED,2026-08-15
POL001911,BRK0034,Cyber,2026-03-31,2027-03-31,19209.17,ACTIVE,2026-08-15
POL001478,BRK0035,PROPERTY,2025-07-28,2026-07-28,4868.97,ACTIVE,2026-08-15
POL001023,BRK0044,Property,2026-05-01,2027-05-01,23434.8,CANCELLED,2026-08-15
POL001782,BRK0018,Cyber,2026-03-16,2027-03-16,22595.47,CANCELLED,2026-08-15
POL003749,BRK0047,Commercial Auto,2026-01-14,2027-01-14,15289.68,CANCELLED,2026-08-15
POL001466,BRK0050,Marine,2024-03-01,2025-03-01,4189.99,CANCELLED,2026-08-15
POL002947,BRK0006,CYBER,2024-07-01,2025-07-01,4427.81,ACTIVE,2026-08-15
POL004330,BRK0022,General Liability,2024-02-27,2025-02-26,7599.86,CANCELLED,2026-08-15
POL001158,BRK0038,Property,2025-05-03,2026-05-03,16610.29,LAPSED,2026-08-15
POL001267,BRK0013,Cyber,2024-08-02,2025-08-02,7897.64,CANCELLED,2026-08-15
POL003705,BRK0019,Marine,2024-05-08,2025-05-08,1429.52,ACTIVE,2026-08-15
POL001723,BRK0030,Property,2024-12-24,2025-12-24,23697.12,ACTIVE,2026-08-15
POL000782,BRK0028,General Liability,2024-10-30,2025-10-30,5575.09,ACTIVE,2026-08-15
POL000481,BRK0031,Cyber,2025-07-29,2026-07-29,18822.78,CANCELLED,2026-08-15
POL002162,BRK0012,Cyber,2026-04-04,2027-04-04,20990.3,LAPSED,2026-08-15
POL002981,BRK0012,General Liability,2024-05-12,2025-05-12,8035.97,CANCELLED,2026-08-15
POL002691,BRK0002,Cyber,2024-09-22,2025-09-22,24422.33,ACTIVE,2026-08-15
POL003123,BRK0015,Property,2024-07-16,2025-07-16,3360.22,LAPSED,2026-08-15
POL000463,BRK0023,Marine,2025-05-08,2026-05-08,18179.16,LAPSED,2026-08-15
POL000560,BRK0048,Property,2025-05-25,2026-05-25,6115.58,LAPSED,2026-08-15
POL002342,BRK0021,commercial auto,2025-08-30,2026-08-30,22516.75,ACTIVE,2026-08-15
POL004377,BRK0019,Property,2025-03-30,2026-03-30,9109.06,ACTIVE,2026-08-15
POL001244,BRK0015,Property,2026-01-05,2027-01-05,4445.65,CANCELLED,2026-08-15
POL001477,BRK0019,Marine,2024-10-08,2025-10-08,10380.07,CANCELLED,2026-08-15
POL000707,BRK0039,Commercial Auto,2024-03-12,2025-03-12,8521.5,ACTIVE,2026-08-15
POL002105,BRK0043,Cyber,2024-03-17,2025-03-17,24050.33,CANCELLED,2026-08-15
POL004603,BRK0005,Cyber,2024-12-18,2025-12-18,5407.18,ACTIVE,2026-08-15
POL003711,BRK0012,Marine,2026-04-19,2027-04-19,21723.95,RENEWED,2026-08-15
POL003955,BRK0024,Cyber,2026-03-30,2027-03-30,2431.6,CANCELLED,2026-08-15
POL002256,BRK0003,General Liability,2024-09-11,2025-09-11,19604.09,ACTIVE,2026-08-15
POL000636,BRK0022,Commercial Auto,2024-01-15,2025-01-14,18630.32,LAPSED,2026-08-15
POL003376,BRK0044,Cyber,2024-05-24,2025-05-24,6100.41,LAPSED,2026-08-15
POL001263,BRK0039,  Property ,2025-07-28,2026-07-28,16404.93,CANCELLED,2026-08-15
POL003013,BRK0005,Property,2025-12-17,2026-12-17,23020.55,LAPSED,2026-08-15
POL004800,BRK0011,Property,2024-12-01,2025-12-01,21898.91,ACTIVE,2026-08-15
POL000133,BRK0043,  Marine ,2025-08-02,2026-08-02,18779.74,LAPSED,2026-08-15
POL004403,BRK0012,Commercial Auto,2025-02-05,2026-02-05,4106.52,LAPSED,2026-08-15
POL000034,BRK0029,Cyber,2026-02-12,2027-02-12,23311.81,LAPSED,2026-08-15
POL003591,BRK0017,Commercial Auto,2025-02-14,2026-02-14,16030.06,CANCELLED,2026-08-15
POL003331,BRK0043,Cyber,2025-02-15,2026-02-15,21349.06,RENEWED,2026-08-15
POL004361,BRK0017,Property,2025-09-08,2026-09-08,1392.31,RENEWED,2026-08-15
POL001634,BRK0006,Commercial Auto,2025-11-06,2026-11-06,6619.58,CANCELLED,2026-08-15
POL004247,BRK0030,Marine,2025-02-13,2026-02-13,5635.19,RENEWED,2026-08-15
POL003056,BRK0029,Property,2026-05-13,2027-05-13,8349.94,ACTIVE,2026-08-15
POL001429,BRK0034,Cyber,2025-07-31,2026-07-31,8408.6,CANCELLED,2026-08-15
POL004187,BRK0017,Property,2025-05-13,2026-05-13,17160.48,LAPSED,2026-08-15
POL002581,BRK0041,Cyber,2025-11-09,2026-11-09,4687.08,ACTIVE,2026-08-15
POL001909,BRK0046,Cyber,2026-02-01,2027-02-01,13266.73,ACTIVE,2026-08-15
POL001434,BRK0035,PROPERTY,2025-07-06,2026-07-06,23723.05,RENEWED,2026-08-15
POL001407,BRK0008,Commercial Auto,2024-08-26,2025-08-26,8274.69,LAPSED,2026-08-15
POL002839,BRK0043,Marine,2026-01-16,2027-01-16,4274.83,LAPSED,2026-08-15
POL002114,BRK0031,Commercial Auto,2025-04-09,2026-04-09,12497.19,RENEWED,2026-08-15
POL001047,BRK0011,Commercial Auto,2024-04-05,2025-04-05,15282.42,ACTIVE,2026-08-15
POL003150,BRK0011,General Liability,2024-04-20,2025-04-20,21249.65,LAPSED,2026-08-15
POL001663,BRK0049,Property,2024-04-30,2025-04-30,10834.82,RENEWED,2026-08-15
POL001274,BRK0042,marine,2025-02-26,2026-02-26,8205.7,ACTIVE,2026-08-15
POL003263,BRK0020,Marine,2025-05-03,2026-05-03,15799.4,ACTIVE,2026-08-15
POL004726,BRK0025,Marine,2024-06-20,2025-06-20,10139.17,LAPSED,2026-08-15
POL004402,BRK0043,Marine,2024-01-22,2025-01-21,664.31,CANCELLED,2026-08-15
POL001623,BRK0042,Marine,0000-00-00,2026-10-28,22484.61,ACTIVE,2026-08-15
POL001789,BRK0039,Commercial Auto,2025-09-03,2026-09-03,13325.8,CANCELLED,2026-08-15
POL001587,BRK0012,  Marine ,2026-02-13,2027-02-13,2106.21,RENEWED,2026-08-15
POL001075,BRK0038,Commercial Auto,2025-05-30,2026-05-30,8010.86,CANCELLED,2026-08-15
POL002076,BRK0050,General Liability,2026-06-09,2027-06-09,18777.47,RENEWED,2026-08-15
POL003854,BRK0028,Property,2024-05-11,2025-05-11,763.02,RENEWED,2026-08-15
POL001981,BRK0016,Commercial Auto,2025-07-14,2026-07-14,20713.12,CANCELLED,2026-08-15
POL001328,BRK0023,Marine,2025-08-31,2026-08-31,3179.96,ACTIVE,2026-08-15
POL001041,BRK0006,General Liability,2024-12-14,2025-12-14,10733.35,RENEWED,2026-08-15
POL004298,BRK0034,General Liability,2026-02-01,2027-02-01,6896.76,CANCELLED,2026-08-15
POL004218,BRK0025,Cyber,2026-01-03,2027-01-03,18876.6,LAPSED,2026-08-15
POL000613,BRK0048,Marine,2025-07-25,2026-07-25,15614.87,ACTIVE,2026-08-15
POL001448,BRK0018,Cyber,2024-10-24,2025-10-24,14275.3,CANCELLED,2026-08-15
POL002951,BRK0047,Marine,2024-12-16,2025-12-16,24643.61,CANCELLED,2026-08-15
POL001133,BRK0042,Commercial Auto,2026-01-22,2027-01-22,19744.73,LAPSED,2026-08-15
POL002297,BRK0031,Cyber,2025-03-27,2026-03-27,8960.84,LAPSED,2026-08-15
POL003758,BRK0036,Marine,,2025-10-16,16787.27,LAPSED,2026-08-15
POL003751,BRK0025,Marine,2024-09-23,2025-09-23,13407.95,RENEWED,2026-08-15
POL000071,BRK0008,Cyber,2025-03-11,2026-03-11,3984.79,ACTIVE,2026-08-15
POL000662,BRK0006,General Liability,2025-04-10,2026-04-10,5441.9,CANCELLED,2026-08-15
POL002334,BRK0030,Property,2024-02-24,2025-02-23,12015.07,LAPSED,2026-08-15
POL002381,BRK0001,Property,2024-09-05,2025-09-05,11539.39,RENEWED,2026-08-15
POL004832,BRK0003,Cyber,2025-04-07,2026-04-07,19089.87,CANCELLED,2026-08-15
POL000813,BRK0042,General Liability,2024-05-07,2025-05-07,6496.38,ACTIVE,2026-08-15
POL004130,BRK0020,Cyber,2024-04-05,2025-04-05,14208.09,CANCELLED,2026-08-15
POL000302,BRK0016,General Liability,2026-02-26,2027-02-26,16303.26,RENEWED,2026-08-15
POL003087,BRK0049,General Liability,2024-08-21,2025-08-21,22289.3,CANCELLED,2026-08-15
POL000975,BRK0008,Commercial Auto,2024-04-03,2025-04-03,19323.46,LAPSED,2026-08-15
POL004531,BRK0026,Cyber,2024-09-24,2025-09-24,13421.21,ACTIVE,2026-08-15
POL004441,BRK0024,MARINE,2025-04-14,2026-04-14,7514.16,LAPSED,2026-08-15
POL001228,BRK0015,Commercial Auto,2026-04-27,2027-04-27,4964.65,LAPSED,2026-08-15
POL000418,BRK0029,Property,2024-07-11,2025-07-11,13154.28,CANCELLED,2026-08-15
POL002193,BRK0009,General Liability,2025-04-02,2026-04-02,21287.32,RENEWED,2026-08-15
POL003486,BRK0003,Cyber,2025-12-14,2026-12-14,15333.61,RENEWED,2026-08-15
POL000957,BRK0048,Property,2025-06-16,2026-06-16,19574.46,RENEWED,2026-08-15
POL004546,BRK0004,Property,2025-06-07,2026-06-07,25397.79,LAPSED,2026-08-15
POL004769,BRK0034,Property,2026-03-27,2027-03-27,22976.33,LAPSED,2026-08-15
POL003017,BRK0022,Cyber,2024-02-29,2025-02-28,1712.16,ACTIVE,2026-08-15
POL002563,BRK0026,Marine,2024-06-30,2025-06-30,19535.8,ACTIVE,2026-08-15
POL000488,BRK0038,Cyber,2026-02-12,2027-02-12,5240.69,RENEWED,2026-08-15
POL004225,BRK0019,General Liability,2024-08-19,2025-08-19,13797.08,CANCELLED,2026-08-15
POL002348,BRK0044,property,2024-08-15,2025-08-15,19871.36,CANCELLED,2026-08-15
POL004944,BRK0037,Commercial Auto,2024-10-15,2025-10-15,6726.11,LAPSED,2026-08-15
POL004190,BRK0003,Commercial Auto,2024-07-18,2025-07-18,3905.11,RENEWED,2026-08-15
POL003658,BRK0011,Marine,2024-06-04,2025-06-04,7074.9,ACTIVE,2026-08-15
POL004392,BRK0004,Commercial Auto,2025-12-18,2026-12-18,10437.7,CANCELLED,2026-08-15
POL000167,BRK0007,General Liability,2024-11-22,2025-11-22,20829.16,LAPSED,2026-08-15
POL004485,BRK0013,Property,2024-04-13,2025-04-13,9099.96,ACTIVE,2026-08-15
POL001545,BRK0025,General Liability,2025-11-20,2026-11-20,2425.91,RENEWED,2026-08-15
POL002249,BRK0005,  Marine ,2024-06-04,2025-06-04,4415.28,CANCELLED,2026-08-15
POL003612,BRK0044,Property,2025-04-12,2026-04-12,9436.56,LAPSED,2026-08-15
POL002371,BRK0024,MARINE,2024-02-16,2025-02-15,23543.97,ACTIVE,2026-08-15
POL001258,BRK0050,marine,2025-09-07,2026-09-07,5728.81,LAPSED,2026-08-15
POL004978,BRK0034,Cyber,2025-03-22,2026-03-22,21510.9,CANCELLED,2026-08-15
POL001241,BRK0013,General Liability,2025-05-27,2026-05-27,17715.09,ACTIVE,2026-08-15
POL001963,BRK0011,Property,2024-08-05,2025-08-05,17585.19,LAPSED,2026-08-15
POL002825,BRK0001,Cyber,2024-01-28,2025-01-27,22608.45,CANCELLED,2026-08-15
POL001099,BRK0032,Commercial Auto,2026-04-15,2027-04-15,10712.64,CANCELLED,2026-08-15
POL001082,BRK0012,Cyber,2024-04-03,2025-04-03,12931.9,RENEWED,2026-08-15
POL004532,BRK0013,Commercial Auto,2025-11-27,2026-11-27,6503.99,LAPSED,2026-08-15
POL004228,BRK0038,Property,2025-08-09,2026-08-09,24451.95,LAPSED,2026-08-15
POL004112,BRK0023,Property,2026-01-07,2027-01-07,23302.24,LAPSED,2026-08-15
POL002571,BRK0032,Property,N/A,2026-11-07,9733.32,RENEWED,2026-08-15
POL001021,BRK0002,Property,2024-02-14,2025-02-13,17930.06,ACTIVE,2026-08-15
POL002940,BRK0003,Cyber,2025-10-06,2026-10-06,17529.37,LAPSED,2026-08-15
POL001420,BRK0017,General Liability,2025-09-12,2026-09-12,12873.14,LAPSED,2026-08-15
POL001139,BRK0038,Cyber,2024-01-24,2025-01-23,2816.55,LAPSED,2026-08-15
POL002335,BRK0011,Cyber,2025-05-30,2026-05-30,7359.96,ACTIVE,2026-08-15
POL000311,BRK0018,Commercial Auto,2024-07-29,2025-07-29,10948.41,CANCELLED,2026-08-15
POL003128,BRK0043,Cyber,2024-10-10,2025-10-10,11104.4,ACTIVE,2026-08-15
POL001996,BRK0007,General Liability,2025-12-07,2026-12-07,10391.01,ACTIVE,2026-08-15
POL001453,BRK0004,Cyber,2025-11-01,2026-11-01,21034.65,RENEWED,2026-08-15
POL000114,BRK0045,General Liability,2024-02-03,2025-02-02,9385.81,CANCELLED,2026-08-15
POL003429,BRK0018,Commercial Auto,2026-04-08,2027-04-08,14162.46,ACTIVE,2026-08-15
POL004239,BRK0018,Cyber,2024-02-03,2025-02-02,6683.18,CANCELLED,2026-08-15
POL002064,BRK0002,General Liability,2025-10-07,2026-10-07,24174.05,ACTIVE,2026-08-15
POL002958,BRK0002,General Liability,2024-05-30,2025-05-30,12163.2,CANCELLED,2026-08-15
POL003170,BRK0036,General Liability,2025-02-20,2026-02-20,4331.37,LAPSED,2026-08-15
POL000870,BRK0008,General Liability,2025-09-06,2026-09-06,20617.9,ACTIVE,2026-08-15
POL001370,BRK0017,Marine,2024-07-19,2025-07-19,5013.63,LAPSED,2026-08-15
POL004561,BRK0032,Cyber,2026-03-16,2027-03-16,9976.91,LAPSED,2026-08-15
POL000575,BRK0048,Marine,2026-03-04,2027-03-04,15976.95,LAPSED,2026-08-15
POL000996,BRK0048,Cyber,2025-11-06,2026-11-06,14045.17,CANCELLED,2026-08-15
POL002241,BRK0033,Marine,2024-06-10,2025-06-10,15197.59,RENEWED,2026-08-15
POL000442,BRK0001,Property,2025-11-23,2026-11-23,3016.35,CANCELLED,2026-08-15
POL000741,BRK0004,General Liability,2024-12-06,2025-12-06,12547.18,LAPSED,2026-08-15
POL000068,BRK0014,Property,2026-02-20,2027-02-20,14023.81,LAPSED,2026-08-15
POL003455,BRK0017,Property,2024-08-31,2025-08-31,13406.85,RENEWED,2026-08-15
POL004880,BRK0003,Marine,2025-07-01,2026-07-01,21518.95,LAPSED,2026-08-15
POL003023,BRK0022,Marine,2024-10-11,2025-10-11,8530.57,CANCELLED,2026-08-15
POL003592,BRK0026,Cyber,2024-04-07,2025-04-07,15679.58,CANCELLED,2026-08-15
POL004324,BRK0019,Cyber,2025-09-06,2026-09-06,11815.21,CANCELLED,2026-08-15
POL003084,BRK0048,Cyber,2024-12-19,2025-12-19,15864.23,CANCELLED,2026-08-15
POL001027,BRK0035,General Liability,2026-05-24,2027-05-24,19992.49,LAPSED,2026-08-15
POL003657,BRK0024,General Liability,2025-04-05,2026-04-05,4171.52,RENEWED,2026-08-15
POL003543,BRK0028,Cyber,2024-12-21,2025-12-21,17563.54,ACTIVE,2026-08-15
POL004958,BRK0008,Marine,2026-03-05,2027-03-05,7502.04,CANCELLED,2026-08-15
POL000897,BRK0008,GENERAL LIABILITY,2024-09-23,2025-09-23,7384.52,CANCELLED,2026-08-15
POL001181,BRK0046,Commercial Auto,2025-04-30,2026-04-30,24817.52,LAPSED,2026-08-15
POL003328,BRK0032,General Liability,2025-07-28,2026-07-28,16205.03,RENEWED,2026-08-15
POL003402,BRK0047,  Property ,2024-07-28,2025-07-28,10694.35,ACTIVE,2026-08-15
POL003814,BRK0007,General Liability,2024-01-16,2025-01-15,12406.94,LAPSED,2026-08-15
POL001247,BRK0001,Property,2026-04-04,2027-04-04,20035.88,ACTIVE,2026-08-15
POL004900,BRK0044,Property,2026-01-16,2027-01-16,17887.91,RENEWED,2026-08-15
POL004325,BRK0007,Marine,2026-01-06,2027-01-06,19808.26,RENEWED,2026-08-15
POL000155,BRK0042,Marine,2024-11-13,2025-11-13,14193.59,CANCELLED,2026-08-15
POL000988,BRK0014,Marine,2024-12-15,2025-12-15,4406.81,ACTIVE,2026-08-15
POL002472,BRK0029,Marine,2024-05-15,2025-05-15,17538.6,RENEWED,2026-08-15
POL004778,BRK0027,commercial auto,2024-03-24,2025-03-24,24579.7,LAPSED,2026-08-15
POL000469,BRK0024,Commercial Auto,2024-12-15,2025-12-15,18377.66,RENEWED,2026-08-15
POL003169,BRK0014,  General Liability ,2024-12-09,2025-12-09,5423.02,LAPSED,2026-08-15
POL003772,BRK0013,Marine,2026-03-29,2027-03-29,8412.5,CANCELLED,2026-08-15
POL000908,BRK0004,General Liability,2024-08-04,2025-08-04,23821.55,RENEWED,2026-08-15
POL000847,BRK0036,Cyber,2025-11-06,2026-11-06,12913.78,RENEWED,2026-08-15
POL002564,BRK0013,Property,2024-03-17,2025-03-17,6027.42,LAPSED,2026-08-15
POL002464,BRK0005,Property,2025-08-05,2026-08-05,10988.92,CANCELLED,2026-08-15
POL004930,BRK0040,Property,2026-03-26,2027-03-26,19411.38,LAPSED,2026-08-15
POL001652,BRK0026,Commercial Auto,2024-05-23,2025-05-23,5542.86,LAPSED,2026-08-15
POL003641,BRK0016,General Liability,2025-04-04,2026-04-04,6716.17,LAPSED,2026-08-15
POL003563,BRK0042,Marine,2026-03-08,2027-03-08,13470.02,RENEWED,2026-08-15
POL004213,BRK0021,Property,2025-10-16,2026-10-16,13396.47,LAPSED,2026-08-15
POL000902,BRK0047,Property,2026-05-16,2027-05-16,4821.8,CANCELLED,2026-08-15
POL004985,BRK0045,  Marine ,2026-01-28,2027-01-28,5032.78,RENEWED,2026-08-15
POL002588,BRK0038,Cyber,2024-04-14,2025-04-14,23782.73,RENEWED,2026-08-15
POL000116,BRK0043,Property,2024-04-03,2025-04-03,19776.47,LAPSED,2026-08-15
POL003339,BRK0033,Property,2024-12-28,2025-12-28,19770.45,LAPSED,2026-08-15
POL000181,BRK0019,General Liability,2025-11-07,2026-11-07,11375.76,RENEWED,2026-08-15
POL001095,BRK0008,Commercial Auto,2024-01-13,2025-01-12,14860.93,ACTIVE,2026-08-15
POL004732,BRK0021,Property,2025-05-28,2026-05-28,2025.98,RENEWED,2026-08-15
POL002173,BRK0020,Property,2025-10-17,2026-10-17,8465.01,CANCELLED,2026-08-15
POL001293,BRK0038,Cyber,2024-04-15,2025-04-15,12451.88,RENEWED,2026-08-15
POL004776,BRK0045,Commercial Auto,,2026-09-04,7023.37,ACTIVE,2026-08-15
POL003653,BRK0003,Cyber,2025-06-30,2026-06-30,20148.82,ACTIVE,2026-08-15
POL002376,BRK0021,Commercial Auto,2024-12-08,2025-12-08,2285.52,LAPSED,2026-08-15
POL002035,BRK0016,Marine,2024-07-31,2025-07-31,8357.37,RENEWED,2026-08-15
POL000316,BRK0035,Property,2025-10-12,2026-10-12,8207.21,RENEWED,2026-08-15
POL000950,BRK0026,Marine,2025-12-18,2026-12-18,15645.59,RENEWED,2026-08-15
POL002279,BRK0026,Property,2024-11-14,2025-11-14,3039.58,LAPSED,2026-08-15
POL004163,BRK0023,Marine,2026-04-10,2027-04-10,14193.95,RENEWED,2026-08-15
POL000118,BRK0010,CYBER,2026-03-03,2027-03-03,20063.59,ACTIVE,2026-08-15
POL002263,BRK0028,Cyber,2025-07-13,2026-07-13,17622.58,RENEWED,2026-08-15
POL001485,BRK0028,Cyber,2026-05-10,2027-05-10,3445.88,RENEWED,2026-08-15
POL004989,BRK0035,Commercial Auto,2025-04-14,2026-04-14,24428.23,CANCELLED,2026-08-15
POL001598,BRK0038,Marine,2026-01-08,2027-01-08,12363.54,LAPSED,2026-08-15
POL003406,BRK0014,Marine,2024-01-23,2025-01-22,1193.52,LAPSED,2026-08-15
POL004975,BRK0026,General Liability,2025-06-26,2026-06-26,7697.4,CANCELLED,2026-08-15
POL001218,BRK0019,General Liability,2025-10-01,2026-10-01,9543.26,CANCELLED,2026-08-15
POL004655,BRK0044,General Liability,2024-03-08,2025-03-08,13465.88,LAPSED,2026-08-15
POL003561,BRK0029,General Liability,2025-03-14,2026-03-14,23179.47,CANCELLED,2026-08-15
POL001903,BRK0013,Commercial Auto,2025-05-13,2026-05-13,11523.54,LAPSED,2026-08-15
POL004853,BRK0027,Marine,2024-12-22,2025-12-22,9655.98,CANCELLED,2026-08-15
POL001904,BRK0020,Marine,N/A,2026-10-26,6696.54,RENEWED,2026-08-15
POL002231,BRK0029,commercial auto,2025-09-17,2026-09-17,24707.11,LAPSED,2026-08-15
POL001366,BRK0002,Property,2024-02-16,2025-02-15,17143.4,CANCELLED,2026-08-15
POL000063,BRK0036,General Liability,2024-02-25,2025-02-24,12526.53,ACTIVE,2026-08-15
POL002854,BRK0003,Marine,2026-02-09,2027-02-09,7661.78,ACTIVE,2026-08-15
POL001223,BRK0042,Property,2026-04-01,2027-04-01,12568.73,LAPSED,2026-08-15
POL001874,BRK0005,General Liability,2024-02-12,2025-02-11,2849.32,RENEWED,2026-08-15
POL003300,BRK0048,property,2025-12-06,2026-12-06,16830.22,RENEWED,2026-08-15
POL002945,BRK0004,GENERAL LIABILITY,2024-01-03,2025-01-02,18062.2,CANCELLED,2026-08-15
POL001058,BRK0027,Cyber,2025-05-20,2026-05-20,12760.48,ACTIVE,2026-08-15
POL004790,BRK0041,Marine,31/12/2025,2026-09-25,9107.28,CANCELLED,2026-08-15
POL000772,BRK0009,Commercial Auto,2024-12-09,2025-12-09,21365.46,RENEWED,2026-08-15
POL004856,BRK0045,Marine,2024-11-07,2025-11-07,18253.37,CANCELLED,2026-08-15
POL001071,BRK0040,GENERAL LIABILITY,2025-10-27,2026-10-27,12739.61,ACTIVE,2026-08-15
POL001237,BRK0024,Marine,2026-04-02,2027-04-02,15278.16,CANCELLED,2026-08-15
POL001188,BRK0024,General Liability,2024-12-05,2025-12-05,6337.18,CANCELLED,2026-08-15
POL003608,BRK0007,Property,2026-04-19,2027-04-19,15288.22,CANCELLED,2026-08-15
POL000273,BRK0032,  Commercial Auto ,2025-11-06,0000-00-00,13625.58,CANCELLED,2026-08-15
POL004136,BRK0048,COMMERCIAL AUTO,2024-06-02,2025-06-02,23530.36,RENEWED,2026-08-15
POL001998,BRK0032,CYBER,2025-10-04,2026-10-04,14069.87,CANCELLED,2026-08-15
POL004082,BRK0050,Cyber,2026-06-13,2027-06-13,21403.09,LAPSED,2026-08-15
POL000477,BRK0039,Property,2025-03-04,2026-03-04,11594.72,LAPSED,2026-08-15
POL003936,BRK0045,Marine,2024-03-17,2025-03-17,13348.91,RENEWED,2026-08-15
POL001113,BRK0013,Property,2025-09-13,2026-09-13,18058.31,ACTIVE,2026-08-15
POL004502,BRK0047,Property,2024-08-06,2025-08-06,11397.56,ACTIVE,2026-08-15
POL000483,BRK0049,Property,2024-09-30,2025-09-30,2019.8,CANCELLED,2026-08-15
POL001261,BRK0028,General Liability,2024-04-04,2025-04-04,23577.57,RENEWED,2026-08-15
POL004709,BRK0050,Property,2024-04-03,2025-04-03,5769.0,CANCELLED,2026-08-15
POL001456,BRK0019,  General Liability ,2024-06-09,2025-06-09,7175.23,ACTIVE,2026-08-15
POL004496,BRK0038,General Liability,2026-03-11,2027-03-11,23230.59,ACTIVE,2026-08-15
POL002347,BRK0050,commercial auto,2024-08-06,2025-08-06,14256.27,RENEWED,2026-08-15
POL003759,BRK0019,General Liability,2025-01-18,2026-01-18,7746.79,ACTIVE,2026-08-15
POL001696,BRK0005,Property,2026-05-29,2027-05-29,5850.16,CANCELLED,2026-08-15
POL004649,BRK0047,Property,2026-05-26,2027-05-26,11627.82,ACTIVE,2026-08-15
POL004608,BRK0015,Property,2025-01-11,2026-01-11,9826.11,ACTIVE,2026-08-15
POL000077,BRK0021,Commercial Auto,2024-12-07,2025-12-07,7283.95,CANCELLED,2026-08-15
POL000682,BRK0027,Commercial Auto,2026-03-13,2027-03-13,8229.82,ACTIVE,2026-08-15
POL002875,BRK0002,Cyber,2025-09-21,2026-09-21,5841.73,CANCELLED,2026-08-15
POL003743,BRK0039,property,2025-07-04,2026-07-04,6455.29,ACTIVE,2026-08-15
POL001522,BRK0015,Property,2025-10-23,2026-10-23,2774.83,RENEWED,2026-08-15
POL003383,BRK0042,Commercial Auto,2024-08-31,2025-08-31,5540.03,RENEWED,2026-08-15
POL002865,BRK0042,Marine,2026-05-16,2027-05-16,23926.53,CANCELLED,2026-08-15
POL000776,BRK0010,Cyber,2025-08-28,2026-08-28,29116.95,LAPSED,2026-08-15
POL001866,BRK0017,Cyber,2024-10-12,2025-10-12,23223.07,ACTIVE,2026-08-15
POL003026,BRK0044,Commercial Auto,2024-10-25,2025-10-25,8464.85,LAPSED,2026-08-15
POL004312,BRK0033,Property,2026-02-22,2027-02-22,9198.38,ACTIVE,2026-08-15
POL001980,BRK0044,Cyber,2024-01-06,2025-01-05,21125.08,RENEWED,2026-08-15
POL000889,BRK0048,Marine,2024-10-21,2025-10-21,5781.38,CANCELLED,2026-08-15
POL003922,BRK0001,General Liability,2024-04-25,2025-04-25,23471.52,ACTIVE,2026-08-15
POL001783,BRK0041,Cyber,2026-03-11,2027-03-11,6306.94,LAPSED,2026-08-15
POL004725,BRK0028,Marine,2024-04-11,2025-04-11,23886.92,LAPSED,2026-08-15
POL003851,BRK0046,Property,2025-11-29,2026-11-29,5628.85,RENEWED,2026-08-15
POL002050,BRK0021,Commercial Auto,2025-08-24,2026-08-24,3003.3,ACTIVE,2026-08-15
POL004479,BRK0038,Cyber,2025-11-29,2026-11-29,6611.44,RENEWED,2026-08-15
POL003071,BRK0020,Commercial Auto,2024-03-19,2025-03-19,23033.78,ACTIVE,2026-08-15
POL001051,BRK0014,General Liability,2024-05-13,2025-05-13,15290.88,CANCELLED,2026-08-15
POL000708,BRK0014,Property,2024-04-02,2025-04-02,504.52,LAPSED,2026-08-15
POL003511,BRK0033,property,2024-03-19,2025-03-19,23993.53,ACTIVE,2026-08-15
POL003116,BRK0022,General Liability,0000-00-00,2027-06-14,4389.47,ACTIVE,2026-08-15
POL001620,BRK0021,Marine,2026-02-06,2027-02-06,9316.53,CANCELLED,2026-08-15
POL001190,BRK0042,Property,2025-08-23,2026-08-23,23574.54,CANCELLED,2026-08-15
POL003850,BRK0002,Cyber,2026-05-15,2027-05-15,16998.74,RENEWED,2026-08-15
POL002760,BRK0010,marine,2026-04-23,2027-04-23,9417.48,CANCELLED,2026-08-15
POL002298,BRK0017,General Liability,2024-10-12,2025-10-12,10973.69,LAPSED,2026-08-15
POL002394,BRK0010,Cyber,2025-09-15,2026-09-15,12972.08,CANCELLED,2026-08-15
POL001130,BRK0047,General Liability,2025-06-24,2026-06-24,13926.25,ACTIVE,2026-08-15
POL000431,BRK0025,Commercial Auto,2025-02-18,2026-02-18,8907.59,LAPSED,2026-08-15
POL001050,BRK0009,Cyber,2024-04-23,2025-04-23,22637.89,LAPSED,2026-08-15
POL004934,BRK0017,COMMERCIAL AUTO,2024-03-28,2025-03-28,5474.12,LAPSED,2026-08-15
POL000880,BRK0027,Cyber,2024-12-26,2025-12-26,17532.65,ACTIVE,2026-08-15
POL001678,BRK0029,Marine,2026-05-08,2027-05-08,5058.42,RENEWED,2026-08-15
POL002324,BRK0002,Commercial Auto,2024-05-09,2025-05-09,9283.41,LAPSED,2026-08-15
POL002454,BRK0017,Property,2026-02-10,2027-02-10,24562.73,LAPSED,2026-08-15
POL002081,BRK0031,Property,2025-07-25,2026-07-25,24322.39,ACTIVE,2026-08-15
POL002922,BRK0010,Cyber,2025-02-12,2026-02-12,7971.51,LAPSED,2026-08-15
POL000401,BRK0019,General Liability,2025-11-07,2026-11-07,21076.44,LAPSED,2026-08-15
POL004114,BRK0026,Property,2025-12-14,2026-12-14,3925.41,LAPSED,2026-08-15
POL003677,BRK0050,Cyber,2025-08-29,2026-08-29,13349.85,RENEWED,2026-08-15
POL002424,BRK0039,Cyber,2026-01-15,2027-01-15,22695.65,LAPSED,2026-08-15
POL004893,BRK0034,Cyber,2024-08-02,2025-08-02,19077.77,LAPSED,2026-08-15
POL002723,BRK0024,Marine,2024-01-08,2025-01-07,24118.95,CANCELLED,2026-08-15
POL004585,BRK0008,Marine,2024-12-25,2025-12-25,4600.07,ACTIVE,2026-08-15
POL001594,BRK0026,marine,2025-07-30,2026-07-30,16321.92,LAPSED,2026-08-15
POL002568,BRK0038,  Property ,2026-04-25,2027-04-25,24519.44,ACTIVE,2026-08-15
POL004282,BRK0035,Commercial Auto,2026-04-03,2027-04-03,7826.23,CANCELLED,2026-08-15
POL003152,BRK0018,Property,2024-10-05,2025-10-05,15943.63,RENEWED,2026-08-15
POL004553,BRK0014,Marine,2026-04-01,2027-04-01,24939.72,CANCELLED,2026-08-15
POL002071,BRK0013,General Liability,2026-03-09,2027-03-09,13982.06,LAPSED,2026-08-15
POL003441,BRK0004,Marine,2026-04-10,2027-04-10,12011.9,ACTIVE,2026-08-15
POL004150,BRK0018,Property,2025-03-31,2026-03-31,10380.28,CANCELLED,2026-08-15
POL000592,BRK0004,CYBER,2024-06-04,2025-06-04,11241.21,ACTIVE,2026-08-15
POL004105,BRK0007,Marine,2025-05-29,2026-05-29,9075.61,ACTIVE,2026-08-15
POL003843,BRK0014,Marine,2025-11-22,2026-11-22,13428.8,LAPSED,2026-08-15
POL003322,BRK0019,Commercial Auto,2025-01-24,2026-01-24,24010.0,ACTIVE,2026-08-15
POL002199,BRK0048,Commercial Auto,2026-04-09,2027-04-09,17172.45,CANCELLED,2026-08-15
POL000244,BRK0004,Marine,2026-04-08,2027-04-08,14190.53,CANCELLED,2026-08-15
POL004864,BRK0015,Marine,2024-02-01,2025-01-31,16824.22,ACTIVE,2026-08-15
POL002291,BRK0040,Commercial Auto,2025-11-29,2026-11-29,6893.2,RENEWED,2026-08-15
POL000826,BRK0008,general liability,2025-04-25,2026-04-25,19668.08,LAPSED,2026-08-15
POL003387,BRK0020,Property,2025-07-12,2026-07-12,16323.56,LAPSED,2026-08-15
POL001756,BRK0019,General Liability,2025-05-15,2026-05-15,20234.14,CANCELLED,2026-08-15
POL001796,BRK0037,  Cyber ,2024-11-27,2025-11-27,3730.74,ACTIVE,2026-08-15
POL004478,BRK0034,Cyber,2024-03-21,2025-03-21,2475.77,RENEWED,2026-08-15
POL003447,BRK0021,General Liability,2024-02-09,2025-02-08,24757.9,ACTIVE,2026-08-15
POL000596,BRK0050,Property,2024-05-04,2025-05-04,24866.12,LAPSED,2026-08-15
POL000727,BRK0012,General Liability,2025-01-13,2026-01-13,13421.03,ACTIVE,2026-08-15
POL001729,BRK0044,Cyber,2024-10-16,2025-10-16,12518.78,CANCELLED,2026-08-15
POL003776,BRK0010,Marine,2025-12-13,2026-12-13,23042.12,ACTIVE,2026-08-15
POL000618,BRK0021,Cyber,2024-12-26,2025-12-26,19222.52,RENEWED,2026-08-15
POL001174,BRK0023,  Marine ,2024-05-23,2025-05-23,1486.28,RENEWED,2026-08-15
POL000402,BRK0024,Commercial Auto,2024-02-25,2025-02-24,15205.28,LAPSED,2026-08-15
POL000952,BRK0047,Property,2026-01-12,2027-01-12,13754.17,RENEWED,2026-08-15
POL001817,BRK0002,Cyber,2024-10-03,2025-10-03,2048.43,ACTIVE,2026-08-15
POL004964,BRK0039,General Liability,2024-08-25,2025-08-25,18884.84,CANCELLED,2026-08-15
POL003348,BRK0038,General Liability,2024-05-25,2025-05-25,15907.7,ACTIVE,2026-08-15
POL001152,BRK0010,General Liability,2025-03-05,2026-03-05,15288.38,ACTIVE,2026-08-15
POL004272,BRK0036,Commercial Auto,2024-10-13,N/A,13536.35,LAPSED,2026-08-15
POL003199,BRK0027,Marine,2024-12-05,2025-12-05,11379.28,ACTIVE,2026-08-15
POL000978,BRK0016,Cyber,2024-07-26,2025-07-26,9933.69,ACTIVE,2026-08-15
POL003831,BRK0025,Cyber,2024-06-28,2025-06-28,15803.13,CANCELLED,2026-08-15
POL004205,BRK0015,General Liability,2025-06-08,2026-06-08,21149.34,RENEWED,2026-08-15
POL003295,BRK0032,Commercial Auto,2025-01-01,2026-01-01,12063.84,ACTIVE,2026-08-15
POL000671,BRK0048,Cyber,2025-04-11,2026-04-11,8409.14,RENEWED,2026-08-15
POL000566,BRK0017,Property,2025-09-19,2026-09-19,15520.56,CANCELLED,2026-08-15
POL000312,BRK0008,General Liability,2025-04-13,2026-04-13,8178.4,RENEWED,2026-08-15
POL001060,BRK0022,Marine,2025-01-25,,17872.94,LAPSED,2026-08-15
POL002692,BRK0003,Marine,2025-08-08,2026-08-08,11210.99,ACTIVE,2026-08-15
POL003127,BRK0038,General Liability,2026-01-17,2027-01-17,12102.06,LAPSED,2026-08-15
POL001887,BRK0023,General Liability,2025-08-08,2026-08-08,22775.11,ACTIVE,2026-08-15
POL002680,BRK0017,General Liability,2025-04-10,2026-04-10,20713.79,CANCELLED,2026-08-15
POL003088,BRK0036,Property,2026-04-16,2027-04-16,18530.63,LAPSED,2026-08-15
POL000615,BRK0013,Cyber,2024-07-13,2025-07-13,14181.38,RENEWED,2026-08-15
POL000529,BRK0016,Commercial Auto,2024-01-23,2025-01-22,13499.21,CANCELLED,2026-08-15
POL003733,BRK0016,General Liability,2026-05-14,2027-05-14,18366.04,CANCELLED,2026-08-15
POL004834,BRK0031,Commercial Auto,2025-04-17,2026-04-17,25464.58,RENEWED,2026-08-15
POL002070,BRK0048,Commercial Auto,2024-10-24,2025-10-24,19948.38,RENEWED,2026-08-15
POL000074,BRK0021,Cyber,2026-01-22,2027-01-22,20980.99,ACTIVE,2026-08-15
POL000841,BRK0005,Marine,2026-04-30,2027-04-30,17140.51,LAPSED,2026-08-15
POL004120,BRK0034,General Liability,2025-08-29,2026-08-29,23762.2,RENEWED,2026-08-15
POL001715,BRK0050,Marine,2026-13-45,2027-04-16,19294.6,LAPSED,2026-08-15
POL003918,BRK0047,Commercial Auto,2024-01-25,2025-01-24,2262.39,ACTIVE,2026-08-15
POL002296,BRK0015,  General Liability ,2024-12-04,2025-12-04,13110.2,RENEWED,2026-08-15
POL000018,BRK0043,Property,2026-04-01,2027-04-01,21868.09,RENEWED,2026-08-15
POL002545,BRK0024,Cyber,2025-12-29,2026-12-29,12737.84,RENEWED,2026-08-15
POL001329,BRK0044,General Liability,2025-08-03,2026-08-03,4615.3,ACTIVE,2026-08-15
POL002696,BRK0018,Marine,2024-11-22,,24947.84,LAPSED,2026-08-15
POL002861,BRK0013,Cyber,2024-06-26,2025-06-26,796.15,ACTIVE,2026-08-15
POL003311,BRK0006,Commercial Auto,2024-03-16,2025-03-16,17021.41,LAPSED,2026-08-15
POL001176,BRK0027,Marine,2024-05-01,2025-05-01,8459.75,RENEWED,2026-08-15
POL003700,BRK0029,Property,2026-01-15,2027-01-15,11796.66,LAPSED,2026-08-15
POL002012,BRK0008,Property,2024-02-02,2025-02-01,20951.29,RENEWED,2026-08-15
POL004267,BRK0017,General Liability,2026-04-07,2027-04-07,15666.0,CANCELLED,2026-08-15
POL004939,BRK0025,Commercial Auto,2025-03-24,2026-03-24,13687.51,LAPSED,2026-08-15
POL004214,BRK0002,GENERAL LIABILITY,2025-07-20,2026-07-20,14073.46,LAPSED,2026-08-15
POL004824,BRK0011,Commercial Auto,2024-12-19,2025-12-19,9350.0,LAPSED,2026-08-15
POL002452,BRK0044,Cyber,2025-07-25,2026-07-25,21546.24,RENEWED,2026-08-15
POL004903,BRK0014,Cyber,2025-07-17,2026-07-17,5263.4,ACTIVE,2026-08-15
POL002053,BRK0003,Marine,2024-08-19,2025-08-19,22994.19,RENEWED,2026-08-15
POL001650,BRK0049,Marine,2024-03-01,2025-03-01,24316.33,LAPSED,2026-08-15
POL001549,BRK0039,Commercial Auto,2025-01-22,2026-01-22,14483.25,LAPSED,2026-08-15
POL000684,BRK0002,General Liability,2026-05-10,2027-05-10,14489.05,RENEWED,2026-08-15
POL002845,BRK0049,Property,2025-01-14,2026-01-14,20990.67,ACTIVE,2026-08-15
POL004878,BRK0001,Commercial Auto,2025-01-27,2026-01-27,11762.03,RENEWED,2026-08-15
POL004765,BRK0027,General Liability,2024-05-05,2025-05-05,6666.05,RENEWED,2026-08-15
POL003356,BRK0046,General Liability,2025-07-21,2026-07-21,15982.06,RENEWED,2026-08-15
POL000793,BRK0042,General Liability,2025-11-02,2026-11-02,13937.48,RENEWED,2026-08-15
POL003909,BRK0027,  General Liability ,2026-05-12,2027-05-12,4648.56,RENEWED,2026-08-15
POL001993,BRK0015,Marine,2025-10-21,2026-10-21,24105.95,CANCELLED,2026-08-15
POL002410,BRK0024,Commercial Auto,2025-01-05,2026-01-05,6741.03,ACTIVE,2026-08-15
POL002276,BRK0027,General Liability,2026-02-27,2027-02-27,8683.05,CANCELLED,2026-08-15
POL001699,BRK0020,General Liability,2026-04-06,2027-04-06,4600.94,ACTIVE,2026-08-15
POL003076,BRK0049,Property,2024-01-26,2025-01-25,24280.54,ACTIVE,2026-08-15
POL001260,BRK0020,Marine,2024-03-24,2025-03-24,6856.46,ACTIVE,2026-08-15
POL002483,BRK0024,General Liability,2024-07-02,2025-07-02,17023.32,RENEWED,2026-08-15
POL001736,BRK0036,Marine,2025-04-19,2026-04-19,12020.7,RENEWED,2026-08-15
POL004139,BRK0014,Cyber,2025-07-31,2026-07-31,18180.37,LAPSED,2026-08-15
POL002730,BRK0033,General Liability,2026-04-05,2027-04-05,4066.57,LAPSED,2026-08-15
POL002488,BRK0038,Marine,2024-10-09,2025-10-09,10542.99,ACTIVE,2026-08-15
POL003869,BRK0007,Commercial Auto,2026-03-01,2027-03-01,8453.28,RENEWED,2026-08-15
POL002036,BRK0040,Cyber,2026-03-01,2027-03-01,1651.17,ACTIVE,2026-08-15
POL004528,BRK0049,Commercial Auto,2026-03-15,2027-03-15,16655.47,RENEWED,2026-08-15
POL000044,BRK0049,Marine,2024-10-11,31/12/2025,1776.1,CANCELLED,2026-08-15
POL003419,BRK0023,Marine,2026-05-02,2027-05-02,3032.22,CANCELLED,2026-08-15
POL003506,BRK0032,General Liability,2024-11-11,2025-11-11,21031.21,CANCELLED,2026-08-15
POL003895,BRK0036,Commercial Auto,2025-11-12,2026-11-12,5842.98,CANCELLED,2026-08-15
POL002710,BRK0009,General Liability,2025-07-17,2026-07-17,18196.94,LAPSED,2026-08-15
POL003576,BRK0047,Property,2024-11-24,2025-11-24,11622.72,CANCELLED,2026-08-15
POL000750,BRK0013,PROPERTY,2026-01-22,2027-01-22,12486.2,ACTIVE,2026-08-15
POL003620,BRK0034,Commercial Auto,2024-04-22,2025-04-22,19230.6,CANCELLED,2026-08-15
POL001254,BRK0025,Marine,2024-08-16,2025-08-16,13610.34,RENEWED,2026-08-15
POL001134,BRK0028,Property,2025-01-20,2026-01-20,4901.01,ACTIVE,2026-08-15
POL000659,BRK0020,General Liability,2025-02-11,2026-02-11,1836.39,LAPSED,2026-08-15
POL003323,BRK0002,Commercial Auto,2024-11-20,2025-11-20,19443.56,ACTIVE,2026-08-15
POL001797,BRK0009,Property,2024-03-10,2025-03-10,2750.56,CANCELLED,2026-08-15
POL000702,BRK0037,Property,2025-09-10,2026-09-10,3121.04,ACTIVE,2026-08-15
POL004292,BRK0042,General Liability,2026-05-15,2027-05-15,1500.32,ACTIVE,2026-08-15
POL004238,BRK0038,Marine,2025-10-21,2026-10-21,10356.26,RENEWED,2026-08-15
POL000047,BRK0045,General Liability,2025-04-21,2026-04-21,18824.18,ACTIVE,2026-08-15
POL004233,BRK0002,Property,2025-04-15,2026-04-15,19176.84,RENEWED,2026-08-15
POL000005,BRK0012,Commercial Auto,2026-05-21,2027-05-21,3437.22,LAPSED,2026-08-15
POL004096,BRK0047,Commercial Auto,2025-02-25,2026-02-25,21167.9,LAPSED,2026-08-15
POL003433,BRK0015,Commercial Auto,2024-11-21,2025-11-21,6437.86,RENEWED,2026-08-15
POL002018,BRK0019,Marine,2025-02-19,2026-02-19,14744.36,LAPSED,2026-08-15
POL000354,BRK0033,  General Liability ,2025-04-11,2026-04-11,19446.56,ACTIVE,2026-08-15
POL004437,BRK0040,Property,2024-09-23,2025-09-23,23060.15,ACTIVE,2026-08-15
POL004793,BRK0002,Property,2025-06-23,2026-06-23,14650.26,RENEWED,2026-08-15
POL002952,BRK0002,Cyber,2024-09-26,2025-09-26,22564.19,LAPSED,2026-08-15
POL002918,BRK0026,Cyber,2026-06-04,2027-06-04,5088.63,RENEWED,2026-08-15
POL003538,BRK0010,Cyber,2025-12-24,2026-12-24,14034.24,LAPSED,2026-08-15
POL002332,BRK0037,Property,2024-01-03,2025-01-02,501.49,ACTIVE,2026-08-15
POL001895,BRK0008,Marine,2025-06-30,2026-06-30,13574.6,LAPSED,2026-08-15
POL004796,BRK0050,General Liability,2026-03-03,2027-03-03,6674.18,CANCELLED,2026-08-15
POL001524,BRK0012,Property,2025-03-07,2026-03-07,24806.16,RENEWED,2026-08-15
POL003755,BRK0047,Commercial Auto,2024-01-17,2025-01-16,10998.79,LAPSED,2026-08-15
POL001810,BRK0032,Marine,2024-07-30,2025-07-30,18969.54,RENEWED,2026-08-15
POL000878,BRK0003,General Liability,2026-03-19,2027-03-19,12041.74,RENEWED,2026-08-15
POL004489,BRK0032,Property,2024-08-31,2025-08-31,17700.53,RENEWED,2026-08-15
POL002663,BRK0042,Property,2024-03-10,2025-03-10,1353.83,CANCELLED,2026-08-15
POL002079,BRK0013,Commercial Auto,2024-06-28,2025-06-28,7713.58,LAPSED,2026-08-15
POL002717,BRK0012,property,2025-09-08,2026-09-08,3630.78,LAPSED,2026-08-15
POL002177,BRK0046,Commercial Auto,2025-09-17,2026-09-17,21585.05,RENEWED,2026-08-15
POL001297,BRK0016,Commercial Auto,2025-01-01,2026-01-01,8204.1,ACTIVE,2026-08-15
POL002301,BRK0035,Marine,2026-06-14,2027-06-14,14864.98,LAPSED,2026-08-15
POL003573,BRK0009,Commercial Auto,2025-05-22,2026-05-22,17570.72,CANCELLED,2026-08-15
POL003010,BRK0027,Marine,2024-05-26,2025-05-26,24396.31,CANCELLED,2026-08-15
POL002912,BRK0010,Property,2025-02-24,2026-02-24,10379.19,RENEWED,2026-08-15
POL003063,BRK0008,Commercial Auto,2026-06-13,2027-06-13,4095.0,LAPSED,2026-08-15
POL003868,BRK0026,Property,2025-05-23,2026-05-23,15097.45,ACTIVE,2026-08-15
POL002833,BRK0007,General Liability,2024-12-28,2025-12-28,11948.11,CANCELLED,2026-08-15
POL002769,BRK0035,Commercial Auto,2024-05-20,2025-05-20,2912.77,LAPSED,2026-08-15
POL001607,BRK0035,Marine,2026-03-20,2027-03-20,2351.04,ACTIVE,2026-08-15
POL001624,BRK0016,Property,2024-05-24,2025-05-24,17529.22,ACTIVE,2026-08-15
POL003984,BRK0015,General Liability,2025-01-20,2026-01-20,13310.69,ACTIVE,2026-08-15
POL001307,BRK0007,General Liability,2024-05-22,2025-05-22,2656.41,CANCELLED,2026-08-15
POL004641,BRK0040,Marine,2025-03-10,2026-03-10,20293.19,CANCELLED,2026-08-15
POL003031,BRK0012,Commercial Auto,2024-03-03,2025-03-03,15480.86,LAPSED,2026-08-15
POL001596,BRK0021,Marine,2024-01-25,2025-01-24,5386.58,LAPSED,2026-08-15
POL001125,BRK0043,Commercial Auto,2026-02-03,2027-02-03,4330.62,LAPSED,2026-08-15
POL002339,BRK0008,Cyber,N/A,2025-04-03,22204.76,ACTIVE,2026-08-15
POL004384,BRK0024,Property,2024-09-03,2025-09-03,6167.99,CANCELLED,2026-08-15
POL000589,BRK0048,Marine,2026-01-02,2027-01-02,19061.7,RENEWED,2026-08-15
POL000922,BRK0045,Marine,2025-04-16,2026-04-16,12424.7,CANCELLED,2026-08-15
POL000329,BRK0024,Marine,2025-12-12,,18407.83,RENEWED,2026-08-15
POL000967,BRK0047,Cyber,2025-05-01,2026-05-01,23103.68,CANCELLED,2026-08-15
POL002443,BRK0008,Property,2024-07-22,2025-07-22,13193.39,RENEWED,2026-08-15
POL003735,BRK0032,Commercial Auto,2025-01-01,2026-01-01,4755.1,LAPSED,2026-08-15
POL000082,BRK0036,Commercial Auto,2024-11-14,2025-11-14,22866.78,RENEWED,2026-08-15
POL004684,BRK0041,Property,2026-03-15,2027-03-15,4710.33,LAPSED,2026-08-15
POL001967,BRK0032,Cyber,2025-04-29,2026-04-29,15811.19,ACTIVE,2026-08-15
POL002460,BRK0007,  Property ,2024-10-09,2025-10-09,23769.56,ACTIVE,2026-08-15
POL001396,BRK0002,Marine,2025-05-22,2026-05-22,5018.46,RENEWED,2026-08-15
POL000332,BRK0022,  Commercial Auto ,2026-03-18,2027-03-18,3543.81,LAPSED,2026-08-15
POL000547,BRK0039,Commercial Auto,2024-03-22,2025-03-22,16576.29,CANCELLED,2026-08-15
POL002791,BRK0039,Commercial Auto,2025-03-12,2026-03-12,19596.23,LAPSED,2026-08-15
POL004177,BRK0048,Cyber,2025-08-20,2026-08-20,1959.41,LAPSED,2026-08-15
POL002031,BRK0002,Commercial Auto,0000-00-00,2026-04-23,9758.45,CANCELLED,2026-08-15
POL002678,BRK0017,General Liability,2026-04-03,2027-04-03,10129.36,CANCELLED,2026-08-15
POL002028,BRK0025,Commercial Auto,2024-11-16,2025-11-16,7657.38,LAPSED,2026-08-15
POL000425,BRK0009,Property,0000-00-00,2026-04-30,23603.62,CANCELLED,2026-08-15
POL000144,BRK0023,General Liability,2026-03-05,2027-03-05,6538.74,ACTIVE,2026-08-15
POL004251,BRK0024,COMMERCIAL AUTO,2024-04-27,2025-04-27,8690.65,ACTIVE,2026-08-15
POL000728,BRK0006,Property,2024-12-17,2025-12-17,19502.07,ACTIVE,2026-08-15
POL000578,BRK0029,General Liability,2024-10-04,2025-10-04,4599.29,ACTIVE,2026-08-15
POL003412,BRK0045,Cyber,2025-04-02,2026-04-02,21275.57,RENEWED,2026-08-15
POL002422,BRK0022,Marine,2025-05-26,2026-05-26,24763.93,CANCELLED,2026-08-15
POL001968,BRK0041,General Liability,2026-03-16,2027-03-16,1326.19,LAPSED,2026-08-15
POL000307,BRK0045,Marine,2026-01-09,2027-01-09,3319.59,CANCELLED,2026-08-15
POL000666,BRK0041,Property,2024-10-22,2025-10-22,15752.73,CANCELLED,2026-08-15
POL003999,BRK0029,Marine,2025-08-15,2026-08-15,12178.56,ACTIVE,2026-08-15
POL003661,BRK0014,Cyber,2024-03-10,2025-03-10,1327.37,RENEWED,2026-08-15
POL004362,BRK0017,Marine,2024-04-19,2025-04-19,6048.38,LAPSED,2026-08-15
POL000508,BRK0014,General Liability,2024-11-08,2025-11-08,3990.15,LAPSED,2026-08-15
POL002826,BRK0009,GENERAL LIABILITY,2026-06-14,2027-06-14,17431.54,CANCELLED,2026-08-15
POL002892,BRK0018,Property,2025-10-18,2026-10-18,14707.51,ACTIVE,2026-08-15
POL002555,BRK0015,Marine,2024-02-28,2025-02-27,4618.24,ACTIVE,2026-08-15
POL002816,BRK0028,  Property ,2025-08-29,2026-08-29,18640.26,LAPSED,2026-08-15
POL000611,BRK0032,Cyber,2025-11-04,2026-11-04,5438.35,LAPSED,2026-08-15
POL001225,BRK0006,Property,2025-12-20,2026-12-20,9378.76,RENEWED,2026-08-15
POL004717,BRK0020,Cyber,2026-05-20,2027-05-20,13002.67,RENEWED,2026-08-15
POL003627,BRK0031,Commercial Auto,2026-13-45,2026-04-24,12337.63,ACTIVE,2026-08-15
POL004323,BRK0031,cyber,2025-09-02,2026-09-02,8607.88,CANCELLED,2026-08-15
POL001017,BRK0022,Property,2025-03-04,2026-03-04,12650.3,ACTIVE,2026-08-15
POL003525,BRK0048,Marine,2025-02-20,2026-02-20,22215.46,ACTIVE,2026-08-15
POL000998,BRK0044,Cyber,2025-12-10,2026-12-10,547.9,RENEWED,2026-08-15
POL003502,BRK0026,General Liability,2025-01-12,31/12/2025,2161.09,LAPSED,2026-08-15
POL001031,BRK0038,Commercial Auto,2025-10-15,2026-10-15,6242.42,LAPSED,2026-08-15
POL001657,BRK0019,Property,2026-02-15,2027-02-15,24013.49,CANCELLED,2026-08-15
POL002954,BRK0045,Cyber,2025-09-05,2026-09-05,15915.44,CANCELLED,2026-08-15
POL003744,BRK0033,Marine,2025-02-21,2026-02-21,20523.86,CANCELLED,2026-08-15
POL004083,BRK0046,Property,2025-10-02,2026-10-02,24913.17,LAPSED,2026-08-15
POL002815,BRK0013,Property,2025-09-30,2026-09-30,10155.8,LAPSED,2026-08-15
POL002972,BRK0021,General Liability,2024-02-14,2025-02-13,9123.84,RENEWED,2026-08-15
POL000719,BRK0037,Marine,2024-02-08,2025-02-07,17417.18,LAPSED,2026-08-15
POL000121,BRK0003,Cyber,2025-09-21,2026-09-21,24965.38,RENEWED,2026-08-15
POL000196,BRK0019,Commercial Auto,2025-06-15,2026-06-15,3566.67,CANCELLED,2026-08-15
POL004851,BRK0033,Marine,2025-08-07,2026-08-07,21002.94,CANCELLED,2026-08-15
POL004041,BRK0032,Cyber,2025-11-09,2026-11-09,16960.03,ACTIVE,2026-08-15
POL001359,BRK0025,Commercial Auto,2025-02-04,2026-02-04,7443.84,ACTIVE,2026-08-15
POL002603,BRK0044,General Liability,2025-12-30,2026-12-30,7979.21,CANCELLED,2026-08-15
POL002919,BRK0020,Commercial Auto,2024-01-13,2025-01-12,23714.41,CANCELLED,2026-08-15
POL004716,BRK0025,General Liability,2025-04-19,2026-04-19,4767.01,CANCELLED,2026-08-15
POL000731,BRK0048,Cyber,2025-05-02,2026-05-02,6934.32,RENEWED,2026-08-15
POL004808,BRK0033,Commercial Auto,2025-12-09,2026-12-09,12283.6,RENEWED,2026-08-15
POL003404,BRK0026,Cyber,2025-09-07,2026-09-07,6917.33,ACTIVE,2026-08-15
POL004217,BRK0047,property,2024-03-21,2025-03-21,21129.1,LAPSED,2026-08-15
POL003942,BRK0019,Commercial Auto,2025-04-27,2026-04-27,14685.04,RENEWED,2026-08-15
POL004431,BRK0016,Cyber,2024-12-24,2025-12-24,12626.37,ACTIVE,2026-08-15
POL002637,BRK0021,General Liability,2025-10-23,2026-10-23,1947.23,CANCELLED,2026-08-15
POL004811,BRK0043,Property,2024-02-25,2025-02-24,2635.46,RENEWED,2026-08-15
POL004471,BRK0014,Commercial Auto,2024-09-03,2025-09-03,17354.1,RENEWED,2026-08-15
POL000494,BRK0022,General Liability,2025-11-10,2026-11-10,12854.09,LAPSED,2026-08-15
POL000929,BRK0046,Commercial Auto,2024-08-25,2025-08-25,2056.01,RENEWED,2026-08-15
POL004967,BRK0042,Marine,2025-05-08,2026-05-08,7017.42,CANCELLED,2026-08-15
POL004771,BRK0047,Cyber,2024-01-27,2025-01-26,22650.18,LAPSED,2026-08-15
POL002842,BRK0011,marine,2025-02-07,2026-02-07,20860.58,CANCELLED,2026-08-15
POL001315,BRK0020,Marine,2026-02-17,2027-02-17,3686.48,CANCELLED,2026-08-15
POL001229,BRK0028,GENERAL LIABILITY,2025-12-13,2026-12-13,21017.21,LAPSED,2026-08-15
POL002411,BRK0028,Marine,2025-03-27,2026-03-27,5119.83,LAPSED,2026-08-15
POL002904,BRK0001,General Liability,2024-07-01,2025-07-01,4476.5,CANCELLED,2026-08-15
POL000466,BRK0016,Commercial Auto,2026-04-16,2027-04-16,21486.44,RENEWED,2026-08-15
POL000624,BRK0014,Commercial Auto,2025-08-05,2026-08-05,20729.78,ACTIVE,2026-08-15
POL001544,BRK0023,Marine,2024-11-23,2025-11-23,13539.89,LAPSED,2026-08-15
POL002011,BRK0014,Property,2026-04-27,2027-04-27,6027.82,LAPSED,2026-08-15
POL003035,BRK0001,General Liability,2025-06-23,2026-06-23,18961.02,RENEWED,2026-08-15
POL003139,BRK0007,General Liability,2025-03-01,2026-03-01,2986.9,LAPSED,2026-08-15
POL000588,BRK0001,Cyber,2026-03-26,2027-03-26,10171.43,LAPSED,2026-08-15
POL003994,BRK0016,General Liability,2025-05-06,2026-05-06,3714.46,LAPSED,2026-08-15
POL003948,BRK0015,Cyber,2025-10-17,2026-10-17,11556.97,CANCELLED,2026-08-15
POL001820,BRK0013,Property,2026-06-11,2027-06-11,1581.02,RENEWED,2026-08-15
POL004601,BRK0043,Cyber,2025-11-23,2026-11-23,30017.84,RENEWED,2026-08-15
POL004255,BRK0034,Commercial Auto,2024-08-17,2025-08-17,11813.85,LAPSED,2026-08-15
POL002137,BRK0025,Property,2024-12-17,2025-12-17,5930.48,LAPSED,2026-08-15
POL000844,BRK0003,Marine,2026-02-21,2027-02-21,21395.42,RENEWED,2026-08-15
POL001300,BRK0042,Marine,2025-08-10,2026-08-10,5354.69,ACTIVE,2026-08-15
POL001233,BRK0011,Commercial Auto,2025-05-30,2026-05-30,11630.26,CANCELLED,2026-08-15
POL002477,BRK0001,commercial auto,2025-05-06,2026-05-06,9947.43,ACTIVE,2026-08-15
POL002621,BRK0006,Cyber,2025-12-22,2026-12-22,7543.5,CANCELLED,2026-08-15
POL000675,BRK0034,Cyber,2024-09-22,2025-09-22,14284.54,RENEWED,2026-08-15
POL001108,BRK0030,Marine,2024-01-04,2025-01-03,17184.18,ACTIVE,2026-08-15
POL002212,BRK0015,Commercial Auto,2025-07-21,2026-07-21,12480.11,RENEWED,2026-08-15
POL003211,BRK0011,Commercial Auto,2025-03-29,2026-03-29,20815.9,ACTIVE,2026-08-15
POL000290,BRK0039,General Liability,2026-13-45,2026-09-03,2575.14,LAPSED,2026-08-15
POL004858,BRK0035,Commercial Auto,2026-05-04,2027-05-04,17737.43,CANCELLED,2026-08-15
POL001019,BRK0048,Marine,2026-04-06,2027-04-06,9389.02,ACTIVE,2026-08-15
POL004670,BRK0046,Marine,2024-02-04,2025-02-03,2676.64,ACTIVE,2026-08-15
POL004095,BRK0011,Property,2025-07-17,2026-07-17,16789.74,LAPSED,2026-08-15
POL004301,BRK0028,Cyber,2024-06-07,2025-06-07,4394.36,ACTIVE,2026-08-15
POL001531,BRK0004,Cyber,2025-01-10,2026-01-10,7755.54,ACTIVE,2026-08-15
POL003000,BRK0047,Cyber,2025-02-28,2026-02-28,23250.2,RENEWED,2026-08-15
POL002306,BRK0026,Property,2024-01-31,2025-01-30,13168.49,ACTIVE,2026-08-15
POL003360,BRK0007,Property,2025-01-29,2026-01-29,9676.52,RENEWED,2026-08-15
POL001382,BRK0047,Commercial Auto,2024-10-04,2025-10-04,9081.31,RENEWED,2026-08-15
POL000885,BRK0025,Cyber,2025-02-06,2026-02-06,16484.08,ACTIVE,2026-08-15
POL004153,BRK0017,Cyber,2025-01-01,2026-01-01,5073.28,ACTIVE,2026-08-15
POL002630,BRK0028,Cyber,2026-02-09,2027-02-09,24658.75,RENEWED,2026-08-15
POL004605,BRK0047,Property,2025-11-15,2026-11-15,14162.97,ACTIVE,2026-08-15
POL003303,BRK0021,Marine,2024-08-28,2025-08-28,17962.82,LAPSED,2026-08-15
POL004477,BRK0003,General Liability,2026-01-25,2027-01-25,22895.1,LAPSED,2026-08-15
POL000162,BRK0044,Cyber,2025-01-11,2026-01-11,9855.87,RENEWED,2026-08-15
POL000690,BRK0047,Commercial Auto,2024-07-29,2025-07-29,720.73,CANCELLED,2026-08-15
POL001117,BRK0017,Marine,2026-01-06,2027-01-06,24958.48,LAPSED,2026-08-15
POL004775,BRK0039,Commercial Auto,2024-11-12,2025-11-12,2064.61,RENEWED,2026-08-15
POL003555,BRK0035,General Liability,2025-03-13,2026-03-13,10532.85,RENEWED,2026-08-15
POL003741,BRK0049,CYBER,2026-02-02,2027-02-02,18980.6,ACTIVE,2026-08-15
POL000573,BRK0036,Cyber,2025-01-03,,9101.72,LAPSED,2026-08-15
POL004826,BRK0043,Cyber,2025-08-28,2026-08-28,23816.61,RENEWED,2026-08-15
POL004303,BRK0023,Marine,2024-09-08,2025-09-08,1219.11,ACTIVE,2026-08-15
POL002462,BRK0043,Commercial Auto,2025-02-14,2026-02-14,14487.31,RENEWED,2026-08-15
POL000248,BRK0025,Marine,2025-01-18,2026-01-18,17226.89,LAPSED,2026-08-15
POL001356,BRK0016,Cyber,2026-04-19,2027-04-19,16624.9,ACTIVE,2026-08-15
POL004841,BRK0036,Cyber,2025-02-28,2026-02-28,10804.16,LAPSED,2026-08-15
POL000768,BRK0016,Marine,2024-03-13,2025-03-13,17082.89,CANCELLED,2026-08-15
POL004839,BRK0004,Marine,2025-11-27,2026-11-27,2220.79,CANCELLED,2026-08-15
POL000086,BRK0001,General Liability,2026-04-20,2027-04-20,16668.55,LAPSED,2026-08-15
POL000073,BRK0026,General Liability,2025-12-17,2026-12-17,1476.59,RENEWED,2026-08-15
POL003267,BRK0007,General Liability,2024-04-05,2025-04-05,13175.3,RENEWED,2026-08-15
POL003813,BRK0017,Marine,2026-02-07,2027-02-07,20662.31,CANCELLED,2026-08-15
POL002152,BRK0011,Property,2026-06-02,2027-06-02,18649.65,CANCELLED,2026-08-15
POL004814,BRK0049,Marine,2024-12-16,2025-12-16,15628.26,ACTIVE,2026-08-15
POL004881,BRK0046,Property,2025-10-11,2026-10-11,4369.61,RENEWED,2026-08-15
POL003479,BRK0049,General Liability,2024-01-02,2025-01-01,22710.51,RENEWED,2026-08-15
POL002131,BRK0047,Cyber,2025-01-25,2026-01-25,16988.78,LAPSED,2026-08-15
POL001608,BRK0050,Commercial Auto,2025-07-25,2026-07-25,2649.39,RENEWED,2026-08-15
POL001630,BRK0015,Commercial Auto,2024-12-23,2025-12-23,11878.62,RENEWED,2026-08-15
POL002117,BRK0050,General Liability,2024-01-16,2025-01-15,6990.26,LAPSED,2026-08-15
POL002021,BRK0035,Cyber,2024-09-04,2025-09-04,6389.78,ACTIVE,2026-08-15
POL003804,BRK0040,Cyber,2024-11-14,2025-11-14,9025.6,RENEWED,2026-08-15
POL000837,BRK0024,Property,2024-03-07,2025-03-07,3507.67,RENEWED,2026-08-15
POL003181,BRK0010,Commercial Auto,2025-07-03,2026-07-03,3227.36,CANCELLED,2026-08-15
POL004604,BRK0038,Property,2025-12-14,2026-12-14,23541.61,LAPSED,2026-08-15
POL002618,BRK0038,Cyber,2024-05-19,2025-05-19,11035.28,CANCELLED,2026-08-15
POL001452,BRK0002,Marine,2026-01-09,2027-01-09,19287.63,ACTIVE,2026-08-15
POL003595,BRK0003,Property,2025-02-16,2026-02-16,6931.04,ACTIVE,2026-08-15
POL003108,BRK0045,Commercial Auto,2026-06-14,2027-06-14,11299.9,RENEWED,2026-08-15
POL002498,BRK0036,Marine,2024-01-03,2025-01-02,5850.82,ACTIVE,2026-08-15
POL003835,BRK0036,Marine,2024-11-24,2025-11-24,9019.14,ACTIVE,2026-08-15
POL004359,BRK0030,Cyber,2026-04-25,2027-04-25,9137.76,ACTIVE,2026-08-15
POL000275,BRK0013,Cyber,2024-09-03,2025-09-03,10223.96,CANCELLED,2026-08-15
POL001707,BRK0038,Cyber,2024-11-10,2025-11-10,13590.16,ACTIVE,2026-08-15
POL003844,BRK0026,Marine,2024-12-29,2025-12-29,23727.83,CANCELLED,2026-08-15
POL003004,BRK0049,General Liability,2025-04-29,2026-04-29,9595.63,ACTIVE,2026-08-15
POL003090,BRK0002,Property,2026-02-28,2027-02-28,23354.18,ACTIVE,2026-08-15
POL004527,BRK0016,Property,2024-08-24,2025-08-24,16660.53,LAPSED,2026-08-15
POL000406,BRK0004,Property,2025-07-31,2026-07-31,10827.88,ACTIVE,2026-08-15
POL000350,BRK0030,Cyber,2024-04-28,2025-04-28,18646.13,ACTIVE,2026-08-15
POL004430,BRK0020,PROPERTY,2025-04-14,2026-04-14,16198.11,LAPSED,2026-08-15
POL003606,BRK0044,General Liability,2026-06-19,2027-06-19,2080.88,LAPSED,2026-08-15
POL003935,BRK0034,marine,2025-10-22,2026-10-22,13125.12,LAPSED,2026-08-15
POL002014,BRK0012,Marine,2025-06-29,2026-06-29,4266.62,ACTIVE,2026-08-15
POL002051,BRK0039,Marine,2025-12-29,2026-12-29,13837.26,LAPSED,2026-08-15
POL002868,BRK0036,Commercial Auto,2025-02-17,2026-02-17,13226.95,ACTIVE,2026-08-15
POL002507,BRK0011,Property,2024-02-18,2025-02-17,10075.66,LAPSED,2026-08-15
POL002098,BRK0026,Marine,2026-01-13,2027-01-13,14108.88,ACTIVE,2026-08-15
POL002250,BRK0049,Property,2025-08-16,2026-08-16,3563.91,LAPSED,2026-08-15
POL002155,BRK0002,Property,,2025-12-06,20139.73,CANCELLED,2026-08-15
POL001913,BRK0043,Marine,2024-12-04,2025-12-04,19171.66,LAPSED,2026-08-15
POL002042,BRK0007,General Liability,2024-08-07,2025-08-07,1499.08,RENEWED,2026-08-15
POL003012,BRK0007,General Liability,2025-11-07,2026-11-07,6661.21,ACTIVE,2026-08-15
POL002084,BRK0019,Commercial Auto,2026-05-06,2027-05-06,4017.49,ACTIVE,2026-08-15
POL001946,BRK0026,Cyber,2025-06-27,2026-06-27,11155.97,ACTIVE,2026-08-15
POL001093,BRK0016,Property,2026-01-23,2027-01-23,17810.69,ACTIVE,2026-08-15
POL002055,BRK0012,Property,2024-01-11,2025-01-10,2979.22,RENEWED,2026-08-15
POL004126,BRK0014,Commercial Auto,2025-11-24,2026-11-24,15049.64,CANCELLED,2026-08-15
POL001474,BRK0034,marine,2024-06-17,2025-06-17,24836.1,ACTIVE,2026-08-15
POL001785,BRK0021,Commercial Auto,2025-09-30,2026-09-30,23705.03,CANCELLED,2026-08-15
POL003046,BRK0031,General Liability,2025-03-06,2026-03-06,11364.59,ACTIVE,2026-08-15
POL001617,BRK0025,Commercial Auto,2024-05-06,2025-05-06,9820.21,RENEWED,2026-08-15
POL001628,BRK0021,Commercial Auto,2025-09-28,2026-09-28,1338.46,LAPSED,2026-08-15
POL001791,BRK0002,marine,2024-01-26,2025-01-25,11326.76,CANCELLED,2026-08-15
POL003355,BRK0043,General Liability,2026-04-05,2027-04-05,5974.39,LAPSED,2026-08-15
POL000327,BRK0010,General Liability,2024-09-12,2025-09-12,12491.74,CANCELLED,2026-08-15
POL000865,BRK0032,Cyber,2025-04-20,2026-04-20,5448.77,CANCELLED,2026-08-15
POL000218,BRK0033,Cyber,2025-02-24,2026-02-24,2025.89,LAPSED,2026-08-15
POL003878,BRK0036,Cyber,2024-01-01,2024-12-31,14475.78,ACTIVE,2026-08-15
POL000812,BRK0036,Marine,2025-05-20,2026-05-20,7854.15,RENEWED,2026-08-15
POL003889,BRK0030,General Liability,2024-11-16,2025-11-16,24093.76,RENEWED,2026-08-15
POL000465,BRK0016,General Liability,2024-11-24,2025-11-24,16261.27,RENEWED,2026-08-15
POL003785,BRK0002,Property,2024-03-11,2025-03-11,22805.41,CANCELLED,2026-08-15
POL003299,BRK0038,Property,2024-09-27,2025-09-27,564.04,ACTIVE,2026-08-15
POL002749,BRK0036,Cyber,2024-06-19,2025-06-19,584.85,LAPSED,2026-08-15
POL003933,BRK0004,Cyber,2025-06-18,2026-06-18,10325.82,ACTIVE,2026-08-15
POL002778,BRK0012,Cyber,2025-04-06,2026-04-06,10707.18,CANCELLED,2026-08-15
POL000145,BRK0013,Property,2024-09-19,2025-09-19,4840.08,RENEWED,2026-08-15
POL002805,BRK0042,General Liability,2025-02-08,2026-02-08,16290.77,CANCELLED,2026-08-15
POL004154,BRK0023,MARINE,2025-12-03,2026-12-03,13267.27,ACTIVE,2026-08-15
POL002520,BRK0044,Marine,2026-03-18,2027-03-18,2070.18,LAPSED,2026-08-15
POL003568,BRK0042,Commercial Auto,2025-03-22,2026-03-22,24285.29,CANCELLED,2026-08-15
POL003060,BRK0008,cyber,2024-07-03,2025-07-03,20171.47,CANCELLED,2026-08-15
POL002129,BRK0042,Cyber,2026-03-20,2027-03-20,5062.81,LAPSED,2026-08-15
POL003473,BRK0031,Cyber,2024-03-14,2025-03-14,3547.11,ACTIVE,2026-08-15
POL002911,BRK0023,Cyber,2024-05-01,2025-05-01,7272.91,RENEWED,2026-08-15
POL001922,BRK0030,Property,2024-09-11,2025-09-11,10609.8,RENEWED,2026-08-15
POL002398,BRK0009,Cyber,2026-01-18,2027-01-18,23935.68,LAPSED,2026-08-15
POL000832,BRK0008,General Liability,2025-02-21,2026-02-21,19175.71,CANCELLED,2026-08-15
POL004973,BRK0045,Property,2025-08-09,2026-08-09,12368.42,CANCELLED,2026-08-15
POL003475,BRK0048,Property,2025-03-14,2026-03-14,24821.55,ACTIVE,2026-08-15
POL000138,BRK0014,General Liability,2024-01-08,2025-01-07,7591.45,ACTIVE,2026-08-15
POL000389,BRK0041,Marine,2026-03-21,2027-03-21,17492.23,CANCELLED,2026-08-15
POL002890,BRK0016,Commercial Auto,2025-11-05,2026-11-05,20639.64,ACTIVE,2026-08-15
POL001049,BRK0004,General Liability,2025-04-10,2026-04-10,10566.1,LAPSED,2026-08-15
POL001861,BRK0026,General Liability,2024-10-11,2025-10-11,7935.67,CANCELLED,2026-08-15
POL004693,BRK0032,Marine,2026-02-08,2027-02-08,24436.25,LAPSED,2026-08-15
POL004888,BRK0033,Marine,2025-06-13,2026-06-13,5702.46,ACTIVE,2026-08-15
POL001540,BRK0026,Property,2025-09-11,2026-09-11,958.61,RENEWED,2026-08-15
POL000877,BRK0014,Property,2024-10-31,2025-10-31,19285.15,RENEWED,2026-08-15
POL000955,BRK0020,Cyber,2025-04-04,2026-04-04,20232.0,LAPSED,2026-08-15
POL004817,BRK0014,Property,2025-01-15,2026-01-15,3814.71,LAPSED,2026-08-15
POL004926,BRK0006,Marine,2025-04-20,2026-04-20,19436.01,RENEWED,2026-08-15
POL003354,BRK0012,Marine,2025-01-01,2026-01-01,17053.28,LAPSED,2026-08-15
POL003866,BRK0036,Commercial Auto,2025-11-07,2026-11-07,11672.71,RENEWED,2026-08-15
POL000175,BRK0031,Property,2025-12-13,2026-12-13,11713.15,CANCELLED,2026-08-15
POL003438,BRK0014,Property,2024-03-09,2025-03-09,11594.12,RENEWED,2026-08-15
POL001728,BRK0015,Commercial Auto,2026-05-27,2027-05-27,23746.64,CANCELLED,2026-08-15
POL001502,BRK0019,General Liability,2024-06-30,2025-06-30,15128.94,RENEWED,2026-08-15
POL004937,BRK0009,Commercial Auto,2025-10-31,2026-10-31,1962.22,RENEWED,2026-08-15
POL001727,BRK0044,PROPERTY,2024-04-16,2025-04-16,19333.04,ACTIVE,2026-08-15
POL003030,BRK0003,Cyber,2024-07-17,2025-07-17,5697.94,RENEWED,2026-08-15
POL000555,BRK0029,Marine,2025-12-11,2026-12-11,24714.2,ACTIVE,2026-08-15
POL004304,BRK0023,General Liability,2026-04-02,2027-04-02,17224.12,LAPSED,2026-08-15
POL004962,BRK0001,Commercial Auto,2025-07-14,2026-07-14,4572.99,ACTIVE,2026-08-15
POL002549,BRK0021,Marine,2025-06-17,2026-06-17,18848.89,ACTIVE,2026-08-15
POL000105,BRK0021,Marine,2024-10-29,2025-10-29,24301.49,CANCELLED,2026-08-15
POL000358,BRK0015,Cyber,2024-07-02,2025-07-02,11894.81,CANCELLED,2026-08-15
POL001080,BRK0044,Property,2026-03-31,2027-03-31,11337.84,ACTIVE,2026-08-15
POL003224,BRK0028,Marine,2025-05-25,2026-05-25,16641.42,RENEWED,2026-08-15
POL002553,BRK0031,Cyber,2024-04-02,2025-04-02,15430.55,CANCELLED,2026-08-15
POL000977,BRK0010,Marine,2024-11-23,2025-11-23,22537.79,ACTIVE,2026-08-15
POL004537,BRK0008,Commercial Auto,2024-07-29,2025-07-29,3281.79,ACTIVE,2026-08-15
POL000678,BRK0041,Property,2024-01-12,2025-01-11,7856.96,CANCELLED,2026-08-15
POL000356,BRK0003,Cyber,2024-07-02,2025-07-02,6000.63,LAPSED,2026-08-15
POL002751,BRK0002,Cyber,2025-03-12,2026-03-12,27423.29,RENEWED,2026-08-15
POL000936,BRK0033,Commercial Auto,2026-04-27,2027-04-27,6053.91,LAPSED,2026-08-15
POL000321,BRK0049,Commercial Auto,2025-07-09,2026-07-09,10916.29,LAPSED,2026-08-15
POL002016,BRK0011,Cyber,2025-04-08,2026-04-08,10909.71,RENEWED,2026-08-15
POL001964,BRK0043,Marine,2026-05-04,2027-05-04,9537.33,ACTIVE,2026-08-15
POL004155,BRK0022,General Liability,2024-08-02,2025-08-02,22665.4,ACTIVE,2026-08-15
POL001092,BRK0046,Marine,2025-06-05,2026-06-05,9940.66,RENEWED,2026-08-15
POL003588,BRK0004,Commercial Auto,2024-05-07,2025-05-07,11827.42,LAPSED,2026-08-15
POL003914,BRK0027,Property,2025-05-14,2026-05-14,25686.84,CANCELLED,2026-08-15
POL000898,BRK0019,General Liability,2025-03-16,2026-03-16,8168.75,LAPSED,2026-08-15
POL003437,BRK0041,Property,2025-05-10,2026-05-10,10754.16,ACTIVE,2026-08-15
POL003679,BRK0024,Marine,2025-08-04,2026-08-04,16830.06,RENEWED,2026-08-15
POL001713,BRK0010,Property,2024-02-15,2025-02-14,23093.36,CANCELLED,2026-08-15
POL001324,BRK0047,General Liability,2024-08-13,2025-08-13,16104.03,CANCELLED,2026-08-15
POL003522,BRK0042,General Liability,2024-12-06,2025-12-06,8357.83,ACTIVE,2026-08-15
POL002235,BRK0008,Commercial Auto,2024-05-30,2025-05-30,13668.79,CANCELLED,2026-08-15
POL000221,BRK0031,Property,2025-09-16,2026-09-16,23566.4,CANCELLED,2026-08-15
POL001530,BRK0040,Marine,2025-06-11,2026-06-11,22678.76,RENEWED,2026-08-15
POL001554,BRK0007,Marine,2025-11-30,2026-11-30,5127.44,ACTIVE,2026-08-15
POL004297,BRK0043,Marine,2026-03-21,2027-03-21,2554.56,ACTIVE,2026-08-15
POL000852,BRK0002,Cyber,2024-06-22,2025-06-22,14417.21,RENEWED,2026-08-15
POL000272,BRK0046,  Property ,2024-03-10,2025-03-10,16124.35,RENEWED,2026-08-15
POL001395,BRK0018,Cyber,2024-10-03,2025-10-03,7337.77,RENEWED,2026-08-15
POL003670,BRK0031,commercial auto,2024-09-05,2025-09-05,13511.03,CANCELLED,2026-08-15
POL000893,BRK0039,  General Liability ,2026-01-23,2027-01-23,6253.62,CANCELLED,2026-08-15
POL000238,BRK0011,Marine,2024-11-10,2025-11-10,19361.11,ACTIVE,2026-08-15
POL004395,BRK0014,Cyber,2026-06-02,2027-06-02,21247.82,CANCELLED,2026-08-15
POL003631,BRK0020,General Liability,2025-01-31,2026-01-31,7813.51,ACTIVE,2026-08-15
POL001145,BRK0035,Property,2025-01-07,0000-00-00,1631.07,CANCELLED,2026-08-15
POL004929,BRK0045,Property,2026-02-09,2027-02-09,5135.65,ACTIVE,2026-08-15
POL002006,BRK0017,Cyber,2024-04-05,2025-04-05,1653.83,RENEWED,2026-08-15
POL003750,BRK0042,General Liability,2024-04-15,2025-04-15,12435.95,ACTIVE,2026-08-15
POL002090,BRK0050,General Liability,2025-08-24,2026-08-24,21438.6,LAPSED,2026-08-15
POL002567,BRK0031,Marine,2025-02-19,2026-02-19,15914.17,CANCELLED,2026-08-15
POL002807,BRK0035,Marine,2026-13-45,2026-06-01,18961.67,ACTIVE,2026-08-15
POL000521,BRK0047,Marine,2026-01-23,2027-01-23,6177.87,CANCELLED,2026-08-15
POL002624,BRK0041,Cyber,2024-12-02,2025-12-02,21049.63,CANCELLED,2026-08-15
POL000725,BRK0032,Commercial Auto,2024-10-20,2025-10-20,6675.25,CANCELLED,2026-08-15
POL003081,BRK0015,Property,2026-04-21,2027-04-21,18541.51,ACTIVE,2026-08-15
POL000892,BRK0009,General Liability,2025-04-25,2026-04-25,9895.64,RENEWED,2026-08-15
POL002001,BRK0040,Property,2025-04-28,2026-04-28,9243.58,LAPSED,2026-08-15
POL002111,BRK0049,Marine,2024-08-27,2025-08-27,6454.22,ACTIVE,2026-08-15
POL000471,BRK0041,General Liability,2024-12-29,2025-12-29,22473.49,RENEWED,2026-08-15
POL000584,BRK0035,Property,2025-12-15,2026-12-15,26159.37,RENEWED,2026-08-15
POL002208,BRK0050,Marine,2025-07-31,2026-07-31,2089.62,RENEWED,2026-08-15
POL001037,BRK0022,General Liability,2025-11-22,2026-11-22,7224.38,LAPSED,2026-08-15
POL003304,BRK0001,Commercial Auto,2026-04-11,2027-04-11,1784.17,LAPSED,2026-08-15
POL001292,BRK0026,Property,2025-06-08,2026-06-08,17470.56,ACTIVE,2026-08-15
POL001753,BRK0003,Property,2025-07-18,31/12/2025,970.7,RENEWED,2026-08-15
POL001212,BRK0037,Marine,2026-02-16,2027-02-16,6473.32,CANCELLED,2026-08-15
POL001236,BRK0045,Marine,2026-04-16,2027-04-16,9821.52,ACTIVE,2026-08-15
POL004414,BRK0019,Cyber,2026-03-27,2027-03-27,1693.34,CANCELLED,2026-08-15
POL004611,BRK0016,Marine,2026-04-20,2027-04-20,8417.84,CANCELLED,2026-08-15
POL003961,BRK0015,property,2025-09-02,2026-09-02,12751.96,LAPSED,2026-08-15
POL002069,BRK0032,Marine,2025-10-03,2026-10-03,5666.04,CANCELLED,2026-08-15
POL003840,BRK0043,Cyber,2024-12-18,2025-12-18,6070.77,RENEWED,2026-08-15
POL002428,BRK0030,General Liability,2024-01-14,2025-01-13,30649.67,ACTIVE,2026-08-15
POL001275,BRK0027,property,2024-11-10,2025-11-10,19867.5,CANCELLED,2026-08-15
POL001940,BRK0017,Marine,2024-02-02,2025-02-01,10238.5,CANCELLED,2026-08-15
POL000051,BRK0024,Commercial Auto,2025-11-08,2026-11-08,20647.11,ACTIVE,2026-08-15
POL001648,BRK0019,Marine,2025-02-14,2026-02-14,11966.1,LAPSED,2026-08-15
POL004072,BRK0048,Marine,2026-06-11,2027-06-11,4731.65,RENEWED,2026-08-15
POL004720,BRK0012,Commercial Auto,2025-06-29,2026-06-29,16591.33,ACTIVE,2026-08-15
POL000770,BRK0005,Marine,2024-08-13,2025-08-13,5796.05,RENEWED,2026-08-15
POL000097,BRK0025,Cyber,2025-09-16,2026-09-16,6188.62,CANCELLED,2026-08-15
POL003332,BRK0014,Commercial Auto,N/A,2026-09-11,834.18,RENEWED,2026-08-15
POL004952,BRK0005,Commercial Auto,2024-10-11,2025-10-11,7553.31,RENEWED,2026-08-15
POL003459,BRK0036,Cyber,2026-02-16,2027-02-16,22038.88,RENEWED,2026-08-15
POL001177,BRK0047,Marine,2025-05-28,2026-05-28,3590.03,CANCELLED,2026-08-15
POL004555,BRK0011,General Liability,2025-04-24,2026-04-24,16320.57,ACTIVE,2026-08-15
POL004770,BRK0022,Marine,2024-02-19,2025-02-18,18633.68,ACTIVE,2026-08-15
POL002192,BRK0008,Marine,2024-04-28,2025-04-28,3463.44,ACTIVE,2026-08-15
POL004309,BRK0019,Marine,2025-06-27,2026-06-27,22986.94,RENEWED,2026-08-15
POL001694,BRK0017,Commercial Auto,2025-06-20,2026-06-20,20556.5,LAPSED,2026-08-15
POL003389,BRK0008,Marine,2025-06-19,2026-06-19,14350.84,ACTIVE,2026-08-15
POL002191,BRK0008,Marine,2024-06-10,2025-06-10,3321.56,ACTIVE,2026-08-15
POL003626,BRK0014,MARINE,2025-07-08,2026-07-08,10174.87,CANCELLED,2026-08-15
POL002807,BRK0035,Marine,2026-13-45,2026-06-01,18961.67,ACTIVE,2026-08-15
POL000392,BRK0040,Property,2026-04-08,2027-04-08,8613.63,ACTIVE,2026-08-15
POL002735,BRK0036,Commercial Auto,2025-07-13,2026-13-45,5815.64,LAPSED,2026-08-15
POL000695,BRK0005,General Liability,2024-06-24,2025-06-24,3686.81,RENEWED,2026-08-15
POL001867,BRK0050,General Liability,2026-04-01,2027-04-01,13175.65,RENEWED,2026-08-15
POL000450,BRK0007,Marine,2024-04-26,2025-04-26,16139.24,CANCELLED,2026-08-15
POL004308,BRK0045,Commercial Auto,2026-03-11,2027-03-11,24038.04,CANCELLED,2026-08-15
POL000879,BRK0022,Marine,2026-05-11,2027-05-11,17612.81,ACTIVE,2026-08-15
POL001571,BRK0041,PROPERTY,2024-09-20,2025-09-20,795.63,CANCELLED,2026-08-15
POL004343,BRK0026,Property,2025-03-18,2026-03-18,3810.31,ACTIVE,2026-08-15
POL001383,BRK0015,Commercial Auto,2024-11-06,2025-11-06,5306.27,RENEWED,2026-08-15
POL001737,BRK0050,Cyber,2024-11-03,2025-11-03,22303.15,RENEWED,2026-08-15
POL001792,BRK0011,Cyber,2025-07-22,2026-07-22,11670.61,LAPSED,2026-08-15
POL004786,BRK0015,Commercial Auto,2025-08-30,2026-08-30,17422.07,LAPSED,2026-08-15
POL004971,BRK0007,General Liability,2025-11-07,2026-11-07,3984.08,LAPSED,2026-08-15
POL002125,BRK0023,Property,2024-04-03,2025-04-03,12201.24,LAPSED,2026-08-15
POL000381,BRK0031,Cyber,2026-04-08,2027-04-08,4410.81,LAPSED,2026-08-15
POL004714,BRK0043,Marine,2024-04-10,2025-04-10,17588.45,ACTIVE,2026-08-15
POL001516,BRK0006,Property,2025-03-23,2026-03-23,621.15,LAPSED,2026-08-15
POL001733,BRK0041,General Liability,2024-05-08,2025-05-08,11784.25,RENEWED,2026-08-15
POL004413,BRK0008,Property,2026-06-05,2027-06-05,22188.59,RENEWED,2026-08-15
POL001012,BRK0003,Commercial Auto,2024-05-20,2025-05-20,16466.77,CANCELLED,2026-08-15
POL004845,BRK0042,Marine,2024-05-28,2025-05-28,8141.31,RENEWED,2026-08-15
POL003252,BRK0009,Cyber,,2026-11-18,22140.38,LAPSED,2026-08-15
POL003892,BRK0047,General Liability,2024-02-01,2025-01-31,5627.8,CANCELLED,2026-08-15
POL000747,BRK0044,General Liability,2024-12-07,2025-12-07,2721.34,CANCELLED,2026-08-15
POL002688,BRK0028,Cyber,2026-04-04,2027-04-04,16729.86,RENEWED,2026-08-15
POL002003,BRK0027,Commercial Auto,2024-08-24,2025-08-24,2278.8,RENEWED,2026-08-15
POL004256,BRK0029,Property,2025-01-31,2026-01-31,1603.84,LAPSED,2026-08-15
POL004004,BRK0001,Marine,2024-01-30,2025-01-29,25060.41,RENEWED,2026-08-15
POL000981,BRK0037,Marine,2024-11-07,2025-11-07,19680.6,LAPSED,2026-08-15
POL000474,BRK0029,Marine,2026-03-01,2027-03-01,12721.3,ACTIVE,2026-08-15
POL001008,BRK0025,Marine,2024-10-28,2025-10-28,15189.61,ACTIVE,2026-08-15
POL003459,BRK0036,Cyber,2026-02-16,2027-02-16,22038.88,RENEWED,2026-08-15
POL004806,BRK0017,  Marine ,2024-07-28,2025-07-28,5126.96,LAPSED,2026-08-15
POL001888,BRK0017,General Liability,2025-03-23,2026-03-23,14337.16,LAPSED,2026-08-15
POL002517,BRK0029,Marine,2024-02-29,2025-02-28,11830.93,RENEWED,2026-08-15
POL000342,BRK0045,Commercial Auto,2026-03-08,2027-03-08,13486.28,ACTIVE,2026-08-15
POL002907,BRK0040,Marine,2024-09-12,2025-09-12,17103.51,CANCELLED,2026-08-15
POL004057,BRK0029,Marine,2025-08-11,2026-08-11,7896.79,ACTIVE,2026-08-15
POL004366,BRK0036,GENERAL LIABILITY,2026-06-19,2027-06-19,22854.81,LAPSED,2026-08-15
POL003357,BRK0039,Commercial Auto,2024-02-11,2025-02-10,16806.27,CANCELLED,2026-08-15
POL004617,BRK0031,Marine,2025-01-01,2026-01-01,6746.68,CANCELLED,2026-08-15
POL000330,BRK0043,General Liability,2025-10-12,2026-10-12,24219.15,LAPSED,2026-08-15
POL002738,BRK0050,Commercial Auto,2026-06-05,2027-06-05,1438.98,ACTIVE,2026-08-15
POL004050,BRK0010,Cyber,2024-07-09,2025-07-09,17465.08,CANCELLED,2026-08-15
POL003783,BRK0038,Commercial Auto,2025-03-31,2026-03-31,10644.73,CANCELLED,2026-08-15
POL004360,BRK0048,Property,2026-05-20,2027-05-20,10896.55,CANCELLED,2026-08-15
POL003359,BRK0031,Property,2024-05-18,2025-05-18,6562.54,CANCELLED,2026-08-15
POL000689,BRK0021,Property,2026-03-05,2027-03-05,13145.59,LAPSED,2026-08-15
POL000921,BRK0044,Commercial Auto,2026-13-45,2027-06-11,4876.32,CANCELLED,2026-08-15
POL002518,BRK0031,Marine,2026-05-01,2027-05-01,19773.16,LAPSED,2026-08-15
POL002124,BRK0035,Cyber,2025-10-03,2026-10-03,17534.37,RENEWED,2026-08-15
POL000528,BRK0022,Commercial Auto,2026-04-10,2027-04-10,4450.53,RENEWED,2026-08-15
POL001368,BRK0004,Cyber,2024-03-06,2025-03-06,11317.45,CANCELLED,2026-08-15
POL002895,BRK0041,GENERAL LIABILITY,2025-02-26,2026-02-26,13715.82,ACTIVE,2026-08-15
POL004787,BRK0029,marine,2025-02-03,2026-02-03,9539.81,LAPSED,2026-08-15
POL001255,BRK0006,Property,2024-04-21,2025-04-21,19321.31,LAPSED,2026-08-15
POL000538,BRK0048,Cyber,2025-08-26,2026-08-26,6196.57,ACTIVE,2026-08-15
POL001686,BRK0039,Marine,2025-12-31,2026-12-31,10666.03,CANCELLED,2026-08-15
POL000517,BRK0038,Cyber,2026-04-12,2027-04-12,14014.05,RENEWED,2026-08-15
POL002785,BRK0027,Commercial Auto,2025-08-14,2026-08-14,11012.08,CANCELLED,2026-08-15
POL001309,BRK0020,Commercial Auto,2024-02-19,2025-02-18,9799.13,LAPSED,2026-08-15
POL004865,BRK0013,Property,2025-11-06,2026-11-06,17387.21,CANCELLED,2026-08-15
POL002957,BRK0012,Commercial Auto,2024-09-03,2025-09-03,24857.78,LAPSED,2026-08-15
POL002130,BRK0004,General Liability,2025-01-12,2026-01-12,19011.4,RENEWED,2026-08-15
POL000132,BRK0012,General Liability,2024-01-30,2025-01-29,649.59,LAPSED,2026-08-15
POL002095,BRK0030,Marine,2024-02-25,2025-02-24,21860.1,RENEWED,2026-08-15
POL000421,BRK0024,Marine,2024-10-07,2025-10-07,1248.8,CANCELLED,2026-08-15
POL003175,BRK0024,General Liability,2024-08-01,2025-08-01,24767.81,RENEWED,2026-08-15
POL004138,BRK0047,Property,2024-07-28,2025-07-28,12872.31,CANCELLED,2026-08-15
POL002713,BRK0021,Property,2025-12-06,2026-12-06,24288.01,RENEWED,2026-08-15
POL001483,BRK0026,Marine,2025-07-27,2026-07-27,21046.91,CANCELLED,2026-08-15
POL001907,BRK0039,General Liability,2024-03-20,2025-03-20,23382.44,RENEWED,2026-08-15
POL000304,BRK0024,Marine,2025-04-01,2026-04-01,4193.25,ACTIVE,2026-08-15
POL004767,BRK0014,Cyber,2024-11-26,2025-11-26,16306.11,ACTIVE,2026-08-15
POL000399,BRK0039,Cyber,2024-12-12,2025-12-12,16514.06,RENEWED,2026-08-15
POL000012,BRK0014,General Liability,2025-09-11,2026-09-11,12469.03,ACTIVE,2026-08-15
POL004898,BRK0042,Commercial Auto,2025-08-19,2026-08-19,18825.73,CANCELLED,2026-08-15
POL001693,BRK0013,Property,2025-02-15,2026-02-15,11860.9,RENEWED,2026-08-15
POL004587,BRK0030,  General Liability ,2024-03-09,2025-03-09,23352.5,ACTIVE,2026-08-15
POL003390,BRK0045,Marine,2025-10-26,2026-10-26,11913.49,CANCELLED,2026-08-15
POL004650,BRK0008,General Liability,2024-05-11,2025-05-11,22526.4,RENEWED,2026-08-15
POL001958,BRK0008,Marine,2024-07-02,2025-07-02,13597.5,ACTIVE,2026-08-15
POL003265,BRK0017,Commercial Auto,2025-07-16,2026-07-16,22270.14,ACTIVE,2026-08-15
POL004464,BRK0012,Cyber,2024-10-23,N/A,4115.01,CANCELLED,2026-08-15
POL003374,BRK0002,Marine,2024-11-24,2025-11-24,23435.13,LAPSED,2026-08-15
POL002290,BRK0010,Marine,2024-07-17,2025-07-17,18408.82,RENEWED,2026-08-15
POL002889,BRK0034,Property,2025-09-13,2026-09-13,13059.43,CANCELLED,2026-08-15
POL004006,BRK0009,Commercial Auto,2024-03-28,2025-03-28,1208.93,ACTIVE,2026-08-15
POL004805,BRK0011,Commercial Auto,2026-02-04,2027-02-04,11453.3,RENEWED,2026-08-15
POL002073,BRK0045,Commercial Auto,2025-04-07,2026-04-07,14329.31,ACTIVE,2026-08-15
POL004979,BRK0020,Property,2024-01-05,2025-01-04,946.26,RENEWED,2026-08-15
POL003507,BRK0047,Cyber,2025-04-09,2026-04-09,7909.92,LAPSED,2026-08-15
POL000333,BRK0030,Commercial Auto,2025-03-27,2026-03-27,22780.48,CANCELLED,2026-08-15
POL001953,BRK0008,Property,2026-03-09,2027-03-09,4842.3,LAPSED,2026-08-15
POL000595,BRK0035,Marine,2024-03-14,2025-03-14,9848.65,ACTIVE,2026-08-15
POL003767,BRK0016,Commercial Auto,2024-05-10,2025-05-10,9620.87,RENEWED,2026-08-15
POL003703,BRK0026,General Liability,2024-12-11,2025-12-11,1553.76,LAPSED,2026-08-15
POL004147,BRK0029,Cyber,2025-07-06,2026-07-06,28242.4,CANCELLED,2026-08-15
POL003565,BRK0008,Marine,2024-03-03,2025-03-03,18542.0,RENEWED,2026-08-15
POL002427,BRK0024,Cyber,2024-11-26,2025-11-26,3264.62,LAPSED,2026-08-15
POL000499,BRK0005,Property,2025-10-03,2026-10-03,10893.13,ACTIVE,2026-08-15
POL002259,BRK0005,Marine,2025-02-15,2026-02-15,18814.28,LAPSED,2026-08-15
POL003836,BRK0041,Marine,2026-02-28,2027-02-28,12233.28,ACTIVE,2026-08-15
POL000888,BRK0044,Marine,2026-04-27,2027-04-27,21617.45,CANCELLED,2026-08-15
POL002590,BRK0029,cyber,2025-03-18,2026-03-18,16513.88,RENEWED,2026-08-15
POL003217,BRK0039,Marine,2025-05-16,2026-05-16,1031.13,CANCELLED,2026-08-15
POL004840,BRK0030,Commercial Auto,2026-01-30,2027-01-30,10701.8,RENEWED,2026-08-15
POL003109,BRK0007,Cyber,2025-03-11,2026-03-11,12800.19,ACTIVE,2026-08-15
POL002873,BRK0026,Marine,2026-04-17,2027-04-17,23358.89,LAPSED,2026-08-15
POL004174,BRK0032,Commercial Auto,2024-11-21,2025-11-21,20870.83,ACTIVE,2026-08-15
POL003482,BRK0033,Cyber,2025-02-16,2026-02-16,3071.31,ACTIVE,2026-08-15
POL002414,BRK0027,Property,2026-03-15,2027-03-15,14092.73,CANCELLED,2026-08-15
POL004104,BRK0009,Marine,2025-03-28,2026-03-28,19448.65,LAPSED,2026-08-15
POL003195,BRK0016,Marine,0000-00-00,2025-09-13,23966.63,RENEWED,2026-08-15
POL000030,BRK0013,PROPERTY,2026-04-05,2027-04-05,19327.99,RENEWED,2026-08-15
POL000206,BRK0004,General Liability,2024-02-19,2025-02-18,12029.38,ACTIVE,2026-08-15
POL001589,BRK0050,Commercial Auto,2024-07-17,2025-07-17,8340.39,RENEWED,2026-08-15
POL002389,BRK0023,Cyber,2024-03-10,2025-03-10,18208.34,CANCELLED,2026-08-15
POL003694,BRK0018,Cyber,2026-05-01,2027-05-01,8841.41,LAPSED,2026-08-15
POL000862,BRK0013,General Liability,2025-06-18,2026-06-18,19255.49,RENEWED,2026-08-15
POL003215,BRK0003,General Liability,2025-05-27,2026-05-27,5031.19,ACTIVE,2026-08-15
POL001162,BRK0006,COMMERCIAL AUTO,2026-05-15,2027-05-15,1906.58,CANCELLED,2026-08-15
POL002132,BRK0035,Property,2024-10-13,2025-10-13,6654.54,RENEWED,2026-08-15
POL001786,BRK0029,Marine,2024-03-09,2025-03-09,4005.54,ACTIVE,2026-08-15
POL002330,BRK0004,General Liability,2025-04-05,2026-04-05,3078.28,CANCELLED,2026-08-15
POL002941,BRK0035,Cyber,2026-06-03,2027-06-03,24304.21,ACTIVE,2026-08-15
POL003805,BRK0008,Cyber,2026-01-04,2027-01-04,24864.02,LAPSED,2026-08-15
POL004307,BRK0045,Marine,2026-02-15,2027-02-15,7873.43,ACTIVE,2026-08-15
POL001115,BRK0008,Marine,2025-04-01,2026-04-01,18954.69,ACTIVE,2026-08-15
POL000740,BRK0028,General Liability,2026-02-26,2027-02-26,2028.49,RENEWED,2026-08-15
POL003143,BRK0009,Commercial Auto,2024-04-30,2025-04-30,19321.24,RENEWED,2026-08-15
POL003020,BRK0044,Cyber,31/12/2025,2025-07-16,11396.96,LAPSED,2026-08-15
POL002657,BRK0007,Marine,2026-03-18,2027-03-18,19258.83,ACTIVE,2026-08-15
POL000440,BRK0040,Marine,2024-05-12,2025-05-12,9891.25,ACTIVE,2026-08-15
POL001111,BRK0003,General Liability,2026-06-13,2027-06-13,18610.51,ACTIVE,2026-08-15
POL002034,BRK0037,Marine,2026-03-14,2027-03-14,12009.35,RENEWED,2026-08-15
POL003290,BRK0045,General Liability,2025-01-05,2026-01-05,3293.43,RENEWED,2026-08-15
POL004179,BRK0002,Cyber,2026-05-16,2027-05-16,10411.75,ACTIVE,2026-08-15
POL000557,BRK0045,Property,2025-11-24,2026-11-24,14078.8,LAPSED,2026-08-15
POL000857,BRK0048,Commercial Auto,2025-10-01,2026-10-01,7197.44,RENEWED,2026-08-15
POL001418,BRK0036,cyber,2024-12-26,2025-12-26,11499.72,RENEWED,2026-08-15
POL001526,BRK0033,Marine,2026-13-45,2026-08-11,1835.53,RENEWED,2026-08-15
POL001679,BRK0037,Marine,2025-10-04,2026-10-04,20183.94,CANCELLED,2026-08-15
POL004451,BRK0013,Marine,2025-11-21,31/12/2025,8843.33,ACTIVE,2026-08-15
POL002101,BRK0030,Property,2024-07-26,2025-07-26,9268.03,LAPSED,2026-08-15
POL002843,BRK0004,Cyber,2026-04-27,2027-04-27,20980.87,ACTIVE,2026-08-15
POL002824,BRK0007,Property,2025-01-27,2026-01-27,11489.94,LAPSED,2026-08-15
POL004676,BRK0003,COMMERCIAL AUTO,2024-08-11,2025-08-11,5686.81,LAPSED,2026-08-15
POL002698,BRK0014,PROPERTY,31/12/2025,2025-01-01,19935.35,RENEWED,2026-08-15
POL000607,BRK0001,Cyber,2025-04-09,0000-00-00,19512.41,LAPSED,2026-08-15
POL004263,BRK0005,Commercial Auto,2026-02-11,2027-02-11,12119.93,CANCELLED,2026-08-15
POL003993,BRK0012,Cyber,2025-02-20,2026-02-20,9000.49,CANCELLED,2026-08-15
POL000079,BRK0033,Commercial Auto,2026-06-04,2027-06-04,5095.77,CANCELLED,2026-08-15
POL001463,BRK0050,Property,2025-02-10,2026-02-10,8109.94,LAPSED,2026-08-15
POL003697,BRK0030,General Liability,2026-03-17,2027-03-17,3212.14,CANCELLED,2026-08-15
POL004397,BRK0048,Property,2025-05-20,2026-05-20,19205.1,ACTIVE,2026-08-15
POL003342,BRK0024,Cyber,2025-04-29,2026-04-29,7622.83,LAPSED,2026-08-15
POL000183,BRK0043,Marine,2024-03-17,2025-03-17,23843.34,LAPSED,2026-08-15
POL001748,BRK0012,Property,2024-03-11,2025-03-11,3218.81,LAPSED,2026-08-15
POL004379,BRK0049,Property,2025-03-04,2026-03-04,10814.17,LAPSED,2026-08-15
POL001564,BRK0046,Cyber,2025-02-13,2026-02-13,3038.76,CANCELLED,2026-08-15
POL001870,BRK0018,Cyber,2026-01-04,2027-01-04,2265.23,ACTIVE,2026-08-15
POL000096,BRK0010,Property,2025-03-17,2026-03-17,4664.6,ACTIVE,2026-08-15
POL003998,BRK0047,Property,2026-02-20,2027-02-20,13269.59,LAPSED,2026-08-15
POL000766,BRK0042,General Liability,2024-02-25,2025-02-24,20226.27,RENEWED,2026-08-15
POL000240,BRK0045,Cyber,2025-03-01,2026-03-01,20727.29,LAPSED,2026-08-15
POL001857,BRK0004,marine,2025-02-20,2026-02-20,15369.54,CANCELLED,2026-08-15
POL000229,BRK0037,Property,2025-10-29,2026-10-29,22874.13,LAPSED,2026-08-15
POL001655,BRK0047,General Liability,2026-02-11,2027-02-11,19826.89,CANCELLED,2026-08-15
POL001556,BRK0021,Cyber,2024-01-24,2025-01-23,2728.68,CANCELLED,2026-08-15
POL002072,BRK0003,Property,2025-02-21,2026-02-21,1808.31,CANCELLED,2026-08-15
POL003497,BRK0020,Cyber,2026-04-14,2027-04-14,3006.64,ACTIVE,2026-08-15
POL001447,BRK0009,Marine,2025-12-22,2026-12-22,17336.94,ACTIVE,2026-08-15
POL001871,BRK0036,MARINE,2025-01-20,2026-01-20,12628.86,CANCELLED,2026-08-15
POL001362,BRK0033,Property,2025-05-27,2026-05-27,2037.76,LAPSED,2026-08-15
POL003490,BRK0031,Marine,2024-01-24,2025-01-23,9092.94,CANCELLED,2026-08-15
POL000807,BRK0036,Commercial Auto,2026-06-14,2027-06-14,10682.44,RENEWED,2026-08-15
POL001776,BRK0047,Marine,2025-09-13,2026-09-13,24242.95,ACTIVE,2026-08-15
POL000993,BRK0046,General Liability,2025-11-27,2026-11-27,20306.16,LAPSED,2026-08-15
POL000909,BRK0026,General Liability,2024-04-04,2025-04-04,2685.11,LAPSED,2026-08-15
POL001503,BRK0042,Cyber,2026-03-01,2027-03-01,1399.91,RENEWED,2026-08-15
POL004503,BRK0002,General Liability,,2027-04-04,3207.87,ACTIVE,2026-08-15
POL000822,BRK0030,Commercial Auto,2025-03-03,0000-00-00,8133.55,CANCELLED,2026-08-15
POL001002,BRK0015,Marine,2026-01-25,2027-01-25,8566.0,ACTIVE,2026-08-15
POL001645,BRK0039,Property,2025-06-22,2026-06-22,13562.33,LAPSED,2026-08-15
POL000398,BRK0022,Property,2024-03-16,2025-03-16,23574.94,ACTIVE,2026-08-15
POL000861,BRK0041,Cyber,2024-10-01,2025-10-01,23398.58,ACTIVE,2026-08-15
POL004340,BRK0014,Cyber,2025-12-25,2026-12-25,22786.35,LAPSED,2026-08-15
POL003240,BRK0031,Marine,2025-09-20,2026-09-20,10933.58,LAPSED,2026-08-15
POL003678,BRK0034,Marine,2024-06-12,2025-06-12,20135.25,CANCELLED,2026-08-15
POL001721,BRK0048,Property,2025-03-24,2026-03-24,15771.77,ACTIVE,2026-08-15
POL001203,BRK0048,Marine,2026-01-09,2027-01-09,14112.66,CANCELLED,2026-08-15
POL004692,BRK0039,Commercial Auto,2024-07-21,2025-07-21,16651.16,CANCELLED,2026-08-15
POL000497,BRK0034,General Liability,2024-01-26,2025-01-25,8456.37,RENEWED,2026-08-15
POL002750,BRK0030,Cyber,2026-03-09,2027-03-09,23664.59,ACTIVE,2026-08-15
POL001921,BRK0038,General Liability,2024-02-22,2025-02-21,14097.85,LAPSED,2026-08-15
POL004398,BRK0044,General Liability,2024-02-28,2025-02-27,19474.07,LAPSED,2026-08-15
POL001847,BRK0039,cyber,2026-01-28,2027-01-28,1003.17,CANCELLED,2026-08-15
POL001381,BRK0005,Marine,2024-12-20,2025-12-20,13966.95,ACTIVE,2026-08-15
POL004754,BRK0035,General Liability,2024-10-20,2025-10-20,14152.3,CANCELLED,2026-08-15
POL003723,BRK0045,General Liability,2026-03-21,2027-03-21,8692.16,LAPSED,2026-08-15
POL003280,BRK0030,Commercial Auto,2025-04-25,2026-04-25,8316.47,RENEWED,2026-08-15
POL004211,BRK0009,Marine,2026-06-06,2027-06-06,22590.5,CANCELLED,2026-08-15
POL004444,BRK0043,Property,,2025-05-27,6529.94,CANCELLED,2026-08-15
POL003045,BRK0002,General Liability,2025-03-15,2026-03-15,7358.8,RENEWED,2026-08-15
POL001262,BRK0035,Property,2025-05-01,2026-05-01,14472.76,ACTIVE,2026-08-15
POL001110,BRK0013,Commercial Auto,2025-11-07,2026-11-07,907.44,CANCELLED,2026-08-15
POL001317,BRK0020,Cyber,2025-12-03,2026-12-03,18753.14,LAPSED,2026-08-15
POL003099,BRK0036,Marine,2024-04-22,2025-04-22,2128.87,CANCELLED,2026-08-15
POL002094,BRK0004,Cyber,2025-06-24,2026-06-24,2292.49,CANCELLED,2026-08-15
POL001192,BRK0036,General Liability,2025-03-04,2026-03-04,14228.48,CANCELLED,2026-08-15
POL002745,BRK0050,Commercial Auto,2024-02-16,2025-02-15,4311.91,CANCELLED,2026-08-15
POL004835,BRK0016,Commercial Auto,2025-11-20,2026-11-20,18789.92,LAPSED,2026-08-15
POL003970,BRK0033,Cyber,2025-09-26,2026-09-26,13356.05,RENEWED,2026-08-15
POL001794,BRK0021,Cyber,2026-06-07,2027-06-07,9688.21,ACTIVE,2026-08-15
POL002112,BRK0033,Property,2026-05-18,2027-05-18,8562.07,RENEWED,2026-08-15
POL004891,BRK0019,Marine,2026-03-09,2027-03-09,22893.09,RENEWED,2026-08-15
POL000985,BRK0033,  General Liability ,2025-08-22,2026-08-22,2698.02,ACTIVE,2026-08-15
POL003940,BRK0029,Commercial Auto,2025-06-18,31/12/2025,19596.39,RENEWED,2026-08-15
POL003351,BRK0014,General Liability,2024-11-15,2025-11-15,15117.31,LAPSED,2026-08-15
POL004456,BRK0046,Marine,2025-12-11,2026-12-11,9145.33,ACTIVE,2026-08-15
POL003855,BRK0009,Property,2024-05-17,2025-05-17,6157.39,LAPSED,2026-08-15
POL001635,BRK0047,General Liability,2024-07-08,2025-07-08,13237.96,CANCELLED,2026-08-15
POL004803,BRK0021,Property,2025-04-26,2026-04-26,24833.17,RENEWED,2026-08-15
POL001752,BRK0028,  General Liability ,2025-04-04,2026-04-04,19594.43,ACTIVE,2026-08-15
POL000365,BRK0009,  Marine ,2025-06-01,2026-06-01,3702.35,CANCELLED,2026-08-15
POL002700,BRK0017,Commercial Auto,31/12/2025,2025-05-04,21334.67,RENEWED,2026-08-15
POL004335,BRK0011,Commercial Auto,2026-02-23,2027-02-23,5965.15,RENEWED,2026-08-15
POL000593,BRK0006,PROPERTY,2024-08-26,2025-08-26,20086.83,CANCELLED,2026-08-15
POL000704,BRK0025,Commercial Auto,2025-05-08,2026-05-08,19715.69,RENEWED,2026-08-15
POL001333,BRK0032,Commercial Auto,2024-12-31,2025-12-31,9305.79,ACTIVE,2026-08-15
POL004987,BRK0047,General Liability,2026-05-05,2027-05-05,5441.78,RENEWED,2026-08-15
POL000502,BRK0027,Marine,2024-09-21,2025-09-21,10042.8,ACTIVE,2026-08-15
POL002935,BRK0045,General Liability,2024-05-30,2025-05-30,18194.72,LAPSED,2026-08-15
POL000946,BRK0050,Commercial Auto,2024-05-29,2025-05-29,8018.78,LAPSED,2026-08-15
POL004993,BRK0040,General Liability,2025-03-15,2026-03-15,22841.74,ACTIVE,2026-08-15
POL001024,BRK0016,General Liability,2025-04-12,2026-04-12,24439.0,RENEWED,2026-08-15
POL001675,BRK0048,General Liability,2026-05-15,2027-05-15,6008.21,ACTIVE,2026-08-15
POL001006,BRK0004,Commercial Auto,2024-03-28,2025-03-28,19674.83,ACTIVE,2026-08-15
POL000041,BRK0025,General Liability,2024-01-30,2025-01-29,21092.39,LAPSED,2026-08-15
POL004868,BRK0010,General Liability,2024-12-03,2025-12-03,15289.0,CANCELLED,2026-08-15
POL001611,BRK0026,Cyber,2024-01-22,2025-01-21,709.18,CANCELLED,2026-08-15
POL000170,BRK0008,Marine,31/12/2025,2025-03-05,18104.34,CANCELLED,2026-08-15
POL002808,BRK0003,  Cyber ,2024-06-22,2025-06-22,24326.65,CANCELLED,2026-08-15
POL000408,BRK0016,Marine,2025-08-09,2026-08-09,1589.42,ACTIVE,2026-08-15
POL000513,BRK0021,Marine,2026-04-07,2027-04-07,17948.88,RENEWED,2026-08-15
POL001585,BRK0041,Property,2025-05-19,2026-05-19,16309.35,CANCELLED,2026-08-15
POL004513,BRK0032,General Liability,2024-12-22,2025-12-22,3098.06,CANCELLED,2026-08-15
POL000117,BRK0037,  Property ,2024-05-08,2025-05-08,21807.54,CANCELLED,2026-08-15
POL001279,BRK0049,General Liability,2026-05-13,2027-05-13,2784.73,ACTIVE,2026-08-15
POL001302,BRK0025,Property,2025-08-28,2026-08-28,21474.53,ACTIVE,2026-08-15
POL002220,BRK0028,Marine,2026-05-08,2027-05-08,2069.83,LAPSED,2026-08-15
POL003544,BRK0042,Property,2025-03-02,2026-03-02,22175.66,ACTIVE,2026-08-15
POL004695,BRK0044,Commercial Auto,2025-03-17,2026-03-17,13191.99,LAPSED,2026-08-15
POL001311,BRK0029,Commercial Auto,2025-10-14,2026-10-14,12507.54,CANCELLED,2026-08-15
POL004621,BRK0041,Property,2024-03-25,2025-03-25,14838.16,LAPSED,2026-08-15
POL002870,BRK0003,Marine,2024-12-08,2025-12-08,7606.37,LAPSED,2026-08-15
POL003174,BRK0007,Cyber,2025-01-13,2026-01-13,11559.73,RENEWED,2026-08-15
POL004871,BRK0026,Commercial Auto,2024-09-08,2025-09-08,8986.28,LAPSED,2026-08-15
POL004088,BRK0044,Cyber,2024-02-08,2025-02-07,23432.21,RENEWED,2026-08-15
POL002343,BRK0033,Cyber,2026-06-17,2027-06-17,9234.66,RENEWED,2026-08-15
POL001170,BRK0040,MARINE,2025-04-19,2026-04-19,9046.86,CANCELLED,2026-08-15
POL001722,BRK0014,GENERAL LIABILITY,2026-02-25,2027-02-25,23785.15,LAPSED,2026-08-15
POL000323,BRK0016,Property,2026-03-05,2027-03-05,17913.47,RENEWED,2026-08-15
POL001194,BRK0039,General Liability,2024-06-19,2025-06-19,14371.28,LAPSED,2026-08-15
POL004110,BRK0022,Property,2025-06-11,2026-06-11,11795.69,RENEWED,2026-08-15
POL002316,BRK0002,Commercial Auto,2024-12-05,2025-12-05,10841.0,ACTIVE,2026-08-15
POL001351,BRK0022,Commercial Auto,2025-12-08,2026-12-08,18065.31,LAPSED,2026-08-15
POL003362,BRK0017,Cyber,2025-06-10,2026-06-10,10110.25,ACTIVE,2026-08-15
POL003526,BRK0036,Property,2026-03-12,2027-03-12,15539.93,CANCELLED,2026-08-15
POL001286,BRK0044,Marine,2024-08-03,2025-08-03,20309.45,LAPSED,2026-08-15
POL004014,BRK0020,Cyber,2024-04-27,2025-04-27,24338.65,CANCELLED,2026-08-15
POL000527,BRK0010,Property,2024-08-04,2025-08-04,16697.19,RENEWED,2026-08-15
POL002629,BRK0007,Commercial Auto,2025-06-19,2026-06-19,13440.0,CANCELLED,2026-08-15
POL003673,BRK0029,Marine,2024-09-10,2025-09-10,8659.02,ACTIVE,2026-08-15
POL004250,BRK0009,Property,2026-05-25,2027-05-25,12505.21,RENEWED,2026-08-15
POL002429,BRK0025,Commercial Auto,2024-07-04,2025-07-04,23864.6,LAPSED,2026-08-15
POL002523,BRK0037,Commercial Auto,2025-04-07,2026-04-07,24493.5,ACTIVE,2026-08-15
POL001539,BRK0049,Marine,2024-08-08,2025-08-08,12788.3,ACTIVE,2026-08-15
POL003954,BRK0034,General Liability,2026-05-07,2027-05-07,14622.05,CANCELLED,2026-08-15
POL003439,BRK0009,Commercial Auto,2025-12-10,2026-12-10,774.53,LAPSED,2026-08-15
POL003159,BRK0033,General Liability,2024-09-21,2025-09-21,2216.84,ACTIVE,2026-08-15
POL005000,BRK0034,General Liability,2025-10-15,2026-10-15,14226.35,CANCELLED,2026-08-15
POL003464,BRK0025,Cyber,2025-11-13,2026-11-13,15476.62,CANCELLED,2026-08-15
POL004118,BRK0041,Cyber,2025-10-09,2026-10-09,9494.79,ACTIVE,2026-08-15
POL000561,BRK0040,General Liability,2026-05-06,2027-05-06,17057.4,RENEWED,2026-08-15
POL001802,BRK0025,marine,2024-11-26,2025-11-26,17579.56,ACTIVE,2026-08-15
POL002693,BRK0026,Cyber,2024-02-21,2025-02-20,19329.11,LAPSED,2026-08-15
POL003101,BRK0044,Marine,2025-05-12,2026-05-12,7816.45,ACTIVE,2026-08-15
POL000911,BRK0028,General Liability,2026-03-31,2027-03-31,2854.73,CANCELLED,2026-08-15
POL001289,BRK0002,  Cyber ,2025-09-12,2026-09-12,9439.82,LAPSED,2026-08-15
POL000422,BRK0039,Marine,2025-05-15,2026-05-15,9069.12,LAPSED,2026-08-15
POL001354,BRK0005,Commercial Auto,2024-04-27,2025-04-27,6556.55,ACTIVE,2026-08-15
POL003762,BRK0001,Property,2024-08-07,2025-08-07,5884.1,ACTIVE,2026-08-15
POL001934,BRK0026,General Liability,2024-02-02,2025-02-01,9289.42,CANCELLED,2026-08-15
POL002731,BRK0018,Property,2024-11-16,2025-11-16,18603.56,RENEWED,2026-08-15
POL000628,BRK0004,Marine,2024-06-05,2025-06-05,2707.03,RENEWED,2026-08-15
POL004344,BRK0015,General Liability,2025-07-10,2026-07-10,18700.02,RENEWED,2026-08-15
POL002288,BRK0049,  General Liability ,2025-01-05,2026-01-05,16494.12,CANCELLED,2026-08-15
POL002885,BRK0017,Property,2025-09-17,2026-09-17,18090.1,LAPSED,2026-08-15
POL002709,BRK0046,General Liability,2025-08-18,2026-08-18,1814.88,ACTIVE,2026-08-15
POL002186,BRK0030,Commercial Auto,2024-04-22,2025-04-22,21864.16,ACTIVE,2026-08-15
POL002708,BRK0027,marine,2024-10-11,2025-10-11,15132.15,CANCELLED,2026-08-15
POL001724,BRK0012,Property,2024-08-18,2025-08-18,11293.0,LAPSED,2026-08-15
POL002251,BRK0035,Marine,2024-09-29,2025-09-29,22068.19,LAPSED,2026-08-15
POL000579,BRK0047,Property,2024-05-08,2025-05-08,2461.59,LAPSED,2026-08-15
POL004889,BRK0038,Property,2024-05-19,2025-05-19,7166.99,RENEWED,2026-08-15
POL004612,BRK0044,Cyber,2025-09-23,2026-09-23,11309.17,ACTIVE,2026-08-15
POL002639,BRK0014,Marine,2024-11-02,2025-11-02,17580.42,RENEWED,2026-08-15
POL004712,BRK0036,property,2025-08-30,2026-08-30,13956.97,RENEWED,2026-08-15
POL004028,BRK0050,Cyber,2025-09-07,2026-09-07,15825.96,LAPSED,2026-08-15
POL000338,BRK0021,General Liability,2024-04-15,2025-04-15,18952.37,LAPSED,2026-08-15
POL001764,BRK0017,Property,2024-07-21,2025-07-21,3538.25,ACTIVE,2026-08-15
POL000511,BRK0023,Property,2024-12-04,2025-12-04,2210.32,LAPSED,2026-08-15
POL003141,BRK0045,Property,2025-04-27,2026-04-27,7209.81,RENEWED,2026-08-15
POL002758,BRK0029,  General Liability ,2025-02-02,2026-02-02,21317.76,CANCELLED,2026-08-15
POL000816,BRK0017,Property,2026-05-15,2027-05-15,17485.43,CANCELLED,2026-08-15
POL001150,BRK0017,Marine,2024-03-26,2025-03-26,15924.42,CANCELLED,2026-08-15
POL001739,BRK0048,Cyber,2024-10-06,2025-10-06,20120.5,LAPSED,2026-08-15
POL004526,BRK0006,Commercial Auto,2025-04-26,2026-04-26,11921.93,ACTIVE,2026-08-15
POL003790,BRK0041,Marine,2024-07-09,2025-07-09,914.57,LAPSED,2026-08-15
POL001983,BRK0027,General Liability,2025-12-24,2026-12-24,10435.85,LAPSED,2026-08-15
POL004055,BRK0027,General Liability,2025-02-27,2026-02-27,7010.85,RENEWED,2026-08-15
POL001775,BRK0026,Property,2025-05-24,2026-05-24,6079.61,RENEWED,2026-08-15
POL001355,BRK0002,Cyber,2025-04-30,2026-04-30,12888.99,LAPSED,2026-08-15
POL000714,BRK0012,Marine,2025-11-09,2026-11-09,9327.05,RENEWED,2026-08-15
POL004627,BRK0026,General Liability,2026-02-08,2027-02-08,21602.53,RENEWED,2026-08-15
POL003992,BRK0033,Marine,2024-01-07,2025-01-06,24263.76,ACTIVE,2026-08-15
POL001433,BRK0018,Property,2025-11-13,2026-11-13,4636.88,ACTIVE,2026-08-15
POL000232,BRK0035,Cyber,2025-10-18,2026-10-18,11966.51,LAPSED,2026-08-15
POL000344,BRK0016,Marine,2024-04-25,2025-04-25,795.64,CANCELLED,2026-08-15
POL002395,BRK0004,Commercial Auto,2024-11-14,2025-11-14,12180.92,ACTIVE,2026-08-15
POL002789,BRK0026,Property,2024-08-03,2025-08-03,4813.56,LAPSED,2026-08-15
POL004035,BRK0046,Commercial Auto,2024-11-03,2025-11-03,5832.55,ACTIVE,2026-08-15
POL004589,BRK0044,Cyber,2024-12-14,2025-12-14,14588.49,ACTIVE,2026-08-15
POL004665,BRK0017,Property,2024-07-31,2025-07-31,14984.3,CANCELLED,2026-08-15
POL004818,BRK0042,Commercial Auto,2024-07-12,2025-07-12,8127.49,CANCELLED,2026-08-15
POL000884,BRK0044,Cyber,2024-06-26,2025-06-26,10655.16,LAPSED,2026-08-15
POL002493,BRK0046,Marine,2025-10-07,2026-10-07,21549.02,LAPSED,2026-08-15
POL002803,BRK0035,Commercial Auto,2024-07-03,2025-07-03,5944.11,ACTIVE,2026-08-15
POL001326,BRK0021,Commercial Auto,2024-06-23,2025-06-23,24074.95,RENEWED,2026-08-15
POL004275,BRK0015,Marine,2025-05-01,2026-05-01,2640.35,ACTIVE,2026-08-15
POL000281,BRK0014,Cyber,2024-01-17,2025-01-16,23257.44,CANCELLED,2026-08-15
POL001875,BRK0003,CYBER,2024-07-28,2025-07-28,7290.76,RENEWED,2026-08-15
POL004424,BRK0022,Property,2026-05-13,2027-05-13,17050.65,RENEWED,2026-08-15
POL004748,BRK0020,Marine,2024-08-23,2025-08-23,3831.63,LAPSED,2026-08-15
POL002244,BRK0038,Marine,2026-03-20,2027-03-20,14020.28,LAPSED,2026-08-15
POL002030,BRK0012,General Liability,2024-06-03,2025-06-03,11987.42,RENEWED,2026-08-15
POL003228,BRK0031,Marine,2025-10-06,2026-10-06,17256.91,ACTIVE,2026-08-15
POL000903,BRK0033,General Liability,2026-02-06,2027-02-06,24951.11,ACTIVE,2026-08-15
POL002923,BRK0003,General Liability,2026-05-23,2027-05-23,3396.11,LAPSED,2026-08-15
POL001266,BRK0014,Property,2024-02-07,2025-02-06,9750.14,CANCELLED,2026-08-15
POL002373,BRK0025,Marine,2025-07-13,2026-07-13,6420.08,RENEWED,2026-08-15
POL001757,BRK0033,COMMERCIAL AUTO,2026-06-01,2027-06-01,2323.16,CANCELLED,2026-08-15
POL004550,BRK0031,General Liability,2025-05-15,2026-05-15,6981.31,LAPSED,2026-08-15
POL004030,BRK0006,Property,2025-09-26,2026-09-26,7604.98,CANCELLED,2026-08-15
POL001380,BRK0043,Commercial Auto,2026-02-14,2027-02-14,23448.9,CANCELLED,2026-08-15
POL000510,BRK0036,Commercial Auto,2025-10-22,2026-10-22,18276.94,RENEWED,2026-08-15
POL004159,BRK0037,commercial auto,2025-10-15,2026-10-15,5921.12,ACTIVE,2026-08-15
POL004135,BRK0028,General Liability,2025-01-05,2026-01-05,5821.41,ACTIVE,2026-08-15
POL002307,BRK0037,Cyber,2025-12-29,2026-12-29,20223.36,ACTIVE,2026-08-15
POL001205,BRK0029,Property,2024-06-08,2025-06-08,12235.67,RENEWED,2026-08-15
POL004399,BRK0046,Commercial Auto,2024-09-10,2025-09-10,7544.3,RENEWED,2026-08-15
POL001685,BRK0044,  General Liability ,2024-03-06,2025-03-06,22464.96,ACTIVE,2026-08-15
POL004455,BRK0008,General Liability,,2026-05-30,13074.12,CANCELLED,2026-08-15
POL002283,BRK0001,General Liability,2025-03-30,2026-03-30,6946.49,LAPSED,2026-08-15
POL004019,BRK0043,Property,2026-03-19,2027-03-19,7569.68,ACTIVE,2026-08-15
POL002932,BRK0046,Property,2024-05-03,2025-05-03,12312.97,CANCELLED,2026-08-15
POL002733,BRK0023,General Liability,2024-06-16,2025-06-16,16668.16,CANCELLED,2026-08-15
POL004960,BRK0001,Property,2024-06-09,2025-06-09,9235.18,LAPSED,2026-08-15
POL002010,BRK0018,Property,2025-11-14,2026-11-14,18444.79,LAPSED,2026-08-15
POL003515,BRK0025,General Liability,2025-07-21,2026-07-21,21701.1,RENEWED,2026-08-15
POL003687,BRK0048,Cyber,2024-10-26,2025-10-26,14535.19,CANCELLED,2026-08-15
POL001823,BRK0048,General Liability,2024-11-24,2025-11-24,24596.06,CANCELLED,2026-08-15
POL000257,BRK0044,Marine,2025-10-03,2026-10-03,16261.24,RENEWED,2026-08-15
POL000480,BRK0009,Property,2025-11-19,2026-11-19,3327.43,CANCELLED,2026-08-15
POL000390,BRK0043,Cyber,2024-08-16,2025-08-16,7715.67,LAPSED,2026-08-15
POL003358,BRK0023,General Liability,2024-12-18,2025-12-18,1249.08,CANCELLED,2026-08-15
POL003315,BRK0045,Commercial Auto,2025-05-05,2026-05-05,3569.0,LAPSED,2026-08-15
POL000131,BRK0036,Cyber,2026-05-15,2027-05-15,23262.57,CANCELLED,2026-08-15
POL002005,BRK0018,Cyber,2024-05-03,2025-05-03,23127.4,ACTIVE,2026-08-15
POL004698,BRK0050,Property,2026-04-06,2027-04-06,6503.67,CANCELLED,2026-08-15
POL004466,BRK0021,Property,2024-05-22,2025-05-22,4393.69,RENEWED,2026-08-15
POL004838,BRK0036,Marine,2026-02-17,2027-02-17,2712.59,CANCELLED,2026-08-15
POL000648,BRK0050,Property,2025-03-16,2026-03-16,2161.44,ACTIVE,2026-08-15
POL001470,BRK0029,commercial auto,2024-07-21,2025-07-21,13352.43,LAPSED,2026-08-15
POL000720,BRK0047,Cyber,2026-01-17,2027-01-17,11890.94,ACTIVE,2026-08-15
POL004349,BRK0017,Marine,2024-11-09,2025-11-09,15606.81,CANCELLED,2026-08-15
POL003523,BRK0004,General Liability,2024-07-13,2025-07-13,16957.11,ACTIVE,2026-08-15
POL002737,BRK0034,General Liability,2025-06-24,2026-06-24,10426.22,CANCELLED,2026-08-15
POL001997,BRK0007,Property,2025-08-03,2026-08-03,23963.13,LAPSED,2026-08-15
POL004018,BRK0024,Marine,2026-05-02,2027-05-02,18275.24,CANCELLED,2026-08-15
POL000845,BRK0003,Commercial Auto,2025-04-15,2026-04-15,22175.16,LAPSED,2026-08-15
POL004076,BRK0011,CYBER,2024-12-17,2025-12-17,18690.91,ACTIVE,2026-08-15
POL001640,BRK0012,General Liability,2024-12-11,2025-12-11,11679.74,ACTIVE,2026-08-15
POL003828,BRK0041,Cyber,2024-11-20,2025-11-20,7210.92,LAPSED,2026-08-15
POL002620,BRK0015,CYBER,2025-05-06,2026-05-06,10088.34,ACTIVE,2026-08-15
POL004685,BRK0018,Cyber,2026-01-24,N/A,5008.28,LAPSED,2026-08-15
POL002699,BRK0016,Cyber,31/12/2025,2026-04-09,19318.89,ACTIVE,2026-08-15
POL001371,BRK0038,Commercial Auto,2024-03-29,2025-03-29,20345.22,ACTIVE,2026-08-15
POL002437,BRK0029,Property,2025-04-18,2026-04-18,5113.36,RENEWED,2026-08-15
POL000801,BRK0019,Cyber,2025-04-30,2026-04-30,23096.16,CANCELLED,2026-08-15
POL001439,BRK0036,Commercial Auto,2024-07-13,2025-07-13,14865.41,LAPSED,2026-08-15
POL004628,BRK0003,Cyber,0000-00-00,2026-02-07,3922.12,RENEWED,2026-08-15
POL002681,BRK0009,Property,2024-10-27,2025-10-27,4029.73,LAPSED,2026-08-15
POL004797,BRK0048,Property,2026-01-14,2027-01-14,23486.18,CANCELLED,2026-08-15
POL002576,BRK0049,Marine,2024-03-05,2025-03-05,594.26,RENEWED,2026-08-15
POL002752,BRK0013,Cyber,2024-05-12,2025-05-12,6657.2,RENEWED,2026-08-15
POL000134,BRK0027,Marine,2025-01-20,2026-01-20,19532.47,ACTIVE,2026-08-15
POL004032,BRK0025,Marine,2025-08-15,2026-08-15,20700.29,ACTIVE,2026-08-15
POL000989,BRK0031,Commercial Auto,2025-09-15,2026-09-15,22434.07,RENEWED,2026-08-15
POL003832,BRK0011,Property,2026-05-15,2027-05-15,6802.94,CANCELLED,2026-08-15
POL002321,BRK0030,Commercial Auto,2025-09-13,2026-09-13,13240.96,ACTIVE,2026-08-15
POL000971,BRK0040,Cyber,2024-07-16,2025-07-16,5140.2,RENEWED,2026-08-15
POL003226,BRK0036,Commercial Auto,2025-05-03,2026-05-03,1966.92,LAPSED,2026-08-15
POL000724,BRK0041,Marine,2024-03-03,2025-03-03,7647.95,ACTIVE,2026-08-15
POL002436,BRK0034,Marine,2025-12-09,2026-12-09,5952.83,RENEWED,2026-08-15
POL004183,BRK0017,Commercial Auto,2024-04-14,2025-04-14,10908.88,CANCELLED,2026-08-15
POL003262,BRK0044,Property,2024-03-18,2025-03-18,3024.18,LAPSED,2026-08-15
POL001575,BRK0050,Commercial Auto,2025-09-15,2026-09-15,22861.21,ACTIVE,2026-08-15
POL001558,BRK0024,Property,2025-04-13,2026-04-13,8406.74,CANCELLED,2026-08-15
POL002239,BRK0035,Commercial Auto,2024-09-22,2025-09-22,20805.86,LAPSED,2026-08-15
POL004887,BRK0042,Cyber,2025-07-16,2026-07-16,1726.92,CANCELLED,2026-08-15
POL004347,BRK0016,Marine,2025-02-20,2026-02-20,17235.93,RENEWED,2026-08-15
POL001803,BRK0013,CYBER,2024-02-11,,14748.79,CANCELLED,2026-08-15
POL001419,BRK0037,Property,2024-08-23,2025-08-23,17015.58,LAPSED,2026-08-15
POL003763,BRK0002,CYBER,2024-01-29,2025-01-28,15652.3,LAPSED,2026-08-15
POL003366,BRK0046,Marine,2025-11-24,2026-11-24,4744.46,LAPSED,2026-08-15
POL004595,BRK0037,General Liability,2026-05-28,2027-05-28,18014.12,RENEWED,2026-08-15
POL003234,BRK0014,Property,2025-09-19,2026-09-19,6817.44,RENEWED,2026-08-15
POL000856,BRK0035,Property,2026-05-10,2027-05-10,10349.67,LAPSED,2026-08-15
POL001523,BRK0012,Marine,2025-10-31,2026-10-31,11076.87,RENEWED,2026-08-15
POL003246,BRK0028,General Liability,2024-11-04,2025-11-04,7417.01,LAPSED,2026-08-15
POL001318,BRK0030,Property,2024-01-17,2025-01-16,9122.94,ACTIVE,2026-08-15
POL003548,BRK0005,Cyber,2024-11-11,2025-11-11,14302.27,ACTIVE,2026-08-15
POL001825,BRK0022,General Liability,2024-05-20,2025-05-20,19689.88,LAPSED,2026-08-15
POL001939,BRK0014,Marine,2025-12-27,2026-12-27,8954.6,ACTIVE,2026-08-15
POL004847,BRK0013,Commercial Auto,2026-01-27,2027-01-27,4469.89,ACTIVE,2026-08-15
POL004422,BRK0041,Commercial Auto,2024-08-05,2025-08-05,1470.34,RENEWED,2026-08-15
POL001637,BRK0025,Commercial Auto,2026-02-04,,20966.79,LAPSED,2026-08-15
POL002504,BRK0036,General Liability,2024-02-03,2025-02-02,7374.2,ACTIVE,2026-08-15
POL003633,BRK0017,  Cyber ,2026-03-14,2027-03-14,16306.74,LAPSED,2026-08-15
POL004306,BRK0002,General Liability,2024-01-05,2025-01-04,3930.77,ACTIVE,2026-08-15
POL003239,BRK0016,Marine,2024-08-13,2025-08-13,23293.63,RENEWED,2026-08-15
POL004128,BRK0022,Commercial Auto,2024-05-10,2025-05-10,16409.09,RENEWED,2026-08-15
POL000039,BRK0049,Cyber,0000-00-00,2027-05-27,10054.67,RENEWED,2026-08-15
POL000088,BRK0013,Property,2026-06-09,2027-06-09,1569.36,RENEWED,2026-08-15
POL000501,BRK0022,Commercial Auto,2026-01-04,2027-01-04,14173.06,LAPSED,2026-08-15
POL000621,BRK0001,General Liability,2024-11-05,2025-11-05,19402.32,CANCELLED,2026-08-15
POL001146,BRK0035,Marine,2025-11-05,2026-11-05,22814.19,CANCELLED,2026-08-15
POL004328,BRK0010,Marine,2026-03-05,2027-03-05,20229.1,CANCELLED,2026-08-15
POL004870,BRK0005,General Liability,2025-12-31,2026-12-31,10634.57,ACTIVE,2026-08-15
POL000109,BRK0048,General Liability,2025-11-19,2026-11-19,3154.48,LAPSED,2026-08-15
POL001209,BRK0049,Commercial Auto,2026-01-14,2027-01-14,20750.78,ACTIVE,2026-08-15
POL003924,BRK0030,Commercial Auto,2024-07-05,2025-07-05,18515.78,RENEWED,2026-08-15
POL001413,BRK0025,  Cyber ,2024-08-08,2025-08-08,16405.7,ACTIVE,2026-08-15
POL001393,BRK0034,Property,2026-05-11,2027-05-11,18260.31,LAPSED,2026-08-15
POL004950,BRK0025,Commercial Auto,2024-07-06,2025-07-06,11333.84,CANCELLED,2026-08-15
POL000767,BRK0007,Commercial Auto,2024-02-14,2025-02-13,12384.0,ACTIVE,2026-08-15
POL000732,BRK0019,Marine,2024-01-13,2025-01-12,28521.79,LAPSED,2026-08-15
POL004351,BRK0010,Marine,2024-01-11,31/12/2025,23555.59,RENEWED,2026-08-15
POL002416,BRK0048,Marine,2025-06-30,2026-06-30,2903.11,RENEWED,2026-08-15
POL002277,BRK0004,Commercial Auto,2024-08-22,2025-08-22,5562.56,LAPSED,2026-08-15
POL004463,BRK0007,General Liability,2024-08-10,2025-08-10,22236.68,LAPSED,2026-08-15
POL001877,BRK0002,Cyber,2024-06-04,2025-06-04,24176.79,RENEWED,2026-08-15
POL002487,BRK0008,Marine,2025-09-18,2026-09-18,15382.79,CANCELLED,2026-08-15
POL003753,BRK0023,  Marine ,2024-11-07,2025-11-07,10353.18,CANCELLED,2026-08-15
POL004079,BRK0011,Marine,2026-04-23,2027-04-23,18101.58,ACTIVE,2026-08-15
POL003578,BRK0031,Cyber,2025-02-11,31/12/2025,14258.71,RENEWED,2026-08-15
POL003214,BRK0009,General Liability,2024-08-14,2025-08-14,6150.39,LAPSED,2026-08-15
POL003203,BRK0050,Marine,2025-04-15,2026-04-15,20384.01,CANCELLED,2026-08-15
POL004346,BRK0030,Cyber,2024-09-20,2025-09-20,12625.17,RENEWED,2026-08-15
POL002082,BRK0029,Property,2025-10-19,2026-10-19,18247.83,LAPSED,2026-08-15
POL000548,BRK0039,Commercial Auto,2025-12-29,2026-12-29,11254.82,LAPSED,2026-08-15
POL004615,BRK0043,Marine,2026-01-17,2027-01-17,9994.22,RENEWED,2026-08-15
POL002002,BRK0022,Marine,2025-06-29,,3028.21,LAPSED,2026-08-15
POL001200,BRK0016,Property,0000-00-00,2026-10-19,24319.36,CANCELLED,2026-08-15
POL004966,BRK0015,Cyber,2025-07-28,2026-07-28,25183.16,ACTIVE,2026-08-15
POL002285,BRK0048,Marine,2024-08-22,2025-08-22,18372.66,ACTIVE,2026-08-15
POL001009,BRK0025,Marine,2025-04-09,2026-04-09,8820.6,ACTIVE,2026-08-15
POL001064,BRK0014,Commercial Auto,2024-07-01,2025-07-01,1715.2,LAPSED,2026-08-15
POL004049,BRK0042,Property,2025-09-30,2026-09-30,21097.88,RENEWED,2026-08-15
POL004092,BRK0012,Property,2025-12-28,2026-12-28,7663.6,RENEWED,2026-08-15
POL001165,BRK0028,Cyber,2026-01-01,2027-01-01,23796.28,ACTIVE,2026-08-15
POL004428,BRK0016,Cyber,2026-03-23,2027-03-23,11264.74,ACTIVE,2026-08-15
POL001458,BRK0047,  Marine ,2025-05-31,2026-05-31,4220.27,RENEWED,2026-08-15
POL000210,BRK0024,General Liability,2025-02-07,2026-02-07,15260.34,RENEWED,2026-08-15
POL003173,BRK0039,General Liability,2025-02-03,2026-02-03,24538.46,ACTIVE,2026-08-15
POL001282,BRK0013,Cyber,2024-10-31,2025-10-31,9683.62,LAPSED,2026-08-15
POL003443,BRK0043,Commercial Auto,2024-06-08,2025-06-08,18971.47,ACTIVE,2026-08-15
POL004782,BRK0017,PROPERTY,2025-06-01,2026-06-01,7317.48,CANCELLED,2026-08-15
POL002213,BRK0003,CYBER,2025-06-12,2026-06-12,11470.15,LAPSED,2026-08-15
POL002829,BRK0030,Cyber,2024-09-24,2025-09-24,21569.25,LAPSED,2026-08-15
POL000551,BRK0026,General Liability,2026-03-09,2027-03-09,984.76,RENEWED,2026-08-15
POL004624,BRK0024,General Liability,2024-03-13,2025-03-13,9806.83,ACTIVE,2026-08-15
POL002903,BRK0017,General Liability,2025-10-19,2026-10-19,22549.76,ACTIVE,2026-08-15
POL004846,BRK0032,Cyber,2025-08-16,2026-08-16,12932.96,RENEWED,2026-08-15
POL002037,BRK0026,General Liability,2026-06-05,2027-06-05,13467.6,ACTIVE,2026-08-15
POL003995,BRK0042,commercial auto,2025-05-26,2026-05-26,17790.11,RENEWED,2026-08-15
POL004719,BRK0041,Commercial Auto,2025-04-21,2026-04-21,3730.3,LAPSED,2026-08-15
POL003044,BRK0033,General Liability,2025-12-14,2026-12-14,19278.1,LAPSED,2026-08-15
POL002982,BRK0046,Marine,2024-02-27,2025-02-26,2878.31,CANCELLED,2026-08-15
POL004210,BRK0022,General Liability,2025-11-26,2026-11-26,23631.92,CANCELLED,2026-08-15
POL004688,BRK0020,  Property ,2025-03-15,2026-03-15,2398.22,RENEWED,2026-08-15
POL002074,BRK0019,General Liability,2026-04-02,2027-04-02,13711.91,LAPSED,2026-08-15
POL004749,BRK0010,Commercial Auto,2026-01-16,2027-01-16,17398.15,CANCELLED,2026-08-15
POL004003,BRK0011,General Liability,2025-12-07,2026-12-07,22991.48,RENEWED,2026-08-15
POL003501,BRK0043,Marine,2025-02-13,2026-02-13,18639.17,LAPSED,2026-08-15
POL001563,BRK0031,Commercial Auto,2025-03-25,2026-03-25,19334.66,CANCELLED,2026-08-15
POL004757,BRK0016,General Liability,2026-04-30,2027-04-30,1884.76,ACTIVE,2026-08-15
POL004520,BRK0046,Property,2025-10-21,2026-10-21,1266.45,ACTIVE,2026-08-15
POL002746,BRK0046,Cyber,2025-12-01,2026-12-01,6830.08,CANCELLED,2026-08-15
POL003142,BRK0031,Cyber,N/A,2027-04-14,7239.91,LAPSED,2026-08-15
POL000126,BRK0021,General Liability,2025-03-13,2026-03-13,2144.77,ACTIVE,2026-08-15
POL004551,BRK0020,Marine,2024-02-04,2025-02-03,11945.75,LAPSED,2026-08-15
POL002425,BRK0012,General Liability,2024-03-21,2025-03-21,694.02,CANCELLED,2026-08-15
POL000549,BRK0043,Cyber,2026-05-20,2027-05-20,13137.43,LAPSED,2026-08-15
POL001196,BRK0050,Marine,2025-07-29,2026-07-29,4420.07,LAPSED,2026-08-15
POL002955,BRK0015,Commercial Auto,2026-06-05,2027-06-05,25444.95,ACTIVE,2026-08-15
POL001769,BRK0050,General Liability,2025-08-25,2026-08-25,17512.48,CANCELLED,2026-08-15
POL000762,BRK0012,Cyber,2024-09-01,2025-09-01,15495.22,ACTIVE,2026-08-15
POL003632,BRK0003,General Liability,2025-02-14,2026-02-14,17202.4,RENEWED,2026-08-15
POL000446,BRK0024,Commercial Auto,2024-05-06,2025-05-06,15766.8,ACTIVE,2026-08-15
POL001132,BRK0009,Marine,2025-08-14,2026-08-14,5844.34,LAPSED,2026-08-15
POL000322,BRK0003,Marine,2024-10-31,2025-10-31,21699.62,ACTIVE,2026-08-15
POL003601,BRK0002,Commercial Auto,2024-04-13,2025-04-13,21236.4,ACTIVE,2026-08-15
POL002061,BRK0027,Property,2026-02-13,2027-02-13,15360.92,LAPSED,2026-08-15
POL002445,BRK0009,General Liability,2024-12-18,2025-12-18,16652.21,LAPSED,2026-08-15
POL000937,BRK0017,General Liability,2025-05-13,2026-05-13,14147.05,LAPSED,2026-08-15
POL001392,BRK0023,Marine,2024-02-25,2025-02-24,5487.1,LAPSED,2026-08-15
POL004143,BRK0024,General Liability,2025-09-20,2026-09-20,19778.85,ACTIVE,2026-08-15
POL000252,BRK0043,Marine,2024-02-02,2025-02-01,6396.32,ACTIVE,2026-08-15
POL003059,BRK0010,Commercial Auto,2026-05-31,2027-05-31,15045.11,ACTIVE,2026-08-15
POL000325,BRK0035,Property,2025-09-03,2026-09-03,7049.91,ACTIVE,2026-08-15
POL001010,BRK0034,General Liability,2025-04-09,,15025.72,LAPSED,2026-08-15
POL003587,BRK0026,Property,2025-05-13,2026-05-13,15046.69,RENEWED,2026-08-15
POL004367,BRK0037,Cyber,2025-12-27,2026-12-27,17900.33,LAPSED,2026-08-15
POL000412,BRK0001,Cyber,2026-06-13,2027-06-13,4166.24,ACTIVE,2026-08-15
POL002627,BRK0001,General Liability,2025-04-18,2026-04-18,6935.96,CANCELLED,2026-08-15
POL004412,BRK0045,Cyber,2025-02-03,2026-02-03,4157.76,CANCELLED,2026-08-15
POL000928,BRK0038,Cyber,2026-01-24,2027-01-24,10292.17,RENEWED,2026-08-15
POL003018,BRK0013,General Liability,2026-01-18,2027-01-18,18816.04,CANCELLED,2026-08-15
POL003216,BRK0007,  Cyber ,2025-03-04,2026-03-04,9654.96,LAPSED,2026-08-15
POL001824,BRK0044,Marine,2024-05-31,2025-05-31,2617.92,CANCELLED,2026-08-15
POL001613,BRK0037,General Liability,2026-02-27,2027-02-27,5126.76,LAPSED,2026-08-15
POL000676,BRK0012,Cyber,2025-05-19,2026-05-19,3396.07,RENEWED,2026-08-15
POL003481,BRK0004,Property,2024-05-30,2025-05-30,7390.84,CANCELLED,2026-08-15
POL001568,BRK0018,CYBER,2025-08-04,2026-08-04,7354.72,RENEWED,2026-08-15
POL000710,BRK0037,General Liability,2024-11-02,2025-11-02,22920.39,ACTIVE,2026-08-15
POL002156,BRK0015,Cyber,2025-10-16,2026-10-16,3712.63,ACTIVE,2026-08-15
POL004977,BRK0019,Marine,2026-02-24,2027-02-24,13809.16,LAPSED,2026-08-15
POL003707,BRK0019,Property,2024-05-10,2025-05-10,20915.59,LAPSED,2026-08-15
POL002268,BRK0039,Cyber,2026-05-02,2027-05-02,10820.6,LAPSED,2026-08-15
POL000773,BRK0011,General Liability,2025-03-04,2026-03-04,24446.74,CANCELLED,2026-08-15
POL002575,BRK0018,Marine,2025-03-31,2026-03-31,24717.34,CANCELLED,2026-08-15
POL001692,BRK0020,General Liability,2024-04-08,2025-04-08,2723.0,CANCELLED,2026-08-15
POL003241,BRK0037,General Liability,2024-10-12,2025-10-12,10466.5,LAPSED,2026-08-15
POL004415,BRK0028,Marine,2024-04-18,2025-04-18,10693.6,RENEWED,2026-08-15
POL003277,BRK0034,General Liability,2026-06-14,2027-06-14,608.25,RENEWED,2026-08-15
POL004484,BRK0018,General Liability,2025-07-19,2026-07-19,14776.13,CANCELLED,2026-08-15
POL002318,BRK0001,Marine,2024-10-15,2025-10-15,23098.67,CANCELLED,2026-08-15
POL001627,BRK0008,PROPERTY,2025-01-08,2026-01-08,23158.69,CANCELLED,2026-08-15
POL001376,BRK0017,Marine,2026-04-28,2027-04-28,24218.81,ACTIVE,2026-08-15
POL004201,BRK0008,Cyber,2026-01-06,31/12/2025,24036.66,LAPSED,2026-08-15
POL002775,BRK0007,Marine,2024-08-09,2025-08-09,19519.76,RENEWED,2026-08-15
POL004656,BRK0023,Commercial Auto,2026-02-10,2027-02-10,18767.93,LAPSED,2026-08-15
POL003073,BRK0021,Marine,2024-04-26,2025-04-26,22676.3,LAPSED,2026-08-15
POL004779,BRK0040,Cyber,2025-07-25,2026-07-25,24067.14,LAPSED,2026-08-15
POL003972,BRK0018,Commercial Auto,2024-08-29,2025-08-29,18724.16,LAPSED,2026-08-15
POL002000,BRK0013,Marine,2025-08-23,2026-08-23,9243.74,RENEWED,2026-08-15
POL001882,BRK0040,marine,2026-05-21,2027-05-21,11197.93,CANCELLED,2026-08-15
POL004970,BRK0002,General Liability,2026-04-11,2027-04-11,16941.23,RENEWED,2026-08-15
POL000146,BRK0049,Cyber,2025-04-20,2026-04-20,14330.05,CANCELLED,2026-08-15
POL000062,BRK0013,General Liability,2026-05-02,31/12/2025,3601.28,ACTIVE,2026-08-15
POL004117,BRK0048,MARINE,2024-07-28,2025-07-28,5318.0,ACTIVE,2026-08-15
POL004016,BRK0004,Marine,2026-04-08,2027-04-08,12634.06,LAPSED,2026-08-15
POL004244,BRK0034,Commercial Auto,2025-10-02,2026-10-02,9065.51,CANCELLED,2026-08-15
POL002369,BRK0040,Commercial Auto,2025-10-03,2026-10-03,15576.65,LAPSED,2026-08-15
POL004631,BRK0011,Commercial Auto,2024-05-25,2025-05-25,17462.37,RENEWED,2026-08-15
POL000125,BRK0029,Property,2025-03-16,2026-03-16,18375.51,CANCELLED,2026-08-15
POL000255,BRK0047,Cyber,2024-08-27,2025-08-27,8356.3,CANCELLED,2026-08-15
POL000379,BRK0046,General Liability,2026-03-11,2027-03-11,14358.45,CANCELLED,2026-08-15
POL002281,BRK0034,Marine,31/12/2025,2026-13-45,14925.84,RENEWED,2026-08-15
POL002473,BRK0035,Marine,2025-10-26,2026-10-26,23547.26,CANCELLED,2026-08-15
POL002686,BRK0023,General Liability,2024-10-03,2025-10-03,4466.67,ACTIVE,2026-08-15
POL000158,BRK0007,Cyber,2024-10-29,2025-10-29,1424.81,CANCELLED,2026-08-15
POL000264,BRK0045,Cyber,2024-09-05,2025-09-05,8379.57,CANCELLED,2026-08-15
POL001519,BRK0050,General Liability,2025-02-13,2026-02-13,10902.51,RENEWED,2026-08-15
POL000495,BRK0043,General Liability,2024-04-27,2025-04-27,15717.73,ACTIVE,2026-08-15
POL004473,BRK0028,Cyber,2024-03-07,2025-03-07,28304.08,RENEWED,2026-08-15
POL004986,BRK0016,General Liability,2026-06-19,2027-06-19,15675.33,RENEWED,2026-08-15
POL003086,BRK0033,Commercial Auto,2024-03-19,2025-03-19,23598.4,ACTIVE,2026-08-15
POL004890,BRK0033,Commercial Auto,2026-03-07,2027-03-07,7993.45,ACTIVE,2026-08-15
POL003041,BRK0030,Marine,2025-11-11,2026-11-11,9449.84,ACTIVE,2026-08-15
POL003712,BRK0001,Commercial Auto,2025-08-08,2026-08-08,15454.22,LAPSED,2026-08-15
POL001512,BRK0028,General Liability,2025-03-07,2026-03-07,13049.01,CANCELLED,2026-08-15
POL000093,BRK0041,Marine,2024-11-20,2025-11-20,15963.44,CANCELLED,2026-08-15
POL001493,BRK0029,Commercial Auto,2024-02-27,2025-02-26,21388.11,ACTIVE,2026-08-15
POL003378,BRK0044,Marine,2024-08-11,2025-08-11,9295.13,RENEWED,2026-08-15
POL001838,BRK0025,Commercial Auto,2024-01-28,2025-01-27,6677.83,ACTIVE,2026-08-15
POL002459,BRK0016,Commercial Auto,2026-06-04,2027-06-04,10222.08,RENEWED,2026-08-15
POL000828,BRK0023,General Liability,2025-08-16,2026-08-16,6424.65,ACTIVE,2026-08-15
POL003676,BRK0006,Cyber,2024-02-05,2025-02-04,24129.22,LAPSED,2026-08-15
POL000263,BRK0022,General Liability,N/A,2027-06-09,3374.25,RENEWED,2026-08-15
POL002363,BRK0042,Cyber,2026-03-28,2027-03-28,1283.77,CANCELLED,2026-08-15
POL004539,BRK0003,General Liability,2024-02-24,2025-02-23,8077.65,LAPSED,2026-08-15
POL001384,BRK0044,Commercial Auto,2025-11-29,2026-11-29,17538.29,RENEWED,2026-08-15
POL001659,BRK0047,General Liability,2026-05-12,2027-05-12,16840.97,CANCELLED,2026-08-15
POL002960,BRK0013,Commercial Auto,2025-10-17,2026-10-17,2299.0,CANCELLED,2026-08-15
POL001896,BRK0001,General Liability,2024-09-08,2025-09-08,1007.59,ACTIVE,2026-08-15
POL002234,BRK0035,Commercial Auto,2024-04-07,2025-04-07,14503.28,RENEWED,2026-08-15
POL004151,BRK0014,CYBER,2025-09-25,2026-09-25,6373.72,RENEWED,2026-08-15
POL004908,BRK0005,Cyber,2025-05-20,2026-05-20,16789.88,LAPSED,2026-08-15
POL000301,BRK0003,General Liability,2025-07-10,2026-07-10,22902.83,ACTIVE,2026-08-15
POL004087,BRK0036,Property,2025-06-14,2026-06-14,13354.8,RENEWED,2026-08-15
POL000658,BRK0003,Cyber,2026-01-22,2027-01-22,5804.44,CANCELLED,2026-08-15
POL001120,BRK0017,Commercial Auto,2024-08-16,2025-08-16,15008.91,LAPSED,2026-08-15
POL003590,BRK0035,Marine,2025-12-11,2026-12-11,24067.14,CANCELLED,2026-08-15
POL000997,BRK0017,Cyber,2024-05-10,2025-05-10,7221.04,ACTIVE,2026-08-15
POL001449,BRK0044,General Liability,2024-09-24,2025-09-24,6887.13,ACTIVE,2026-08-15
POL003885,BRK0010,Cyber,2026-04-28,2027-04-28,20325.66,LAPSED,2026-08-15
POL003692,BRK0009,Commercial Auto,2025-11-16,2026-11-16,1632.39,LAPSED,2026-08-15
POL004753,BRK0033,Marine,2025-08-12,2026-08-12,13448.46,RENEWED,2026-08-15
POL001559,BRK0002,Property,2024-03-07,2025-03-07,11369.5,LAPSED,2026-08-15
POL003423,BRK0013,Property,2024-12-22,2025-12-22,5264.51,ACTIVE,2026-08-15
POL000443,BRK0005,Commercial Auto,2024-06-20,2025-06-20,15111.06,CANCELLED,2026-08-15
POL002165,BRK0036,Marine,2026-01-04,2027-01-04,10398.62,ACTIVE,2026-08-15
POL003637,BRK0039,Property,2024-03-09,2025-03-09,21928.42,LAPSED,2026-08-15
POL003067,BRK0022,General Liability,2026-13-45,2025-07-14,18623.51,LAPSED,2026-08-15
POL004543,BRK0018,General Liability,2025-06-30,2026-06-30,22008.39,LAPSED,2026-08-15
POL000324,BRK0040,Property,2024-06-18,2025-06-18,14466.82,CANCELLED,2026-08-15
POL004949,BRK0028,  Commercial Auto ,2025-06-23,2026-06-23,1572.11,ACTIVE,2026-08-15
POL000366,BRK0021,Marine,2024-09-24,2025-09-24,7162.92,ACTIVE,2026-08-15
POL001273,BRK0030,Cyber,2026-03-06,2027-03-06,3548.79,RENEWED,2026-08-15
POL000407,BRK0038,Property,2026-02-13,2027-02-13,10756.49,RENEWED,2026-08-15
POL004883,BRK0019,General Liability,2024-08-16,2025-08-16,10802.92,ACTIVE,2026-08-15
POL003946,BRK0044,Property,2024-06-16,2025-06-16,792.9,LAPSED,2026-08-15
POL001872,BRK0037,Marine,2025-06-07,2026-06-07,24551.57,ACTIVE,2026-08-15
POL003800,BRK0004,Commercial Auto,2026-05-02,2027-05-02,7067.21,CANCELLED,2026-08-15
POL001497,BRK0041,Commercial Auto,2024-06-26,2025-06-26,11923.18,ACTIVE,2026-08-15
POL000320,BRK0048,Marine,2025-08-02,2026-08-02,19490.27,CANCELLED,2026-08-15
POL004171,BRK0032,General Liability,2025-04-27,2026-04-27,11499.66,ACTIVE,2026-08-15
POL000300,BRK0029,Cyber,2024-03-16,2025-03-16,27224.94,RENEWED,2026-08-15
POL001625,BRK0039,Property,2024-03-03,2025-03-03,10664.47,LAPSED,2026-08-15
POL004081,BRK0042,General Liability,2025-10-13,2026-10-13,6365.49,CANCELLED,2026-08-15
POL003418,BRK0016,Commercial Auto,2025-02-20,2026-02-20,15111.25,CANCELLED,2026-08-15
POL003283,BRK0014,Commercial Auto,2025-05-15,2026-05-15,17447.62,RENEWED,2026-08-15
POL000954,BRK0008,Commercial Auto,2025-06-01,2026-06-01,3295.54,CANCELLED,2026-08-15
POL004998,BRK0050,Cyber,2026-05-11,2027-05-11,14274.2,CANCELLED,2026-08-15
POL004044,BRK0039,Marine,2025-02-16,2026-02-16,3854.66,LAPSED,2026-08-15
POL000003,BRK0013,General Liability,2024-06-07,2025-06-07,1993.46,CANCELLED,2026-08-15
POL002242,BRK0033,Property,2025-07-27,2026-07-27,28064.21,ACTIVE,2026-08-15
POL003352,BRK0015,Marine,2026-04-24,2027-04-24,2427.4,ACTIVE,2026-08-15
POL002867,BRK0027,General Liability,2026-06-18,2027-06-18,21982.56,LAPSED,2026-08-15
POL000906,BRK0021,property,2026-05-07,2027-05-07,11624.36,CANCELLED,2026-08-15
POL003500,BRK0042,Marine,2025-06-06,2026-06-06,11808.18,RENEWED,2026-08-15
POL002722,BRK0015,General Liability,2025-03-05,2026-03-05,2658.76,LAPSED,2026-08-15
POL004860,BRK0007,Commercial Auto,2025-12-28,2026-12-28,11932.5,ACTIVE,2026-08-15
POL002599,BRK0015,GENERAL LIABILITY,2025-07-01,2026-07-01,18352.03,LAPSED,2026-08-15
POL002478,BRK0026,General Liability,2025-05-23,2026-05-23,22177.93,ACTIVE,2026-08-15
POL004558,BRK0031,General Liability,2025-12-24,2026-12-24,5628.69,ACTIVE,2026-08-15
POL004919,BRK0035,Commercial Auto,2026-02-07,2027-02-07,5633.21,ACTIVE,2026-08-15
POL002748,BRK0014,Marine,2024-03-19,2025-03-19,3424.81,RENEWED,2026-08-15
POL001984,BRK0017,Property,2026-02-03,2027-02-03,24195.77,LAPSED,2026-08-15
POL003257,BRK0036,General Liability,2024-01-25,2025-01-24,1773.96,LAPSED,2026-08-15
POL004897,BRK0035,General Liability,2025-11-07,2026-11-07,2160.22,ACTIVE,2026-08-15
POL003371,BRK0038,Commercial Auto,2024-10-26,2025-10-26,2899.54,LAPSED,2026-08-15
POL003135,BRK0038,Property,2025-05-20,2026-05-20,16203.36,RENEWED,2026-08-15
POL003008,BRK0037,Cyber,2026-02-05,2027-02-05,2395.98,RENEWED,2026-08-15
POL004983,BRK0016,Marine,2024-12-12,2025-12-12,22040.09,LAPSED,2026-08-15
POL002146,BRK0028,Marine,2026-03-28,2027-03-28,7010.98,LAPSED,2026-08-15
POL003512,BRK0021,Cyber,2026-03-01,2027-03-01,23423.79,CANCELLED,2026-08-15
POL004822,BRK0016,General Liability,2025-07-29,2026-07-29,22341.2,RENEWED,2026-08-15
POL003768,BRK0007,Property,2025-04-07,2026-04-07,18546.18,CANCELLED,2026-08-15
POL003799,BRK0034,Commercial Auto,2025-03-30,2026-03-30,14556.49,RENEWED,2026-08-15
POL004276,BRK0025,Property,2026-01-09,2027-01-09,1218.2,ACTIVE,2026-08-15
POL001709,BRK0033,Cyber,2026-01-26,2027-01-26,1595.66,LAPSED,2026-08-15
POL003771,BRK0034,Cyber,2025-05-14,2026-05-14,1324.31,RENEWED,2026-08-15
POL004700,BRK0012,Property,2025-04-23,2026-04-23,6659.44,RENEWED,2026-08-15
POL000895,BRK0043,General Liability,2025-02-08,2026-02-08,4604.48,CANCELLED,2026-08-15
POL001003,BRK0041,commercial auto,2025-10-03,2026-10-03,15844.28,CANCELLED,2026-08-15
POL002963,BRK0001,Property,2024-08-25,2025-08-25,902.88,CANCELLED,2026-08-15
POL004653,BRK0047,Property,2024-07-12,2025-07-12,2737.92,CANCELLED,2026-08-15
POL001252,BRK0006,Marine,2025-01-17,2026-01-17,17222.61,ACTIVE,2026-08-15
POL004434,BRK0040,General Liability,2024-07-09,2025-07-09,9750.4,RENEWED,2026-08-15
POL004317,BRK0002,Cyber,2026-01-24,2027-01-24,17940.21,ACTIVE,2026-08-15
POL003278,BRK0013,Commercial Auto,2026-04-17,2027-04-17,22207.03,ACTIVE,2026-08-15
POL000706,BRK0038,Cyber,2024-04-27,2025-04-27,4816.26,RENEWED,2026-08-15
POL002266,BRK0039,  Property ,2026-01-09,2027-01-09,6536.71,RENEWED,2026-08-15
POL004442,BRK0012,General Liability,2025-01-28,2026-01-28,10697.53,LAPSED,2026-08-15
POL000825,BRK0049,commercial auto,2025-12-08,2026-12-08,3141.53,ACTIVE,2026-08-15
POL001471,BRK0036,Marine,2026-02-05,2027-02-05,7708.48,CANCELLED,2026-08-15
POL001204,BRK0029,Property,2026-04-16,2027-04-16,21526.42,RENEWED,2026-08-15
POL004699,BRK0027,Cyber,2026-01-05,2027-01-05,22945.93,RENEWED,2026-08-15
POL003926,BRK0011,Marine,2024-03-22,2025-03-22,6837.81,RENEWED,2026-08-15
POL001337,BRK0023,General Liability,N/A,2026-08-03,4180.58,CANCELLED,2026-08-15
POL004829,BRK0017,Commercial Auto,2024-01-31,2025-01-30,24468.18,RENEWED,2026-08-15
POL003789,BRK0039,Commercial Auto,2024-09-09,2025-09-09,19242.94,LAPSED,2026-08-15
POL000958,BRK0010,Marine,2024-04-10,2025-04-10,22268.48,RENEWED,2026-08-15
POL001230,BRK0010,General Liability,2024-01-31,2026-13-45,4168.07,LAPSED,2026-08-15
POL003536,BRK0013,Cyber,2024-09-17,2025-09-17,2665.12,CANCELLED,2026-08-15
POL004761,BRK0030,Commercial Auto,2025-01-08,2026-01-08,18056.74,CANCELLED,2026-08-15
POL000637,BRK0035,Cyber,2024-07-27,2025-07-27,24811.4,ACTIVE,2026-08-15
POL003618,BRK0040,General Liability,2026-04-09,2027-04-09,24112.15,CANCELLED,2026-08-15
POL004920,BRK0038,Property,2026-05-30,2027-05-30,19105.35,CANCELLED,2026-08-15
POL000124,BRK0033,Cyber,2025-04-09,2026-04-09,16540.47,LAPSED,2026-08-15
POL002989,BRK0044,Property,2024-08-05,2025-08-05,6847.37,LAPSED,2026-08-15
POL003896,BRK0003,Marine,2025-11-24,2026-11-24,11349.99,ACTIVE,2026-08-15
POL000241,BRK0049,Cyber,2025-11-27,2026-11-27,17742.27,ACTIVE,2026-08-15
POL002653,BRK0049,Cyber,2025-12-12,N/A,4741.76,CANCELLED,2026-08-15
POL004533,BRK0017,General Liability,2024-03-26,2025-03-26,19784.97,LAPSED,2026-08-15
POL002573,BRK0020,Cyber,2024-07-28,2025-07-28,8914.0,LAPSED,2026-08-15
POL004904,BRK0013,Marine,2025-06-06,2026-06-06,5510.95,RENEWED,2026-08-15
POL001251,BRK0027,Cyber,2025-02-14,2026-02-14,21198.47,CANCELLED,2026-08-15
POL002821,BRK0014,Marine,2025-08-02,2026-08-02,4428.39,RENEWED,2026-08-15
POL001755,BRK0033,Marine,2026-04-02,2027-04-02,18118.37,LAPSED,2026-08-15
POL001187,BRK0032,General Liability,2024-09-15,2025-09-15,17232.56,LAPSED,2026-08-15
POL003156,BRK0002,Commercial Auto,2026-03-01,2027-03-01,22393.99,ACTIVE,2026-08-15
POL002434,BRK0043,General Liability,2025-01-06,2026-01-06,12884.41,RENEWED,2026-08-15
POL004329,BRK0024,Commercial Auto,2026-04-16,2027-04-16,22706.85,ACTIVE,2026-08-15
POL001250,BRK0029,Property,2026-02-20,2027-02-20,9405.07,CANCELLED,2026-08-15
POL003540,BRK0039,  General Liability ,2025-12-10,2026-12-10,16046.83,CANCELLED,2026-08-15
POL000525,BRK0017,Marine,2025-06-13,2026-06-13,20522.3,CANCELLED,2026-08-15
POL001186,BRK0043,General Liability,2024-02-23,2025-02-22,2968.66,LAPSED,2026-08-15
POL002587,BRK0004,Commercial Auto,2024-01-14,2025-01-13,19114.42,RENEWED,2026-08-15
POL002189,BRK0040,Property,2024-02-28,2025-02-27,2524.87,RENEWED,2026-08-15
POL003005,BRK0028,PROPERTY,2026-05-12,2027-05-12,22156.72,ACTIVE,2026-08-15
POL004982,BRK0034,Commercial Auto,2025-04-26,2026-04-26,14060.15,LAPSED,2026-08-15
POL004396,BRK0034,Commercial Auto,2025-01-24,2026-01-24,9282.17,RENEWED,2026-08-15
POL003396,BRK0022,Marine,2024-12-18,2025-12-18,12713.65,LAPSED,2026-08-15
POL004374,BRK0015,Commercial Auto,N/A,2025-05-06,24469.77,ACTIVE,2026-08-15
POL004874,BRK0021,Marine,2026-01-28,2027-01-28,10179.65,LAPSED,2026-08-15
POL003408,BRK0023,Cyber,2026-02-22,2027-02-22,23896.2,ACTIVE,2026-08-15
POL001919,BRK0010,Cyber,2025-06-23,2026-06-23,22466.46,LAPSED,2026-08-15
POL000711,BRK0001,Cyber,2025-08-19,2026-08-19,7707.52,CANCELLED,2026-08-15
POL003182,BRK0043,Property,2026-06-10,2027-06-10,4787.24,LAPSED,2026-08-15
POL003208,BRK0016,Property,2024-03-03,2025-03-03,17053.58,CANCELLED,2026-08-15
POL000599,BRK0024,Commercial Auto,2024-07-22,2025-07-22,16006.27,CANCELLED,2026-08-15
POL000881,BRK0042,Property,2025-10-18,2026-10-18,10316.22,CANCELLED,2026-08-15
POL003153,BRK0018,Cyber,2025-12-03,2026-12-03,13864.63,CANCELLED,2026-08-15
POL003716,BRK0011,Property,2026-03-19,2027-03-19,11891.85,LAPSED,2026-08-15
POL002135,BRK0013,Cyber,2026-06-06,2027-06-06,8834.56,LAPSED,2026-08-15
POL004598,BRK0026,Marine,2024-02-25,2025-02-24,23765.63,RENEWED,2026-08-15
POL002604,BRK0046,General Liability,2024-05-23,2025-05-23,12486.71,ACTIVE,2026-08-15
POL000868,BRK0043,Commercial Auto,2025-01-07,2026-01-07,6283.01,ACTIVE,2026-08-15
POL004448,BRK0005,General Liability,2024-05-16,2025-05-16,511.15,LAPSED,2026-08-15
POL004592,BRK0035,Commercial Auto,2024-04-16,2025-04-16,19934.13,LAPSED,2026-08-15
POL003307,BRK0044,Commercial Auto,2025-10-01,2026-10-01,17803.79,RENEWED,2026-08-15
POL001908,BRK0023,General Liability,2024-03-10,2025-03-10,24806.44,LAPSED,2026-08-15
POL003950,BRK0042,PROPERTY,2025-11-16,2026-11-16,19574.73,LAPSED,2026-08-15
POL001044,BRK0038,Commercial Auto,2024-11-29,2025-11-29,24442.46,CANCELLED,2026-08-15
POL004198,BRK0003,Commercial Auto,2026-05-01,2027-05-01,16535.08,ACTIVE,2026-08-15
POL004844,BRK0005,Cyber,2025-01-15,2026-01-15,15039.74,ACTIVE,2026-08-15
POL000456,BRK0023,Marine,2024-12-02,2025-12-02,9629.24,CANCELLED,2026-08-15
POL001845,BRK0048,Property,2026-03-05,2027-03-05,8831.73,RENEWED,2026-08-15
POL002594,BRK0020,Commercial Auto,2024-06-17,2025-06-17,8428.38,CANCELLED,2026-08-15
POL002818,BRK0039,Marine,2026-02-08,2027-02-08,3780.48,ACTIVE,2026-08-15
POL001005,BRK0016,Commercial Auto,2025-06-16,2026-06-16,17824.4,RENEWED,2026-08-15
POL000484,BRK0049,cyber,2024-07-27,2025-07-27,18617.57,LAPSED,2026-08-15
POL002937,BRK0020,General Liability,2026-05-22,2027-05-22,19603.4,RENEWED,2026-08-15
POL004333,BRK0001,General Liability,2026-02-15,2027-02-15,12817.18,ACTIVE,2026-08-15
POL001917,BRK0011,Marine,2025-04-24,2026-04-24,8897.06,CANCELLED,2026-08-15
POL001410,BRK0044,marine,2026-04-29,2027-04-29,8500.24,CANCELLED,2026-08-15
POL004053,BRK0032,Cyber,2025-03-14,2026-03-14,5713.19,CANCELLED,2026-08-15
POL001248,BRK0007,Marine,2025-05-25,2026-05-25,7362.87,CANCELLED,2026-08-15
POL004879,BRK0007,Cyber,2025-01-27,2026-01-27,17784.09,RENEWED,2026-08-15
POL001085,BRK0025,Property,2025-02-11,2026-02-11,11119.05,LAPSED,2026-08-15
POL002057,BRK0047,General Liability,2024-09-27,2025-09-27,22744.45,ACTIVE,2026-08-15
POL002614,BRK0029,General Liability,2024-05-05,2025-05-05,8522.22,LAPSED,2026-08-15
POL004345,BRK0019,Marine,2025-03-21,2026-03-21,7232.94,ACTIVE,2026-08-15
POL003319,BRK0026,Commercial Auto,2025-10-21,2026-10-21,5087.9,ACTIVE,2026-08-15
POL003775,BRK0024,Commercial Auto,2024-11-03,2025-11-03,3191.98,ACTIVE,2026-08-15
POL003742,BRK0004,Property,2026-05-19,2027-05-19,12770.5,ACTIVE,2026-08-15
POL001220,BRK0010,Marine,2024-11-23,2025-11-23,20458.92,ACTIVE,2026-08-15
POL001700,BRK0013,Cyber,2025-05-24,2026-05-24,11639.34,RENEWED,2026-08-15
POL003881,BRK0044,Commercial Auto,2025-03-19,2026-03-19,13147.27,LAPSED,2026-08-15
POL002019,BRK0015,Cyber,2024-02-25,2025-02-24,22778.66,LAPSED,2026-08-15
POL002928,BRK0017,Cyber,2025-09-29,2026-09-29,14425.43,ACTIVE,2026-08-15
POL003330,BRK0033,Marine,2025-10-21,2026-10-21,14504.71,ACTIVE,2026-08-15
POL001053,BRK0026,Cyber,2024-03-06,2025-03-06,22041.37,RENEWED,2026-08-15
POL003680,BRK0020,Commercial Auto,2024-11-13,2025-11-13,13776.6,ACTIVE,2026-08-15
POL003766,BRK0010,General Liability,2024-06-09,2025-06-09,1864.33,LAPSED,2026-08-15
POL000288,BRK0006,Commercial Auto,2024-04-19,2025-04-19,3004.67,ACTIVE,2026-08-15
POL002451,BRK0001,Marine,2024-04-11,2025-04-11,21210.38,LAPSED,2026-08-15
POL002499,BRK0046,General Liability,2024-09-24,2025-09-24,10215.44,LAPSED,2026-08-15
POL004401,BRK0023,Property,2026-06-09,2027-06-09,21102.95,RENEWED,2026-08-15
POL003514,BRK0037,Cyber,2026-04-08,2027-04-08,2361.42,LAPSED,2026-08-15
POL001779,BRK0040,Marine,2025-12-01,2026-12-01,9460.31,LAPSED,2026-08-15
POL002494,BRK0016,commercial auto,2024-02-08,2025-02-07,9846.79,ACTIVE,2026-08-15
POL003639,BRK0018,  Cyber ,2025-01-10,2026-01-10,9517.4,LAPSED,2026-08-15
POL003245,BRK0050,Property,2025-08-21,2026-08-21,2565.32,LAPSED,2026-08-15
POL003434,BRK0026,Cyber,2025-09-04,2026-09-04,1630.47,RENEWED,2026-08-15
POL002592,BRK0015,General Liability,2024-02-18,2025-02-17,3722.4,ACTIVE,2026-08-15
POL000130,BRK0007,General Liability,2026-05-17,2027-05-17,14565.45,RENEWED,2026-08-15
POL004236,BRK0035,Property,2026-06-04,2027-06-04,3774.75,CANCELLED,2026-08-15
POL002326,BRK0030,General Liability,2024-03-15,2025-03-15,11783.98,RENEWED,2026-08-15
POL000716,BRK0009,Marine,2024-03-27,2025-03-27,23292.62,LAPSED,2026-08-15
POL003958,BRK0012,General Liability,2024-08-02,2025-08-02,11313.61,ACTIVE,2026-08-15
POL003104,BRK0036,Marine,2026-06-15,2027-06-15,7061.72,ACTIVE,2026-08-15
POL001840,BRK0020,Cyber,2024-11-26,2025-11-26,10559.87,ACTIVE,2026-08-15
POL001604,BRK0021,Marine,2024-07-07,2025-07-07,24300.25,CANCELLED,2026-08-15
POL001710,BRK0030,Property,2024-04-11,2025-04-11,5488.4,LAPSED,2026-08-15
POL001584,BRK0041,Cyber,2025-08-26,2026-08-26,9738.87,LAPSED,2026-08-15
POL002370,BRK0023,General Liability,2025-07-12,2026-07-12,14393.51,LAPSED,2026-08-15
POL003947,BRK0031,General Liability,2025-09-26,2026-09-26,16386.34,CANCELLED,2026-08-15
POL004037,BRK0016,Property,2024-04-24,2025-04-24,6600.88,CANCELLED,2026-08-15
POL004410,BRK0009,Commercial Auto,2025-06-02,2026-06-02,19436.25,RENEWED,2026-08-15
POL004400,BRK0034,Cyber,2024-01-29,2025-01-28,9949.82,CANCELLED,2026-08-15
POL002508,BRK0049,General Liability,2025-04-04,2026-04-04,5374.77,LAPSED,2026-08-15
POL001226,BRK0008,Commercial Auto,2024-05-16,2025-05-16,19576.85,LAPSED,2026-08-15
POL000180,BRK0028,Cyber,2024-03-21,2025-03-21,3013.65,CANCELLED,2026-08-15
POL000254,BRK0029,Property,2025-02-15,2026-02-15,3933.32,CANCELLED,2026-08-15
POL002519,BRK0004,Marine,2024-09-27,2025-09-27,23052.21,LAPSED,2026-08-15
POL004683,BRK0046,Cyber,2025-01-02,2026-01-02,10590.11,ACTIVE,2026-08-15
POL004648,BRK0042,Marine,2024-05-14,2025-05-14,19772.34,CANCELLED,2026-08-15
POL000045,BRK0042,Commercial Auto,2024-08-17,2025-08-17,23765.49,LAPSED,2026-08-15
POL002272,BRK0032,marine,2025-03-17,0000-00-00,8211.32,CANCELLED,2026-08-15
POL002004,BRK0009,Property,2026-01-05,2027-01-05,6783.19,RENEWED,2026-08-15
POL003054,BRK0038,General Liability,2025-04-02,2026-04-02,10807.62,CANCELLED,2026-08-15
POL004606,BRK0025,Marine,2025-01-07,2026-01-07,6604.62,ACTIVE,2026-08-15
POL000729,BRK0025,Property,2026-02-27,2027-02-27,14655.06,CANCELLED,2026-08-15
POL004774,BRK0047,Commercial Auto,2024-04-26,2025-04-26,6437.47,RENEWED,2026-08-15
POL002122,BRK0039,General Liability,2026-01-06,2027-01-06,22121.03,CANCELLED,2026-08-15
POL001259,BRK0002,Marine,2026-06-07,2027-06-07,2196.85,RENEWED,2026-08-15
POL001148,BRK0020,Property,2024-05-25,2025-05-25,9297.1,LAPSED,2026-08-15
POL001894,BRK0013,Cyber,2026-04-07,2027-04-07,20523.6,LAPSED,2026-08-15
POL003345,BRK0047,General Liability,2026-02-20,2027-02-20,1522.11,LAPSED,2026-08-15
POL003219,BRK0032,Commercial Auto,2025-12-17,2026-12-17,8073.06,RENEWED,2026-08-15
POL002999,BRK0047,Property,2025-10-02,2026-10-02,5971.55,LAPSED,2026-08-15
POL001743,BRK0029,Marine,2025-08-20,2026-08-20,20157.23,LAPSED,2026-08-15
POL001842,BRK0018,Cyber,2025-04-19,2026-04-19,1693.51,ACTIVE,2026-08-15
POL001702,BRK0026,Commercial Auto,2024-07-11,2025-07-11,20367.23,ACTIVE,2026-08-15
POL002147,BRK0042,Commercial Auto,2025-12-14,2026-12-14,19520.18,LAPSED,2026-08-15
POL003188,BRK0049,Marine,2025-09-05,2026-09-05,921.24,ACTIVE,2026-08-15
POL000434,BRK0022,Commercial Auto,2025-11-27,2026-11-27,10801.58,CANCELLED,2026-08-15
POL000963,BRK0027,Commercial Auto,2025-09-08,2026-09-08,4255.96,CANCELLED,2026-08-15
POL004001,BRK0026,General Liability,0000-00-00,2026-06-24,23222.09,CANCELLED,2026-08-15
POL000534,BRK0002,Property,2024-04-21,2025-04-21,20749.6,ACTIVE,2026-08-15
POL002612,BRK0035,Property,2025-06-02,2026-06-02,4765.16,RENEWED,2026-08-15
POL003596,BRK0013,Marine,2026-03-06,2027-03-06,19783.92,CANCELLED,2026-08-15
POL002522,BRK0017,Cyber,2025-12-30,2026-12-30,6603.04,LAPSED,2026-08-15
POL004481,BRK0001,Cyber,2025-01-18,2026-01-18,7422.54,RENEWED,2026-08-15
POL002828,BRK0016,Commercial Auto,2024-11-02,2025-11-02,11794.39,LAPSED,2026-08-15
POL000370,BRK0004,General Liability,2025-06-09,2026-06-09,10407.61,RENEWED,2026-08-15
POL001641,BRK0022,Cyber,2025-11-15,2026-11-15,1122.64,LAPSED,2026-08-15
POL000069,BRK0027,Marine,2024-01-03,2025-01-02,7558.57,CANCELLED,2026-08-15
POL000634,BRK0029,Cyber,2025-09-23,2026-09-23,5392.29,CANCELLED,2026-08-15
POL000010,BRK0035,General Liability,2025-03-24,2026-03-24,691.67,CANCELLED,2026-08-15
POL003640,BRK0033,General Liability,2026-02-13,2027-02-13,604.41,CANCELLED,2026-08-15
POL000796,BRK0035,General Liability,2025-12-29,2026-12-29,25618.91,RENEWED,2026-08-15
POL002812,BRK0010,General Liability,2024-02-11,2025-02-10,24348.92,ACTIVE,2026-08-15
POL000512,BRK0032,Marine,2024-11-21,2025-11-21,4233.68,CANCELLED,2026-08-15
POL002039,BRK0013,Marine,2025-06-12,2026-06-12,9768.99,RENEWED,2026-08-15
POL001814,BRK0018,Marine,2024-03-18,2025-03-18,3441.87,LAPSED,2026-08-15
POL002062,BRK0016,Marine,2024-03-16,2025-03-16,7624.41,ACTIVE,2026-08-15
POL001178,BRK0001,property,2025-05-27,2026-05-27,696.71,RENEWED,2026-08-15
POL001313,BRK0042,Property,2025-11-06,2026-11-06,5705.65,LAPSED,2026-08-15
POL002578,BRK0005,Cyber,2024-10-09,2025-10-09,7905.59,RENEWED,2026-08-15
POL004953,BRK0015,Property,2026-06-13,2027-06-13,5358.3,ACTIVE,2026-08-15
POL002702,BRK0046,CYBER,2026-01-27,2027-01-27,7854.94,ACTIVE,2026-08-15
POL000473,BRK0030,Property,2024-08-08,2025-08-08,23202.35,ACTIVE,2026-08-15
POL000931,BRK0047,Property,2024-10-21,2025-10-21,14897.64,CANCELLED,2026-08-15
POL004927,BRK0030,General Liability,2025-08-16,2026-08-16,22360.55,LAPSED,2026-08-15
POL001536,BRK0033,Commercial Auto,2025-01-26,2026-01-26,10318.12,LAPSED,2026-08-15
POL004220,BRK0017,PROPERTY,2026-13-45,2025-09-20,23088.4,CANCELLED,2026-08-15
POL000882,BRK0037,Commercial Auto,2024-11-17,2025-11-17,19306.38,LAPSED,2026-08-15
POL001716,BRK0045,PROPERTY,2025-11-09,2026-11-09,12469.15,LAPSED,2026-08-15
POL000567,BRK0032,Marine,2024-07-07,2025-07-07,21430.99,CANCELLED,2026-08-15
POL004529,BRK0017,Cyber,2025-11-04,2026-11-04,16157.64,ACTIVE,2026-08-15
POL002666,BRK0040,Marine,2024-03-01,2025-03-01,23128.12,LAPSED,2026-08-15
POL001032,BRK0028,Marine,2024-11-09,2025-11-09,16433.97,CANCELLED,2026-08-15
POL000581,BRK0017,Cyber,2024-04-16,2025-04-16,8079.58,LAPSED,2026-08-15
POL003928,BRK0045,Commercial Auto,2026-04-18,2027-04-18,11279.04,CANCELLED,2026-08-15
POL004137,BRK0025,Property,2025-11-18,2026-11-18,10067.78,RENEWED,2026-08-15
POL000009,BRK0017,Property,2025-06-02,2026-06-02,8928.74,ACTIVE,2026-08-15
POL001347,BRK0027,  Marine ,2025-03-06,2026-03-06,2666.51,LAPSED,2026-08-15
POL002531,BRK0020,Marine,2024-10-28,2025-10-28,21095.14,RENEWED,2026-08-15
POL004470,BRK0003,Marine,2024-03-17,2025-03-17,17359.66,ACTIVE,2026-08-15
POL001912,BRK0050,Cyber,2025-11-13,2026-11-13,24219.17,RENEWED,2026-08-15
POL002849,BRK0001,Cyber,2024-01-11,2025-01-10,10879.65,RENEWED,2026-08-15
POL004738,BRK0013,Marine,2025-03-13,2026-03-13,1468.74,ACTIVE,2026-08-15
POL000207,BRK0007,Marine,2026-05-17,2027-05-17,10379.72,ACTIVE,2026-08-15
POL003841,BRK0037,Property,2026-03-26,2027-03-26,14625.97,ACTIVE,2026-08-15
POL002608,BRK0030,Commercial Auto,2024-04-24,2025-04-24,14491.36,LAPSED,2026-08-15
POL001079,BRK0002,Property,2026-02-07,2027-02-07,13713.14,LAPSED,2026-08-15
POL003275,BRK0011,Marine,2024-07-28,2025-07-28,14224.3,LAPSED,2026-08-15
POL003416,BRK0023,Cyber,2025-03-03,2026-03-03,2999.13,ACTIVE,2026-08-15
POL004149,BRK0035,General Liability,2025-03-29,2026-03-29,21650.62,LAPSED,2026-08-15
POL000582,BRK0019,Marine,2026-01-25,2027-01-25,1200.0,CANCELLED,2026-08-15
POL003248,BRK0008,Cyber,2025-01-17,2026-01-17,5488.49,LAPSED,2026-08-15
POL002718,BRK0010,Marine,2025-06-18,2026-06-18,22730.7,LAPSED,2026-08-15
POL003494,BRK0043,Marine,2025-11-01,2026-11-01,5406.98,LAPSED,2026-08-15
POL000343,BRK0026,General Liability,2026-02-04,2027-02-04,6363.86,RENEWED,2026-08-15
POL002933,BRK0026,commercial auto,2026-05-20,2027-05-20,4654.18,RENEWED,2026-08-15
POL000642,BRK0016,Cyber,2024-02-10,2025-02-09,950.12,CANCELLED,2026-08-15
POL003027,BRK0017,General Liability,2024-06-28,2025-06-28,12071.58,CANCELLED,2026-08-15
POL001129,BRK0026,General Liability,2025-07-15,2026-07-15,10088.39,ACTIVE,2026-08-15
POL002893,BRK0025,General Liability,2024-04-15,2025-04-15,3976.96,ACTIVE,2026-08-15
POL000644,BRK0025,Commercial Auto,2026-06-18,2027-06-18,8873.76,RENEWED,2026-08-15
POL000148,BRK0004,General Liability,2025-08-28,2026-08-28,1893.81,CANCELLED,2026-08-15
POL003448,BRK0012,Marine,2025-06-04,2026-06-04,2517.03,LAPSED,2026-08-15
POL001295,BRK0041,Commercial Auto,2025-01-17,2026-01-17,6700.06,RENEWED,2026-08-15
POL001600,BRK0019,Commercial Auto,2025-03-24,2026-03-24,24440.88,RENEWED,2026-08-15
POL003979,BRK0020,Property,2025-10-12,2026-10-12,17042.09,RENEWED,2026-08-15
POL003682,BRK0006,Property,2025-12-02,2026-12-02,17731.05,ACTIVE,2026-08-15
POL003223,BRK0019,General Liability,2025-09-21,2026-09-21,23039.92,RENEWED,2026-08-15
POL001235,BRK0048,Property,2024-05-08,2025-05-08,24004.41,RENEWED,2026-08-15
POL001038,BRK0049,Cyber,0000-00-00,2027-05-25,9236.77,CANCELLED,2026-08-15
POL001339,BRK0019,Cyber,2024-08-10,0000-00-00,17422.85,LAPSED,2026-08-15
POL003329,BRK0013,Commercial Auto,2025-08-26,2026-08-26,16023.69,ACTIVE,2026-08-15
POL000639,BRK0030,  Commercial Auto ,2024-02-24,2025-02-23,16672.46,ACTIVE,2026-08-15
POL003499,BRK0018,Marine,2026-03-17,2027-03-17,11492.59,ACTIVE,2026-08-15
POL004380,BRK0044,Property,2024-02-25,2025-02-24,4027.35,CANCELLED,2026-08-15
POL001986,BRK0014,General Liability,2024-05-16,2025-05-16,18072.29,ACTIVE,2026-08-15
POL000258,BRK0034,General Liability,2026-03-15,2027-03-15,5005.03,RENEWED,2026-08-15
POL003884,BRK0015,Property,2026-03-12,2027-03-12,13216.7,CANCELLED,2026-08-15
POL000598,BRK0011,Commercial Auto,2024-11-26,2025-11-26,12290.13,CANCELLED,2026-08-15
POL001828,BRK0007,  Cyber ,2025-06-16,2026-06-16,6056.17,CANCELLED,2026-08-15
POL004915,BRK0020,Cyber,2026-04-06,2027-04-06,18147.37,ACTIVE,2026-08-15
POL004990,BRK0031,Marine,2025-08-11,2026-08-11,1267.32,LAPSED,2026-08-15
POL001582,BRK0029,Commercial Auto,2024-04-29,2025-04-29,15158.2,CANCELLED,2026-08-15
POL003672,BRK0011,General Liability,2024-09-19,2025-09-19,20152.95,CANCELLED,2026-08-15
POL002077,BRK0034,General Liability,2024-04-01,2025-04-01,16101.04,LAPSED,2026-08-15
POL001350,BRK0004,  Commercial Auto ,2026-05-09,2027-05-09,20637.53,RENEWED,2026-08-15
POL002417,BRK0041,Property,2024-05-31,2025-05-31,15316.51,ACTIVE,2026-08-15
POL004848,BRK0046,Property,2024-09-23,2025-09-23,4920.56,CANCELLED,2026-08-15
POL003636,BRK0026,Marine,2025-08-16,2026-08-16,24037.78,LAPSED,2026-08-15
POL001054,BRK0037,Commercial Auto,2025-04-18,2026-04-18,11679.51,CANCELLED,2026-08-15
POL003557,BRK0018,Cyber,2026-01-21,2027-01-21,2444.06,CANCELLED,2026-08-15
POL004474,BRK0047,Property,2026-02-09,2027-02-09,17466.66,LAPSED,2026-08-15
POL000460,BRK0002,Property,2025-09-18,2026-09-18,11296.85,ACTIVE,2026-08-15
POL004022,BRK0045,Property,2026-01-24,2027-01-24,7594.26,ACTIVE,2026-08-15
POL000622,BRK0033,Cyber,2025-07-20,2026-07-20,11779.06,LAPSED,2026-08-15
POL003556,BRK0002,Cyber,2025-05-29,2026-05-29,5860.87,CANCELLED,2026-08-15
POL004837,BRK0019,Property,2024-12-19,2025-12-19,5429.86,LAPSED,2026-08-15
POL002289,BRK0030,General Liability,2025-10-29,2026-10-29,2379.24,LAPSED,2026-08-15
POL004607,BRK0050,General Liability,2025-07-19,2026-07-19,19797.96,ACTIVE,2026-08-15
POL003425,BRK0045,Cyber,2024-11-13,2025-11-13,15233.73,CANCELLED,2026-08-15
POL003908,BRK0037,Property,2025-07-18,2026-07-18,4113.14,ACTIVE,2026-08-15
POL001744,BRK0011,Marine,2024-06-04,2025-06-04,14260.77,RENEWED,2026-08-15
POL003183,BRK0001,Cyber,2024-10-17,2025-10-17,5218.82,CANCELLED,2026-08-15
POL003728,BRK0009,General Liability,2026-04-21,2027-04-21,9458.12,CANCELLED,2026-08-15
POL003242,BRK0001,Marine,2024-11-18,2025-11-18,10663.76,ACTIVE,2026-08-15
POL000335,BRK0026,General Liability,2024-02-23,2025-02-22,2734.38,ACTIVE,2026-08-15
POL000326,BRK0049,Marine,2024-05-18,2025-05-18,3727.17,RENEWED,2026-08-15
POL004372,BRK0012,General Liability,2025-12-21,2026-12-21,20143.44,LAPSED,2026-08-15
POL002515,BRK0046,  Property ,2024-10-04,2025-10-04,24319.03,ACTIVE,2026-08-15
POL004348,BRK0020,General Liability,2025-03-30,2026-03-30,11423.67,ACTIVE,2026-08-15
POL000451,BRK0046,Marine,2025-01-01,2026-01-01,5588.5,RENEWED,2026-08-15
POL003436,BRK0003,Cyber,2026-01-16,2027-01-16,17714.15,RENEWED,2026-08-15
POL000163,BRK0013,Cyber,2024-06-14,2025-06-14,21915.87,ACTIVE,2026-08-15
POL000266,BRK0047,Marine,2024-04-10,2025-04-10,8166.59,ACTIVE,2026-08-15
POL003454,BRK0012,Cyber,2025-11-20,2026-11-20,20245.86,LAPSED,2026-08-15
POL001954,BRK0044,  Marine ,2024-01-15,2025-01-14,2936.77,CANCELLED,2026-08-15
POL002123,BRK0048,Cyber,2026-05-16,2027-05-16,7447.37,RENEWED,2026-08-15
POL002524,BRK0030,  Cyber ,2025-06-27,2026-06-27,10690.25,ACTIVE,2026-08-15
POL001788,BRK0018,General Liability,2026-03-13,2027-03-13,5401.43,LAPSED,2026-08-15
POL001898,BRK0018,Marine,2025-08-10,2026-08-10,6475.72,ACTIVE,2026-08-15
POL001565,BRK0038,Commercial Auto,2026-02-15,2027-02-15,4635.03,RENEWED,2026-08-15
POL003207,BRK0012,Marine,2025-01-28,2026-01-28,4531.28,RENEWED,2026-08-15
POL000022,BRK0007,Cyber,2024-02-09,2025-02-08,15352.12,ACTIVE,2026-08-15
POL000459,BRK0027,Cyber,2024-04-16,2025-04-16,15477.42,CANCELLED,2026-08-15
POL004924,BRK0031,Cyber,2026-01-09,2027-01-09,13617.65,ACTIVE,2026-08-15
POL004321,BRK0018,General Liability,2025-05-19,2026-05-19,17846.96,LAPSED,2026-08-15
POL001101,BRK0037,Property,2025-04-06,2026-04-06,19099.53,CANCELLED,2026-08-15
POL003235,BRK0036,Property,2025-11-05,2026-11-05,2253.67,CANCELLED,2026-08-15
POL004268,BRK0048,Commercial Auto,2025-03-29,2026-03-29,6346.03,RENEWED,2026-08-15
POL002320,BRK0036,Property,2024-10-28,2025-10-28,9820.05,LAPSED,2026-08-15
POL001552,BRK0035,Cyber,2025-05-29,2026-05-29,11865.89,RENEWED,2026-08-15
POL004622,BRK0021,Cyber,,2025-05-05,24261.06,ACTIVE,2026-08-15
POL000280,BRK0044,General Liability,2024-03-17,2025-03-17,23254.78,CANCELLED,2026-08-15
POL002237,BRK0035,Property,2024-11-07,2025-11-07,22144.31,LAPSED,2026-08-15
POL003119,BRK0016,Property,2025-03-10,2026-03-10,21395.57,CANCELLED,2026-08-15
POL000314,BRK0038,Commercial Auto,2025-09-21,2026-09-21,3365.25,CANCELLED,2026-08-15
POL003409,BRK0042,Property,2025-11-08,2026-11-08,5964.83,ACTIVE,2026-08-15
POL004224,BRK0040,MARINE,2026-05-12,2027-05-12,19899.67,CANCELLED,2026-08-15
POL000147,BRK0041,General Liability,2026-06-03,2027-06-03,8865.53,LAPSED,2026-08-15
POL003953,BRK0037,Cyber,2026-01-29,2027-01-29,22562.49,ACTIVE,2026-08-15
POL003461,BRK0021,Property,2024-10-17,2025-10-17,10419.01,ACTIVE,2026-08-15
POL003867,BRK0020,Property,2025-10-13,2026-10-13,21358.67,CANCELLED,2026-08-15
POL001306,BRK0042,Commercial Auto,2025-05-20,2026-05-20,5988.35,ACTIVE,2026-08-15
POL000172,BRK0034,Cyber,2024-03-10,2025-03-10,10066.12,RENEWED,2026-08-15
POL002516,BRK0030,Property,2024-04-03,2025-04-03,1776.92,CANCELLED,2026-08-15
POL000894,BRK0043,Cyber,2025-09-12,31/12/2025,15681.62,CANCELLED,2026-08-15
POL003395,BRK0017,General Liability,2025-09-29,2026-09-29,12078.97,RENEWED,2026-08-15
POL002293,BRK0011,Commercial Auto,2025-12-02,31/12/2025,1989.07,ACTIVE,2026-08-15
POL001622,BRK0020,Commercial Auto,2025-01-04,2026-01-04,24992.81,ACTIVE,2026-08-15
POL002877,BRK0033,Cyber,2025-12-14,2026-12-14,10295.22,CANCELLED,2026-08-15
POL003589,BRK0019,Cyber,2026-02-23,2027-02-23,22413.56,CANCELLED,2026-08-15
POL000479,BRK0048,Cyber,2025-12-29,2026-12-29,7619.2,CANCELLED,2026-08-15
POL002970,BRK0003,Commercial Auto,2025-02-05,2026-02-05,21644.49,RENEWED,2026-08-15
POL000543,BRK0020,Cyber,2024-09-16,2025-09-16,21447.47,ACTIVE,2026-08-15
POL000576,BRK0011,General Liability,2026-06-08,2027-06-08,22723.29,ACTIVE,2026-08-15
POL003874,BRK0047,General Liability,2025-11-07,2026-11-07,19939.56,RENEWED,2026-08-15
POL000614,BRK0005,GENERAL LIABILITY,2026-01-21,2027-01-21,18266.71,RENEWED,2026-08-15
POL000026,BRK0027,Marine,2024-07-15,2025-07-15,7873.27,ACTIVE,2026-08-15
POL000411,BRK0047,Commercial Auto,2024-11-23,2025-11-23,21487.29,RENEWED,2026-08-15
POL000085,BRK0005,General Liability,2026-06-03,2027-06-03,19799.08,CANCELLED,2026-08-15
POL003398,BRK0038,General Liability,2024-09-03,2025-09-03,24419.73,CANCELLED,2026-08-15
POL000256,BRK0010,Cyber,2026-06-16,2027-06-16,23738.75,LAPSED,2026-08-15
POL002047,BRK0036,Cyber,2024-09-04,2025-09-04,22583.54,RENEWED,2026-08-15
POL000027,BRK0019,Property,2024-11-07,2025-11-07,11892.21,RENEWED,2026-08-15
POL000168,BRK0046,Marine,,N/A,20956.6,RENEWED,2026-08-15
POL001859,BRK0049,Property,2025-10-23,2026-10-23,2338.86,ACTIVE,2026-08-15
POL003321,BRK0040,Marine,2024-12-15,2025-12-15,15279.91,RENEWED,2026-08-15
POL000999,BRK0044,Commercial Auto,2025-10-18,2026-10-18,10468.46,ACTIVE,2026-08-15
POL003222,BRK0022,Marine,2024-10-18,2025-10-18,11376.48,ACTIVE,2026-08-15
POL001388,BRK0009,Marine,2024-02-28,2025-02-27,16552.62,LAPSED,2026-08-15
POL002158,BRK0048,Property,2025-07-22,2026-07-22,13235.32,RENEWED,2026-08-15
POL004894,BRK0020,Marine,2025-10-07,2026-10-07,6183.44,ACTIVE,2026-08-15
POL004404,BRK0008,Cyber,2025-04-05,2026-04-05,3652.43,RENEWED,2026-08-15
POL001548,BRK0002,General Liability,2026-02-22,2027-02-22,22928.39,LAPSED,2026-08-15
POL000036,BRK0016,General Liability,2025-10-03,2026-10-03,8728.26,ACTIVE,2026-08-15
POL002229,BRK0004,Marine,2024-10-20,2025-10-20,4767.79,CANCELLED,2026-08-15
POL000293,BRK0041,Marine,2026-01-08,2027-01-08,7964.12,RENEWED,2026-08-15
POL004668,BRK0029,General Liability,2024-05-31,2025-05-31,10093.19,RENEWED,2026-08-15
POL003047,BRK0026,Property,2025-01-28,2026-01-28,22911.58,ACTIVE,2026-08-15
POL001562,BRK0025,Commercial Auto,2026-06-01,2027-06-01,13664.87,ACTIVE,2026-08-15
POL001632,BRK0009,General Liability,2024-09-20,2025-09-20,18049.72,RENEWED,2026-08-15
POL003206,BRK0026,Cyber,2024-09-09,2025-09-09,7403.82,ACTIVE,2026-08-15
POL003570,BRK0048,Property,2025-03-25,2026-03-25,24675.73,RENEWED,2026-08-15
POL004375,BRK0036,Cyber,2025-02-15,2026-02-15,20666.1,ACTIVE,2026-08-15
POL002580,BRK0019,Cyber,2025-01-24,2026-01-24,19912.21,LAPSED,2026-08-15
POL003871,BRK0029,General Liability,N/A,0000-00-00,20157.37,ACTIVE,2026-08-15
POL000542,BRK0026,Property,2025-11-27,2026-11-27,9570.22,RENEWED,2026-08-15
POL004337,BRK0037,Cyber,2025-06-20,2026-06-20,1098.87,ACTIVE,2026-08-15
POL002104,BRK0030,Marine,2024-05-15,2025-05-15,5164.49,RENEWED,2026-08-15
POL000259,BRK0015,General Liability,2024-09-03,2025-09-03,1911.79,RENEWED,2026-08-15
POL000226,BRK0004,Cyber,2024-09-05,2025-09-05,8592.19,RENEWED,2026-08-15
POL001893,BRK0042,Property,2025-08-09,2026-08-09,5057.48,RENEWED,2026-08-15
POL002823,BRK0018,Marine,2026-05-25,2027-05-25,22986.33,CANCELLED,2026-08-15
POL002435,BRK0018,marine,2024-09-22,2025-09-22,21807.49,ACTIVE,2026-08-15
POL000007,BRK0043,General Liability,2024-07-28,2025-07-28,7849.93,CANCELLED,2026-08-15
POL000212,BRK0040,General Liability,2024-12-01,2025-12-01,7831.24,CANCELLED,2026-08-15
POL001197,BRK0045,Commercial Auto,2025-08-29,2026-08-29,17839.97,CANCELLED,2026-08-15
POL001928,BRK0035,Marine,2024-06-02,2025-06-02,20298.41,LAPSED,2026-08-15
POL001813,BRK0037,Property,2026-01-16,2027-01-16,24288.03,CANCELLED,2026-08-15
POL003338,BRK0017,General Liability,2024-08-12,2025-08-12,22459.92,RENEWED,2026-08-15
POL002670,BRK0013,General Liability,2024-02-06,2025-02-05,5770.25,RENEWED,2026-08-15
POL002496,BRK0009,Commercial Auto,2024-04-19,2025-04-19,10140.32,CANCELLED,2026-08-15
POL002611,BRK0042,Cyber,2026-04-25,2027-04-25,1417.15,RENEWED,2026-08-15
POL001638,BRK0026,general liability,2024-06-14,2025-06-14,15903.47,RENEWED,2026-08-15
POL000067,BRK0029,General Liability,2025-04-06,2026-04-06,19011.9,RENEWED,2026-08-15
POL000177,BRK0003,Property,2024-09-16,2025-09-16,16565.42,CANCELLED,2026-08-15
POL000346,BRK0005,Commercial Auto,N/A,2027-02-27,1981.49,RENEWED,2026-08-15
POL004938,BRK0035,Marine,2024-06-25,2025-06-25,15815.12,CANCELLED,2026-08-15
POL001695,BRK0001,cyber,2024-06-21,2025-06-21,22676.05,CANCELLED,2026-08-15
POL001268,BRK0008,Marine,2025-05-29,2026-05-29,9129.17,RENEWED,2026-08-15
POL004369,BRK0026,Commercial Auto,2024-01-02,2025-01-01,24278.3,RENEWED,2026-08-15
POL000694,BRK0035,General Liability,2024-07-30,2025-07-30,20198.07,LAPSED,2026-08-15
POL002497,BRK0046,Cyber,2025-06-25,2026-06-25,17099.75,RENEWED,2026-08-15
POL001414,BRK0037,Cyber,2024-08-17,2025-08-17,13704.7,ACTIVE,2026-08-15
POL001833,BRK0013,commercial auto,2026-04-14,2027-04-14,19513.66,ACTIVE,2026-08-15
POL000587,BRK0001,Marine,2025-07-01,2026-13-45,20050.14,LAPSED,2026-08-15
POL003255,BRK0035,Cyber,2025-12-08,2026-12-08,17584.14,RENEWED,2026-08-15
POL002340,BRK0043,Commercial Auto,2026-04-15,2027-04-15,1568.68,CANCELLED,2026-08-15
POL004073,BRK0022,Cyber,2025-08-07,2026-08-07,4940.44,CANCELLED,2026-08-15
POL004784,BRK0046,General Liability,2024-03-10,2025-03-10,21154.89,CANCELLED,2026-08-15
POL003731,BRK0005,Commercial Auto,2024-11-08,2025-11-08,21468.35,LAPSED,2026-08-15
POL002610,BRK0008,Cyber,2024-07-18,2025-07-18,17365.33,LAPSED,2026-08-15
POL000886,BRK0030,Property,2024-04-01,2025-04-01,15641.1,CANCELLED,2026-08-15
POL001949,BRK0037,Property,2025-09-15,2026-09-15,6985.16,ACTIVE,2026-08-15
POL000959,BRK0029,Commercial Auto,2024-08-07,2025-08-07,13214.15,RENEWED,2026-08-15
POL002860,BRK0015,Marine,2026-02-02,2027-02-02,1515.83,RENEWED,2026-08-15
POL003276,BRK0021,Commercial Auto,2024-09-18,2025-09-18,4532.86,LAPSED,2026-08-15
POL001951,BRK0026,Commercial Auto,2024-09-01,2025-09-01,7204.05,RENEWED,2026-08-15
POL003846,BRK0048,Cyber,2024-02-02,2025-02-01,6692.28,LAPSED,2026-08-15
POL002261,BRK0026,Marine,2026-06-06,2027-06-06,11349.85,RENEWED,2026-08-15
POL000234,BRK0019,Cyber,2026-03-20,2027-03-20,16148.78,RENEWED,2026-08-15
POL004914,BRK0045,General Liability,2024-04-07,2025-04-07,9208.38,CANCELLED,2026-08-15
POL001880,BRK0015,General Liability,2024-06-26,2025-06-26,14701.12,RENEWED,2026-08-15
POL003415,BRK0009,Commercial Auto,2024-06-14,2025-06-14,10525.86,CANCELLED,2026-08-15
POL001688,BRK0035,Cyber,31/12/2025,2027-02-23,18984.42,ACTIVE,2026-08-15
POL001084,BRK0037,Marine,2024-10-19,2025-10-19,12288.68,CANCELLED,2026-08-15
POL002167,BRK0041,General Liability,2025-07-29,2026-07-29,23582.37,CANCELLED,2026-08-15
POL000416,BRK0022,General Liability,2024-01-21,2025-01-20,17278.87,LAPSED,2026-08-15
POL001884,BRK0005,Cyber,2025-12-21,2026-12-21,10398.15,LAPSED,2026-08-15
POL004319,BRK0045,Property,2025-09-07,2026-09-07,21540.67,LAPSED,2026-08-15
POL004875,BRK0035,Marine,2025-07-09,2026-07-09,28933.11,RENEWED,2026-08-15
POL001985,BRK0046,Commercial Auto,2024-05-15,2025-05-15,2268.88,RENEWED,2026-08-15
POL002896,BRK0011,Marine,2025-04-10,2026-04-10,13981.56,CANCELLED,2026-08-15
POL001018,BRK0015,Property,2025-10-16,2026-10-16,19324.54,CANCELLED,2026-08-15
POL003074,BRK0029,Cyber,2026-06-18,2027-06-18,6186.96,CANCELLED,2026-08-15
POL001698,BRK0010,MARINE,2025-06-03,2026-06-03,19944.36,ACTIVE,2026-08-15
POL003624,BRK0017,Marine,2024-03-23,2025-03-23,6895.37,LAPSED,2026-08-15
POL000777,BRK0034,Marine,2025-03-11,2026-03-11,11584.81,LAPSED,2026-08-15
POL004480,BRK0004,general liability,2026-01-07,2027-01-07,676.67,ACTIVE,2026-08-15
POL000318,BRK0044,Marine,2025-02-22,2026-02-22,2525.43,ACTIVE,2026-08-15
POL001869,BRK0039,General Liability,2024-07-29,2025-07-29,6518.03,RENEWED,2026-08-15
POL000375,BRK0011,Cyber,2024-02-21,2025-02-20,9876.87,RENEWED,2026-08-15
POL003654,BRK0006,General Liability,2025-07-08,2026-07-08,5231.09,CANCELLED,2026-08-15
POL003899,BRK0013,Property,2024-06-01,2025-06-01,6289.26,LAPSED,2026-08-15
POL004439,BRK0010,Cyber,2024-08-07,2025-08-07,5648.36,CANCELLED,2026-08-15
POL004718,BRK0024,Commercial Auto,2024-04-26,2025-04-26,15660.76,ACTIVE,2026-08-15
POL002148,BRK0025,Cyber,2025-04-12,2026-04-12,14075.41,LAPSED,2026-08-15
POL002962,BRK0027,Property,2024-05-15,2025-05-15,23109.8,CANCELLED,2026-08-15
POL003167,BRK0041,Marine,2024-02-08,2025-02-07,9784.3,CANCELLED,2026-08-15
POL003163,BRK0002,Property,2026-05-17,2027-05-17,4458.51,ACTIVE,2026-08-15
POL004571,BRK0027,Marine,2026-03-09,2027-03-09,5649.8,CANCELLED,2026-08-15
POL002905,BRK0027,CYBER,2024-08-08,2025-08-08,5959.31,CANCELLED,2026-08-15
POL000630,BRK0006,Marine,2024-09-25,2025-09-25,3804.33,LAPSED,2026-08-15
POL003886,BRK0042,Commercial Auto,2025-06-08,2026-06-08,24244.28,RENEWED,2026-08-15
POL004031,BRK0003,Property,2025-07-27,2026-07-27,15757.31,CANCELLED,2026-08-15
POL003198,BRK0010,Cyber,2025-01-02,,18333.25,RENEWED,2026-08-15
POL002328,BRK0035,Cyber,2024-04-08,2025-04-08,10368.92,LAPSED,2026-08-15
POL001588,BRK0020,Commercial Auto,2025-11-20,2026-11-20,13695.46,LAPSED,2026-08-15
POL000059,BRK0048,Cyber,2025-03-11,2026-03-11,6659.39,ACTIVE,2026-08-15
POL002174,BRK0016,Cyber,2025-12-20,2026-12-20,23522.56,CANCELLED,2026-08-15
POL001344,BRK0050,Property,2025-11-30,2026-11-30,8673.65,RENEWED,2026-08-15
POL003943,BRK0025,Marine,2025-09-03,2026-09-03,2539.32,ACTIVE,2026-08-15
POL001751,BRK0002,Marine,2025-06-16,2026-06-16,17662.61,CANCELLED,2026-08-15
POL000866,BRK0002,General Liability,2024-05-19,2025-05-19,16285.2,ACTIVE,2026-08-15
POL004547,BRK0034,Commercial Auto,2025-06-04,2026-06-04,1616.49,RENEWED,2026-08-15
POL004759,BRK0024,Marine,2024-04-04,2025-04-04,8912.53,RENEWED,2026-08-15
POL003724,BRK0033,Commercial Auto,2024-09-11,2025-09-11,6194.86,CANCELLED,2026-08-15
POL003915,BRK0034,Property,2024-01-30,2025-01-29,9737.23,LAPSED,2026-08-15
POL002690,BRK0030,Marine,2024-08-07,2025-08-07,7096.24,RENEWED,2026-08-15
POL003405,BRK0017,Marine,2026-05-11,2027-05-11,15032.3,RENEWED,2026-08-15
POL002312,BRK0033,Commercial Auto,2025-08-26,2026-08-26,19277.64,LAPSED,2026-08-15
POL002909,BRK0049,Marine,2025-12-16,2026-12-16,20471.24,CANCELLED,2026-08-15
POL000646,BRK0016,Cyber,2025-03-03,2026-03-03,8567.48,LAPSED,2026-08-15
POL003725,BRK0041,PROPERTY,2024-09-11,2025-09-11,4698.24,LAPSED,2026-08-15
POL004678,BRK0036,Marine,2025-01-13,2026-01-13,24116.21,ACTIVE,2026-08-15
POL004741,BRK0029,Cyber,2026-04-11,2027-04-11,5283.44,ACTIVE,2026-08-15
POL003238,BRK0024,Commercial Auto,2026-06-11,2027-06-11,8240.11,CANCELLED,2026-08-15
POL001121,BRK0008,Cyber,2026-02-01,2027-02-01,15879.11,LAPSED,2026-08-15
POL001669,BRK0012,Marine,2026-03-10,2027-03-10,18626.55,LAPSED,2026-08-15
POL003306,BRK0034,Property,2024-06-26,2025-06-26,13822.0,LAPSED,2026-08-15
POL001277,BRK0004,Cyber,2026-04-28,2027-04-28,18338.76,RENEWED,2026-08-15
POL001182,BRK0008,Property,2024-08-22,2025-08-22,4082.12,ACTIVE,2026-08-15
POL000267,BRK0015,  Property ,2025-07-30,2026-07-30,10730.66,LAPSED,2026-08-15
POL004941,BRK0030,Property,2025-02-08,2026-02-08,902.93,CANCELLED,2026-08-15
POL002586,BRK0023,Marine,2025-07-20,2026-07-20,24023.22,CANCELLED,2026-08-15
POL002802,BRK0045,Cyber,2024-04-21,2025-04-21,17667.5,RENEWED,2026-08-15
POL000907,BRK0043,Commercial Auto,2025-08-31,2026-08-31,11601.0,LAPSED,2026-08-15
POL000313,BRK0026,Cyber,2025-09-17,2026-09-17,4726.92,CANCELLED,2026-08-15
POL001542,BRK0002,General Liability,2024-08-18,2025-08-18,15428.25,RENEWED,2026-08-15
POL001007,BRK0029,Commercial Auto,2026-04-01,2027-04-01,17100.33,ACTIVE,2026-08-15
POL003830,BRK0035,Property,2024-05-23,2025-05-23,11628.24,ACTIVE,2026-08-15
POL003720,BRK0019,Property,2026-01-01,2027-01-01,15167.93,ACTIVE,2026-08-15
POL004121,BRK0002,Marine,2025-07-07,2026-07-07,8049.71,CANCELLED,2026-08-15
POL000742,BRK0026,Property,2025-09-16,2026-09-16,11065.71,ACTIVE,2026-08-15
POL004727,BRK0028,Marine,2024-04-25,2025-04-25,3824.64,ACTIVE,2026-08-15
POL003962,BRK0043,Marine,2024-02-23,2025-02-22,23456.36,ACTIVE,2026-08-15
POL003916,BRK0037,Commercial Auto,2025-03-10,2026-03-10,14323.73,CANCELLED,2026-08-15
POL000228,BRK0042,Property,2025-05-03,2026-05-03,1949.48,ACTIVE,2026-08-15
POL001854,BRK0014,Property,2026-03-31,2027-03-31,4724.24,ACTIVE,2026-08-15
POL001438,BRK0045,General Liability,2025-12-24,2026-12-24,17775.04,CANCELLED,2026-08-15
POL001991,BRK0030,Cyber,2026-02-05,2027-02-05,3947.1,CANCELLED,2026-08-15
POL004640,BRK0033,Marine,2025-10-27,2026-10-27,9052.89,RENEWED,2026-08-15
POL002292,BRK0042,Property,2025-10-22,2026-10-22,14099.68,RENEWED,2026-08-15
POL003140,BRK0030,COMMERCIAL AUTO,2025-12-12,2026-12-12,3704.57,ACTIVE,2026-08-15
POL004000,BRK0038,Marine,2025-01-03,2026-01-03,16300.62,LAPSED,2026-08-15
POL003944,BRK0005,  Commercial Auto ,2024-12-01,2025-12-01,11990.05,ACTIVE,2026-08-15
POL004229,BRK0009,Marine,2025-06-11,2026-06-11,23035.71,LAPSED,2026-08-15
POL000781,BRK0041,Commercial Auto,2025-12-21,2026-12-21,8656.2,ACTIVE,2026-08-15
POL001580,BRK0005,Property,2026-01-20,2027-01-20,14849.1,RENEWED,2026-08-15
POL002625,BRK0010,Commercial Auto,2024-07-02,2025-07-02,15425.47,ACTIVE,2026-08-15
POL004956,BRK0011,Property,2024-01-25,2025-01-24,23288.22,ACTIVE,2026-08-15
POL003558,BRK0013,Commercial Auto,2025-10-13,2026-10-13,19788.64,CANCELLED,2026-08-15
POL001508,BRK0007,General Liability,2026-13-45,2026-12-19,8748.46,ACTIVE,2026-08-15
POL003244,BRK0027,Marine,2026-06-15,2027-06-15,17702.76,RENEWED,2026-08-15
POL002551,BRK0010,PROPERTY,,2027-04-08,4495.83,CANCELLED,2026-08-15
POL003264,BRK0026,Cyber,2024-04-15,2025-04-15,12432.93,RENEWED,2026-08-15
POL002983,BRK0030,  Cyber ,2025-12-12,2026-12-12,18515.82,RENEWED,2026-08-15
POL004895,BRK0039,General Liability,2025-07-21,2026-07-21,23684.73,RENEWED,2026-08-15
POL002965,BRK0016,Commercial Auto,2025-02-06,2026-02-06,9588.63,LAPSED,2026-08-15
POL000035,BRK0048,Marine,2024-06-11,2025-06-11,7294.13,RENEWED,2026-08-15
POL003593,BRK0016,Property,2024-06-04,2025-06-04,932.5,CANCELLED,2026-08-15
POL000084,BRK0016,Marine,2025-04-28,2026-04-28,12951.9,LAPSED,2026-08-15
POL000433,BRK0007,Marine,2024-10-27,2025-10-27,19191.5,LAPSED,2026-08-15
POL003686,BRK0004,Property,2026-04-25,2027-04-25,22759.42,CANCELLED,2026-08-15
POL003747,BRK0046,Marine,31/12/2025,2025-06-08,16884.73,CANCELLED,2026-08-15
POL000887,BRK0006,General Liability,2024-06-01,31/12/2025,11161.39,RENEWED,2026-08-15
POL000701,BRK0002,Commercial Auto,2025-05-14,2026-05-14,4684.64,CANCELLED,2026-08-15
POL001378,BRK0045,Commercial Auto,2025-07-13,2026-07-13,16504.18,ACTIVE,2026-08-15
POL001902,BRK0020,Commercial Auto,2026-05-12,2027-05-12,9653.77,CANCELLED,2026-08-15
POL000633,BRK0023,Property,2025-01-09,2026-01-09,7968.06,CANCELLED,2026-08-15
POL002431,BRK0037,Marine,2025-04-08,2026-04-08,24045.74,ACTIVE,2026-08-15
POL002527,BRK0021,Commercial Auto,2025-09-04,2026-09-04,12559.63,RENEWED,2026-08-15
POL002305,BRK0034,Property,2024-06-15,2025-06-15,3261.88,RENEWED,2026-08-15
POL002632,BRK0040,Cyber,2026-01-25,2027-01-25,11966.25,ACTIVE,2026-08-15
POL002925,BRK0040,Cyber,2025-08-28,2026-08-28,7779.51,LAPSED,2026-08-15
POL002645,BRK0033,Property,2026-05-08,2027-05-08,4380.99,RENEWED,2026-08-15
POL000291,BRK0034,Property,2025-08-08,2026-08-08,7075.97,LAPSED,2026-08-15
POL003997,BRK0023,Marine,2025-07-17,2026-07-17,19822.15,ACTIVE,2026-08-15
POL001691,BRK0045,Marine,2025-08-10,2026-08-10,21258.01,LAPSED,2026-08-15
POL004467,BRK0003,Marine,2025-03-27,2026-03-27,18969.83,ACTIVE,2026-08-15
POL003291,BRK0041,Cyber,2026-03-18,2027-03-18,19112.75,ACTIVE,2026-08-15
POL000651,BRK0037,Cyber,2025-09-12,2026-09-12,9301.9,RENEWED,2026-08-15
POL003508,BRK0013,General Liability,2024-01-03,N/A,22949.94,LAPSED,2026-08-15
POL003710,BRK0022,Property,2025-11-26,2026-11-26,18927.48,LAPSED,2026-08-15
POL002783,BRK0044,Property,2025-08-28,2026-08-28,19546.81,CANCELLED,2026-08-15
POL003989,BRK0047,Property,2024-04-03,2026-13-45,23643.81,RENEWED,2026-08-15
POL003699,BRK0039,Commercial Auto,2024-12-20,2025-12-20,4856.52,RENEWED,2026-08-15
POL002468,BRK0001,Commercial Auto,2025-11-13,2026-11-13,18359.62,ACTIVE,2026-08-15
POL003667,BRK0018,marine,2024-09-15,2025-09-15,20945.7,RENEWED,2026-08-15
POL004974,BRK0046,  Commercial Auto ,2026-05-24,2027-05-24,16976.16,RENEWED,2026-08-15
POL004635,BRK0035,Property,2024-04-01,2025-04-01,20988.51,RENEWED,2026-08-15
POL004465,BRK0012,Marine,2025-02-08,2026-02-08,19618.78,ACTIVE,2026-08-15
POL004284,BRK0006,General Liability,2025-03-13,2026-03-13,16554.87,CANCELLED,2026-08-15
POL001072,BRK0035,Cyber,2025-12-30,2026-12-30,24544.69,RENEWED,2026-08-15
POL002439,BRK0010,Marine,2026-04-14,2027-04-14,9503.45,ACTIVE,2026-08-15
POL003778,BRK0006,Cyber,2026-03-12,2027-03-12,20457.28,LAPSED,2026-08-15
POL004373,BRK0033,PROPERTY,2024-11-20,2025-11-20,22472.82,CANCELLED,2026-08-15
POL002764,BRK0010,Commercial Auto,2024-02-17,2025-02-16,9435.85,RENEWED,2026-08-15
POL002140,BRK0036,general liability,2026-05-20,2027-05-20,7538.97,CANCELLED,2026-08-15
POL001799,BRK0026,Property,2025-10-19,2026-10-19,4396.98,CANCELLED,2026-08-15
POL004495,BRK0035,Cyber,2024-01-17,2025-01-16,11083.63,CANCELLED,2026-08-15
POL003517,BRK0035,Cyber,2024-11-14,2025-11-14,18442.32,LAPSED,2026-08-15
POL002226,BRK0038,General Liability,2026-04-07,2027-04-07,22858.11,RENEWED,2026-08-15
POL004633,BRK0044,general liability,2026-03-14,2027-03-14,10664.7,RENEWED,2026-08-15
POL002171,BRK0002,General Liability,2026-05-07,2027-05-07,22786.22,LAPSED,2026-08-15
POL001367,BRK0015,Property,2026-02-17,2027-02-17,9910.04,RENEWED,2026-08-15
POL004061,BRK0022,General Liability,2026-03-12,2027-03-12,9090.54,CANCELLED,2026-08-15
POL004946,BRK0016,Marine,2025-02-25,2026-02-25,13341.96,CANCELLED,2026-08-15
POL003111,BRK0005,General Liability,2024-04-04,2025-04-04,15967.03,ACTIVE,2026-08-15
POL004166,BRK0037,Marine,2026-05-03,2027-05-03,16676.48,ACTIVE,2026-08-15
POL004886,BRK0039,property,2024-07-25,0000-00-00,7128.38,RENEWED,2026-08-15
POL001301,BRK0032,marine,2026-04-01,2027-04-01,4692.92,CANCELLED,2026-08-15
POL003126,BRK0001,Property,2026-03-23,2027-03-23,7056.76,ACTIVE,2026-08-15
POL000743,BRK0046,General Liability,2025-03-28,2026-03-28,6639.61,RENEWED,2026-08-15
POL001972,BRK0007,General Liability,2024-04-26,2025-04-26,17219.0,RENEWED,2026-08-15
POL003286,BRK0019,Commercial Auto,2025-02-20,2026-02-20,21440.01,LAPSED,2026-08-15
POL003717,BRK0021,COMMERCIAL AUTO,2025-02-16,2026-02-16,14578.91,ACTIVE,2026-08-15
POL001766,BRK0027,Cyber,2025-09-07,2026-09-07,8946.6,LAPSED,2026-08-15
POL004768,BRK0016,commercial auto,2025-01-03,2026-01-03,24548.52,ACTIVE,2026-08-15
POL004804,BRK0046,Property,2025-01-19,2026-01-19,8151.18,RENEWED,2026-08-15
POL003531,BRK0041,Marine,2024-12-30,2025-12-30,13991.42,LAPSED,2026-08-15
POL004943,BRK0014,Marine,2024-08-29,2025-08-29,7368.21,CANCELLED,2026-08-15
POL004923,BRK0018,General Liability,2024-05-21,2025-05-21,22075.47,CANCELLED,2026-08-15
POL003645,BRK0032,Commercial Auto,2025-05-19,2026-05-19,9274.01,RENEWED,2026-08-15
POL002838,BRK0036,Property,2024-06-21,,13565.45,CANCELLED,2026-08-15
POL003305,BRK0036,Marine,2024-03-08,2025-03-08,8088.2,ACTIVE,2026-08-15
POL000253,BRK0039,Commercial Auto,2024-04-13,2025-04-13,6495.99,ACTIVE,2026-08-15
POL001343,BRK0017,General Liability,2024-04-10,2025-04-10,21671.86,ACTIVE,2026-08-15
POL002163,BRK0039,Property,2024-07-23,2025-07-23,15789.66,ACTIVE,2026-08-15
POL002753,BRK0008,Cyber,2026-03-04,2027-03-04,11461.51,RENEWED,2026-08-15
POL003630,BRK0004,General Liability,2025-07-28,2026-07-28,1595.54,LAPSED,2026-08-15
POL002027,BRK0035,  General Liability ,2026-03-13,2027-03-13,18121.02,CANCELLED,2026-08-15
POL002397,BRK0043,PROPERTY,2024-05-18,2025-05-18,7329.65,LAPSED,2026-08-15
POL003959,BRK0008,Commercial Auto,2024-04-09,2025-04-09,9612.65,ACTIVE,2026-08-15
POL002110,BRK0034,Marine,2024-09-24,2025-09-24,12536.99,RENEWED,2026-08-15
POL001654,BRK0043,Marine,2024-08-25,2025-08-25,11632.0,ACTIVE,2026-08-15
POL004277,BRK0048,Property,2024-02-16,2025-02-15,11572.91,RENEWED,2026-08-15
POL001956,BRK0007,General Liability,2025-01-05,2026-01-05,2180.45,LAPSED,2026-08-15
POL003266,BRK0039,Cyber,2025-02-18,2026-02-18,17692.31,RENEWED,2026-08-15
POL000687,BRK0020,Property,2025-06-21,2026-06-21,22877.17,RENEWED,2026-08-15
POL002172,BRK0027,Property,2026-01-28,2027-01-28,16602.55,ACTIVE,2026-08-15
POL001576,BRK0048,Cyber,2026-05-10,2027-05-10,1246.35,LAPSED,2026-08-15
POL000873,BRK0010,General Liability,2024-10-11,2025-10-11,16312.24,ACTIVE,2026-08-15
POL001243,BRK0038,Commercial Auto,2025-05-03,2026-05-03,22187.49,ACTIVE,2026-08-15
POL003474,BRK0009,  General Liability ,2026-05-14,2027-05-14,21846.69,RENEWED,2026-08-15
POL003149,BRK0044,Cyber,2025-02-25,2026-02-25,1305.11,RENEWED,2026-08-15
POL004318,BRK0022,Commercial Auto,2024-08-31,2025-08-31,9347.24,CANCELLED,2026-08-15
POL000237,BRK0047,  Cyber ,2025-08-19,2026-08-19,16860.76,RENEWED,2026-08-15
POL002655,BRK0050,General Liability,2026-05-01,2027-05-01,12528.52,RENEWED,2026-08-15
POL002380,BRK0044,Commercial Auto,31/12/2025,2027-05-09,10643.11,CANCELLED,2026-08-15
POL002589,BRK0007,Cyber,2024-10-26,2025-10-26,24479.32,CANCELLED,2026-08-15
POL004184,BRK0018,Cyber,2024-09-26,2025-09-26,14970.25,CANCELLED,2026-08-15
POL003777,BRK0049,Property,2025-09-10,2026-09-10,1100.43,RENEWED,2026-08-15
POL004260,BRK0001,Commercial Auto,2025-04-23,2026-04-23,2848.94,RENEWED,2026-08-15
POL003006,BRK0026,General Liability,2025-10-11,2026-10-11,11471.51,CANCELLED,2026-08-15
POL004706,BRK0004,Cyber,2024-10-06,2025-10-06,21786.26,LAPSED,2026-08-15
POL000545,BRK0036,Cyber,2026-03-31,2027-03-31,24131.97,ACTIVE,2026-08-15
POL001065,BRK0045,General Liability,2025-02-03,2026-02-03,9746.19,LAPSED,2026-08-15
POL004931,BRK0015,Property,2025-12-19,2026-12-19,19225.14,RENEWED,2026-08-15
POL004140,BRK0039,Commercial Auto,2024-02-04,2025-02-03,24269.57,ACTIVE,2026-08-15
POL003118,BRK0005,General Liability,2024-11-18,2025-11-18,3248.71,LAPSED,2026-08-15
POL004101,BRK0033,Property,2025-08-07,2026-08-07,17533.49,RENEWED,2026-08-15
POL002315,BRK0024,General Liability,2024-01-04,2025-01-03,11219.6,ACTIVE,2026-08-15
POL004791,BRK0002,Marine,2025-02-06,2026-02-06,1895.04,CANCELLED,2026-08-15
POL001839,BRK0016,Commercial Auto,2024-03-25,2025-03-25,24608.01,ACTIVE,2026-08-15
POL002511,BRK0045,Commercial Auto,2026-01-21,2027-01-21,23353.96,ACTIVE,2026-08-15
POL003136,BRK0048,Cyber,2024-07-20,2025-07-20,16654.04,RENEWED,2026-08-15
POL001529,BRK0044,Commercial Auto,2026-06-10,2027-06-10,14476.89,CANCELLED,2026-08-15
POL004423,BRK0009,Cyber,2025-06-27,2026-06-27,6187.5,CANCELLED,2026-08-15
POL004148,BRK0033,cyber,2024-05-13,2025-05-13,24690.47,LAPSED,2026-08-15
POL002596,BRK0012,Commercial Auto,2026-05-25,2027-05-25,16062.46,CANCELLED,2026-08-15
POL004554,BRK0019,MARINE,2025-10-29,2026-10-29,21237.88,ACTIVE,2026-08-15
POL004812,BRK0035,Commercial Auto,2025-07-20,2026-07-20,14718.62,RENEWED,2026-08-15
POL001069,BRK0014,Cyber,2025-10-01,2026-10-01,3094.19,CANCELLED,2026-08-15
POL001750,BRK0040,Cyber,2024-01-17,2025-01-16,5204.57,CANCELLED,2026-08-15
POL004458,BRK0003,  Property ,2024-11-05,2025-11-05,11178.08,RENEWED,2026-08-15
POL002642,BRK0021,Marine,2025-07-11,2026-07-11,16808.65,ACTIVE,2026-08-15
POL002059,BRK0039,Commercial Auto,2024-11-14,2025-11-14,14588.19,ACTIVE,2026-08-15
POL001443,BRK0038,Property,2025-10-08,2026-10-08,4911.58,CANCELLED,2026-08-15
POL003656,BRK0008,Commercial Auto,2025-02-27,2026-02-27,12080.08,CANCELLED,2026-08-15
POL001513,BRK0045,Cyber,2025-09-03,2026-09-03,3682.33,CANCELLED,2026-08-15
POL003066,BRK0021,Marine,2025-05-17,2026-05-17,18375.34,LAPSED,2026-08-15
POL002943,BRK0048,Commercial Auto,2026-01-16,2027-01-16,18098.67,RENEWED,2026-08-15
POL004687,BRK0042,Property,2025-04-09,2026-04-09,2217.12,LAPSED,2026-08-15
POL001387,BRK0048,Cyber,2025-02-26,N/A,20409.24,ACTIVE,2026-08-15
POL000987,BRK0022,General Liability,2025-11-29,2026-11-29,16725.79,CANCELLED,2026-08-15
POL002097,BRK0029,Cyber,2025-03-27,2026-03-27,11501.11,LAPSED,2026-08-15
POL003296,BRK0017,Marine,2026-04-17,2027-04-17,10622.61,RENEWED,2026-08-15
POL002176,BRK0026,General Liability,0000-00-00,2027-04-07,6720.46,RENEWED,2026-08-15
POL000110,BRK0002,Cyber,2025-04-27,2026-04-27,5923.5,ACTIVE,2026-08-15
POL002245,BRK0032,General Liability,2024-06-30,2025-06-30,5991.2,RENEWED,2026-08-15
POL003432,BRK0037,Cyber,2024-08-26,2025-08-26,18221.53,CANCELLED,2026-08-15
POL004620,BRK0047,Cyber,2024-04-21,2025-04-21,17865.65,LAPSED,2026-08-15
POL004736,BRK0047,Property,2024-09-05,2025-09-05,17395.32,LAPSED,2026-08-15
POL002883,BRK0036,Property,2024-05-02,2025-05-02,5499.8,LAPSED,2026-08-15
POL000250,BRK0001,Commercial Auto,2026-05-04,2027-05-04,10891.14,RENEWED,2026-08-15
POL003232,BRK0049,Cyber,2025-08-06,2026-08-06,17724.46,ACTIVE,2026-08-15
POL002503,BRK0038,Marine,2026-01-01,2027-01-01,10208.0,ACTIVE,2026-08-15
POL004902,BRK0005,Property,2026-05-07,N/A,15409.26,CANCELLED,2026-08-15
POL003864,BRK0040,Marine,2025-10-31,2026-10-31,18404.79,LAPSED,2026-08-15
POL003444,BRK0039,General Liability,2025-12-15,2026-12-15,2726.1,RENEWED,2026-08-15
POL000876,BRK0001,Marine,2025-02-01,2026-02-01,23439.9,LAPSED,2026-08-15
POL001070,BRK0001,Marine,N/A,2025-06-26,2117.4,CANCELLED,2026-08-15
POL003037,BRK0041,Property,2025-10-17,2026-10-17,15179.54,CANCELLED,2026-08-15
POL002772,BRK0049,General Liability,2025-03-21,2026-03-21,3962.99,CANCELLED,2026-08-15
POL000094,BRK0048,Commercial Auto,2024-08-20,2025-08-20,20143.06,RENEWED,2026-08-15
POL001423,BRK0033,Cyber,2024-05-15,2025-05-15,10356.78,LAPSED,2026-08-15
POL004043,BRK0050,property,2026-05-30,2027-05-30,8961.56,CANCELLED,2026-08-15
POL000020,BRK0022,General Liability,2025-02-12,2026-02-12,16216.3,RENEWED,2026-08-15
POL001045,BRK0041,Cyber,2025-08-04,2026-08-04,9842.3,RENEWED,2026-08-15
POL000752,BRK0022,Commercial Auto,2024-02-07,2025-02-06,5686.12,RENEWED,2026-08-15
POL003326,BRK0020,Cyber,2026-05-11,2027-05-11,19459.76,ACTIVE,2026-08-15
POL001147,BRK0035,Cyber,2025-09-12,2026-09-12,6308.96,LAPSED,2026-08-15
POL001303,BRK0019,Property,2025-04-17,2026-04-17,22991.84,ACTIVE,2026-08-15
POL002793,BRK0024,Property,2024-02-03,2025-02-02,692.66,LAPSED,2026-08-15
POL002995,BRK0038,Cyber,2025-09-11,2026-09-11,12340.15,CANCELLED,2026-08-15
POL002619,BRK0040,Cyber,2024-02-23,2025-02-22,3248.06,CANCELLED,2026-08-15
POL003040,BRK0002,Marine,2025-09-17,2026-09-17,2861.04,RENEWED,2026-08-15
POL003164,BRK0006,Commercial Auto,2024-10-23,2025-10-23,7827.31,LAPSED,2026-08-15
POL000393,BRK0023,General Liability,2024-08-31,2025-08-31,17869.66,CANCELLED,2026-08-15
POL000377,BRK0019,Marine,2025-10-24,2026-10-24,7354.51,LAPSED,2026-08-15
POL003978,BRK0002,General Liability,2025-06-14,2026-06-14,17810.55,RENEWED,2026-08-15
POL000759,BRK0024,Cyber,2025-12-14,2026-12-14,3767.59,RENEWED,2026-08-15
POL004048,BRK0050,Marine,2025-07-01,2026-07-01,13390.25,LAPSED,2026-08-15
POL002470,BRK0035,Cyber,2025-04-18,2026-04-18,12367.6,RENEWED,2026-08-15
POL002319,BRK0040,  Marine ,31/12/2025,2027-03-01,11032.46,LAPSED,2026-08-15
POL003622,BRK0014,Cyber,2024-02-29,2025-02-28,16601.27,CANCELLED,2026-08-15
POL003638,BRK0001,Property,2025-02-15,2026-02-15,19039.92,RENEWED,2026-08-15
POL000961,BRK0027,Property,2026-01-19,2027-01-19,3592.32,RENEWED,2026-08-15
POL001406,BRK0018,General Liability,2026-02-23,2027-02-23,4099.09,ACTIVE,2026-08-15
POL003465,BRK0002,Marine,2025-04-12,2026-04-12,16240.71,RENEWED,2026-08-15
POL001557,BRK0048,Cyber,2024-01-24,2025-01-23,21654.24,LAPSED,2026-08-15
POL004596,BRK0017,Commercial Auto,2025-04-04,2026-04-04,21986.82,RENEWED,2026-08-15
POL000504,BRK0044,General Liability,2024-10-23,2025-10-23,9844.63,ACTIVE,2026-08-15
POL000191,BRK0032,Commercial Auto,2024-08-30,2025-08-30,24583.79,LAPSED,2026-08-15
POL004809,BRK0016,Property,2024-02-19,2025-02-18,1998.31,CANCELLED,2026-08-15
POL000445,BRK0015,Property,2024-01-20,2025-01-19,14947.47,LAPSED,2026-08-15
POL000284,BRK0007,Marine,2024-02-24,2025-02-23,15539.7,RENEWED,2026-08-15
POL000731,BRK0048,Cyber,2025-05-02,2026-05-02,6934.32,RENEWED,2026-08-15
POL003873,BRK0009,Property,2026-04-26,2027-04-26,17711.7,CANCELLED,2026-08-15
POL004869,BRK0047,Cyber,2024-06-12,2025-06-12,4646.58,ACTIVE,2026-08-15
POL001990,BRK0028,Commercial Auto,2024-10-07,2025-10-07,19644.13,ACTIVE,2026-08-15
POL002550,BRK0028,Property,2025-09-02,2026-09-02,3952.28,RENEWED,2026-08-15
POL002096,BRK0027,property,2025-10-19,2026-10-19,913.09,ACTIVE,2026-08-15
POL003292,BRK0005,Marine,2024-02-14,2025-02-13,1252.89,ACTIVE,2026-08-15
POL003075,BRK0050,General Liability,2026-04-03,2027-04-03,24420.0,CANCELLED,2026-08-15
POL003484,BRK0015,Commercial Auto,2025-04-04,2026-04-04,11794.11,RENEWED,2026-08-15
POL001189,BRK0038,Marine,2024-08-03,2025-08-03,15244.96,ACTIVE,2026-08-15
POL000775,BRK0030,general liability,2026-05-07,2027-05-07,8518.75,LAPSED,2026-08-15
POL002650,BRK0010,Marine,2024-09-27,2025-09-27,12973.2,ACTIVE,2026-08-15
POL002846,BRK0038,Property,,2025-03-29,1021.06,LAPSED,2026-08-15
POL000164,BRK0034,Commercial Auto,2025-12-29,2026-12-29,22680.0,LAPSED,2026-08-15
POL001631,BRK0035,Marine,2026-05-26,2027-05-26,8130.06,RENEWED,2026-08-15
POL003797,BRK0030,Commercial Auto,2025-04-11,2026-04-11,19247.87,LAPSED,2026-08-15
POL002683,BRK0018,General Liability,2025-08-20,2026-08-20,22140.9,RENEWED,2026-08-15
POL004108,BRK0011,General Liability,2024-12-19,,24977.82,RENEWED,2026-08-15
POL003449,BRK0025,General Liability,2024-11-21,2025-11-21,24756.88,ACTIVE,2026-08-15
POL004203,BRK0038,General Liability,2024-05-30,2025-05-30,3170.57,CANCELLED,2026-08-15
POL000341,BRK0028,General Liability,2024-12-25,2025-12-25,6580.09,CANCELLED,2026-08-15
POL004862,BRK0012,CYBER,2025-05-06,2026-05-06,8496.05,CANCELLED,2026-08-15
POL000940,BRK0036,Commercial Auto,2026-04-23,2027-04-23,6353.95,RENEWED,2026-08-15
POL001114,BRK0032,Commercial Auto,2024-05-10,2025-05-10,21932.25,LAPSED,2026-08-15
POL001538,BRK0040,Cyber,2024-11-06,2025-11-06,1696.36,RENEWED,2026-08-15
POL004029,BRK0032,Property,2024-07-09,2025-07-09,4193.06,LAPSED,2026-08-15
POL002181,BRK0024,Marine,2024-05-17,2025-05-17,5116.79,ACTIVE,2026-08-15
POL004182,BRK0017,Marine,2024-09-16,2025-09-16,17448.9,RENEWED,2026-08-15
POL002476,BRK0023,Marine,2026-03-04,2027-03-04,17888.56,LAPSED,2026-08-15
POL001184,BRK0022,Marine,2024-08-15,2025-08-15,7955.1,CANCELLED,2026-08-15
POL001501,BRK0018,Property,2024-07-01,2025-07-01,7183.59,LAPSED,2026-08-15
POL000604,BRK0045,Marine,2024-01-22,2025-01-21,12389.9,RENEWED,2026-08-15
POL001068,BRK0011,Commercial Auto,2026-01-11,2027-01-11,14270.33,LAPSED,2026-08-15
POL001749,BRK0021,General Liability,2025-10-11,2026-10-11,15268.91,RENEWED,2026-08-15
POL003202,BRK0026,Cyber,2026-01-10,2027-01-10,7746.14,CANCELLED,2026-08-15
POL002447,BRK0039,Cyber,2025-06-18,2026-06-18,17434.15,LAPSED,2026-08-15
POL001475,BRK0045,Property,2024-11-15,2025-11-15,2820.51,RENEWED,2026-08-15
POL000178,BRK0024,Marine,2024-05-07,2025-05-07,10406.87,ACTIVE,2026-08-15
POL002835,BRK0048,Cyber,2026-04-29,2027-04-29,17909.74,RENEWED,2026-08-15
POL000700,BRK0026,Property,2025-01-07,2026-01-07,22118.9,RENEWED,2026-08-15
POL003100,BRK0042,Marine,2026-01-22,2027-01-22,19069.37,LAPSED,2026-08-15
POL004280,BRK0037,Cyber,2026-04-21,2027-04-21,20508.63,ACTIVE,2026-08-15
POL001206,BRK0030,Property,2024-07-04,2025-07-04,23612.2,LAPSED,2026-08-15
POL000585,BRK0041,Cyber,2025-06-20,2026-06-20,20215.34,RENEWED,2026-08-15
POL003098,BRK0026,General Liability,2024-11-07,2025-11-07,9733.91,ACTIVE,2026-08-15
POL000681,BRK0009,Marine,2025-10-23,2026-10-23,22450.25,RENEWED,2026-08-15
POL003849,BRK0049,General Liability,2024-12-27,N/A,661.3,RENEWED,2026-08-15
POL001374,BRK0005,Marine,2026-03-31,2027-03-31,2848.94,RENEWED,2026-08-15
POL003079,BRK0029,Property,2025-11-09,2026-11-09,18704.46,ACTIVE,2026-08-15
POL001457,BRK0025,Marine,2026-04-12,2027-04-12,2580.46,ACTIVE,2026-08-15
POL003297,BRK0019,Property,2026-05-23,2027-05-23,24132.09,ACTIVE,2026-08-15
POL001137,BRK0045,Commercial Auto,2026-03-05,2027-03-05,7242.79,RENEWED,2026-08-15
POL000049,BRK0046,  Property ,2025-02-10,2026-02-10,17581.23,CANCELLED,2026-08-15
POL002409,BRK0049,Commercial Auto,2025-04-16,2026-04-16,2560.76,RENEWED,2026-08-15
POL004922,BRK0045,Property,2024-07-26,2025-07-26,7901.24,LAPSED,2026-08-15
POL002638,BRK0035,Commercial Auto,2026-04-26,2027-04-26,8411.53,LAPSED,2026-08-15
POL001246,BRK0014,Cyber,2024-09-01,2025-09-01,24862.91,ACTIVE,2026-08-15
POL002020,BRK0034,Property,2024-02-24,2025-02-23,22746.03,ACTIVE,2026-08-15
POL000303,BRK0022,Marine,2026-02-09,2027-02-09,18797.9,LAPSED,2026-08-15
POL001597,BRK0033,Marine,2025-09-24,2026-09-24,8474.33,RENEWED,2026-08-15
POL001974,BRK0046,Cyber,2026-04-11,2027-04-11,28229.04,RENEWED,2026-08-15
POL004825,BRK0030,Commercial Auto,2025-04-09,2026-04-09,13502.68,ACTIVE,2026-08-15
POL003734,BRK0017,Commercial Auto,2025-09-17,2026-09-17,17454.16,CANCELLED,2026-08-15
POL001677,BRK0015,Marine,2024-09-08,N/A,24132.47,RENEWED,2026-08-15
POL000686,BRK0027,Commercial Auto,2024-10-05,2025-10-05,23792.81,LAPSED,2026-08-15
POL000515,BRK0036,Commercial Auto,2025-05-13,2026-05-13,21538.48,LAPSED,2026-08-15
POL003462,BRK0030,Commercial Auto,2024-09-21,31/12/2025,20055.16,CANCELLED,2026-08-15
POL003053,BRK0018,Cyber,2024-11-19,2025-11-19,14709.08,LAPSED,2026-08-15
POL004472,BRK0019,Marine,2024-05-28,2025-05-28,11090.38,CANCELLED,2026-08-15
POL003551,BRK0001,Cyber,2025-05-20,2026-05-20,20459.97,RENEWED,2026-08-15
POL001851,BRK0017,  Marine ,2025-07-24,2026-07-24,14211.83,LAPSED,2026-08-15
POL001738,BRK0028,Property,2025-06-13,2026-06-13,14401.13,LAPSED,2026-08-15
POL001790,BRK0025,Marine,2024-09-11,2025-09-11,5503.88,CANCELLED,2026-08-15
POL004371,BRK0050,Marine,2025-08-17,2026-08-17,3430.88,CANCELLED,2026-08-15
POL000653,BRK0011,Property,2024-05-20,2025-05-20,23173.16,RENEWED,2026-08-15
POL001807,BRK0012,COMMERCIAL AUTO,2024-07-28,2025-07-28,5403.49,CANCELLED,2026-08-15
POL004629,BRK0022,General Liability,2024-11-14,2025-11-14,7544.19,RENEWED,2026-08-15
POL004734,BRK0042,Marine,2024-01-25,2025-01-24,8823.69,LAPSED,2026-08-15
POL003413,BRK0044,Marine,2024-12-08,2025-12-08,13255.67,CANCELLED,2026-08-15
POL000650,BRK0029,General Liability,2024-11-06,2025-11-06,1141.86,CANCELLED,2026-08-15
POL001156,BRK0034,General Liability,2024-04-07,2025-04-07,17798.97,ACTIVE,2026-08-15
POL004918,BRK0028,General Liability,2025-04-15,2026-04-15,9522.6,RENEWED,2026-08-15
POL003495,BRK0028,Commercial Auto,2025-02-25,2026-02-25,830.23,ACTIVE,2026-08-15
POL003791,BRK0049,Marine,2025-03-12,2026-03-12,14134.77,CANCELLED,2026-08-15
POL003064,BRK0036,Cyber,2025-01-31,2026-01-31,13028.83,RENEWED,2026-08-15
POL001455,BRK0003,Commercial Auto,2024-01-14,2025-01-13,19887.91,ACTIVE,2026-08-15
POL000923,BRK0044,Marine,2025-12-08,2026-12-08,5174.65,ACTIVE,2026-08-15
POL001386,BRK0013,General Liability,2024-12-26,2025-12-26,14921.13,LAPSED,2026-08-15
POL001577,BRK0033,Commercial Auto,2024-12-03,2025-12-03,13674.36,ACTIVE,2026-08-15
POL000846,BRK0028,Property,2025-05-18,2026-05-18,14436.95,RENEWED,2026-08-15
POL000220,BRK0035,General Liability,2025-04-15,2026-04-15,17178.27,CANCELLED,2026-08-15
POL003451,BRK0012,Property,2025-09-06,2026-09-06,3415.6,CANCELLED,2026-08-15
POL003901,BRK0012,Property,2026-01-15,2027-01-15,20623.36,RENEWED,2026-08-15
POL004257,BRK0013,Marine,2026-02-18,2027-02-18,1899.8,RENEWED,2026-08-15
POL003684,BRK0009,commercial auto,2025-09-26,2026-09-26,11928.45,ACTIVE,2026-08-15
POL001450,BRK0032,Property,2024-10-01,2025-10-01,10540.38,LAPSED,2026-08-15
POL004689,BRK0012,Cyber,2024-06-07,2025-06-07,5407.74,LAPSED,2026-08-15
POL001217,BRK0010,Property,2025-09-11,2026-09-11,12923.37,CANCELLED,2026-08-15
POL000378,BRK0013,Cyber,2025-03-05,2026-03-05,966.62,CANCELLED,2026-08-15
POL002466,BRK0047,Marine,2025-08-13,2026-08-13,13904.48,CANCELLED,2026-08-15
POL001772,BRK0030,Marine,2025-04-19,2026-04-19,23766.04,LAPSED,2026-08-15
POL000315,BRK0010,Cyber,2025-12-11,2026-12-11,10864.45,RENEWED,2026-08-15
POL003325,BRK0023,Marine,2025-08-27,2026-08-27,2466.83,ACTIVE,2026-08-15
POL000912,BRK0013,Marine,2025-06-08,2026-06-08,15208.35,ACTIVE,2026-08-15
POL004204,BRK0042,Commercial Auto,2025-12-16,2026-12-16,23192.83,RENEWED,2026-08-15
POL002025,BRK0001,Commercial Auto,2026-02-22,2027-02-22,18215.71,ACTIVE,2026-08-15
POL001142,BRK0038,Cyber,2025-06-15,2026-06-15,18948.21,ACTIVE,2026-08-15
POL002755,BRK0033,  Commercial Auto ,2025-04-21,2026-04-21,5339.69,LAPSED,2026-08-15
POL002884,BRK0006,Marine,2025-04-19,2026-04-19,20647.78,CANCELLED,2026-08-15
POL003095,BRK0014,Marine,2024-03-15,2025-03-15,14052.57,RENEWED,2026-08-15
POL003346,BRK0018,Marine,2025-06-28,2026-13-45,5328.31,LAPSED,2026-08-15
POL003907,BRK0024,Cyber,2026-03-22,2027-03-22,19266.3,ACTIVE,2026-08-15
POL001379,BRK0027,General Liability,2024-12-12,2025-12-12,5913.22,RENEWED,2026-08-15
POL001612,BRK0010,General Liability,2025-03-13,2026-03-13,13542.92,LAPSED,2026-08-15
POL003284,BRK0007,Cyber,2025-04-25,2026-04-25,23399.55,RENEWED,2026-08-15
POL003646,BRK0037,general liability,2024-02-28,2025-02-27,617.91,ACTIVE,2026-08-15
POL003477,BRK0025,Property,2025-11-18,,1032.52,ACTIVE,2026-08-15
POL001153,BRK0008,Cyber,2024-10-03,2025-10-03,16184.35,CANCELLED,2026-08-15
POL001336,BRK0020,  Property ,2024-10-09,2025-10-09,3512.55,RENEWED,2026-08-15
POL000655,BRK0021,Marine,2025-12-05,2026-12-05,15394.28,RENEWED,2026-08-15
POL002359,BRK0041,Commercial Auto,2024-06-21,2025-06-21,8220.61,CANCELLED,2026-08-15
POL000625,BRK0042,  General Liability ,2025-09-01,2026-09-01,25542.84,CANCELLED,2026-08-15
POL003539,BRK0012,general liability,2026-03-21,2027-03-21,6801.31,CANCELLED,2026-08-15
POL000656,BRK0021,Marine,2026-01-07,2027-01-07,13368.15,ACTIVE,2026-08-15
POL001436,BRK0028,Marine,2025-03-31,2026-03-31,18425.03,ACTIVE,2026-08-15
POL002771,BRK0043,Cyber,2026-02-19,2027-02-19,4260.95,CANCELLED,2026-08-15
POL000715,BRK0019,Property,2024-06-06,2026-13-45,16619.2,LAPSED,2026-08-15
POL003821,BRK0020,Marine,2025-06-27,2026-06-27,17321.66,RENEWED,2026-08-15
POL002961,BRK0016,Cyber,2026-01-16,2027-01-16,9993.41,RENEWED,2026-08-15
POL002282,BRK0046,Marine,2025-05-07,2026-05-07,4735.78,CANCELLED,2026-08-15
POL001208,BRK0010,Commercial Auto,2024-03-12,2025-03-12,10361.36,LAPSED,2026-08-15
POL002759,BRK0048,Property,2025-12-14,2026-12-14,10461.02,CANCELLED,2026-08-15
POL001862,BRK0031,Cyber,2024-11-11,2025-11-11,16962.72,CANCELLED,2026-08-15
POL004907,BRK0031,Cyber,2024-03-20,2025-03-20,10446.8,RENEWED,2026-08-15
POL001572,BRK0033,Cyber,2026-01-08,2027-01-08,8418.04,RENEWED,2026-08-15
POL000152,BRK0034,Cyber,2025-06-20,2026-06-20,10514.85,CANCELLED,2026-08-15
POL001487,BRK0040,Cyber,2024-08-06,2025-08-06,9780.08,RENEWED,2026-08-15
POL000101,BRK0043,Marine,2024-01-23,2025-01-22,19541.05,ACTIVE,2026-08-15
POL001805,BRK0036,General Liability,2024-09-29,2025-09-29,16727.17,ACTIVE,2026-08-15
POL004370,BRK0003,General Liability,2024-02-14,2025-02-13,9064.51,CANCELLED,2026-08-15
POL004296,BRK0033,Commercial Auto,2024-07-08,2025-07-08,14074.99,LAPSED,2026-08-15
POL001560,BRK0012,Marine,2026-03-26,2027-03-26,8615.85,LAPSED,2026-08-15
POL004141,BRK0029,Property,2026-02-04,2027-02-04,9910.68,RENEWED,2026-08-15
POL000216,BRK0031,Property,2025-08-20,2026-08-20,9077.49,LAPSED,2026-08-15
POL000355,BRK0048,CYBER,2024-08-21,2025-08-21,9883.0,LAPSED,2026-08-15
POL004562,BRK0045,General Liability,2025-09-11,2026-09-11,12923.31,ACTIVE,2026-08-15
POL003091,BRK0047,Cyber,2025-08-11,2026-08-11,22321.95,RENEWED,2026-08-15
POL004252,BRK0019,Property,2024-11-11,2025-11-11,15652.63,ACTIVE,2026-08-15
POL000843,BRK0019,Marine,2024-07-25,2025-07-25,21561.97,ACTIVE,2026-08-15
POL003566,BRK0041,Property,2025-10-29,2026-10-29,7953.58,CANCELLED,2026-08-15
POL003048,BRK0006,Cyber,2025-01-15,2026-01-15,13751.62,LAPSED,2026-08-15
POL000129,BRK0039,General Liability,2024-10-21,2025-10-21,16590.04,LAPSED,2026-08-15
POL003827,BRK0027,General Liability,2024-07-13,2025-07-13,6349.03,LAPSED,2026-08-15
POL004289,BRK0013,Marine,2024-05-10,2025-05-10,13262.47,CANCELLED,2026-08-15
POL002719,BRK0037,MARINE,2024-05-10,2025-05-10,6988.02,LAPSED,2026-08-15
POL002441,BRK0030,Property,2024-11-23,2025-11-23,24207.66,ACTIVE,2026-08-15
POL000571,BRK0032,General Liability,2026-03-15,2027-03-15,2924.88,LAPSED,2026-08-15
POL000383,BRK0025,General Liability,2025-08-12,2026-08-12,6295.5,CANCELLED,2026-08-15
POL000464,BRK0011,Cyber,2025-10-20,2026-10-20,2334.2,RENEWED,2026-08-15
POL003381,BRK0034,Property,2026-01-30,2027-01-30,5945.61,RENEWED,2026-08-15
POL001353,BRK0041,General Liability,2024-11-04,2025-11-04,15779.77,LAPSED,2026-08-15
POL004999,BRK0011,General Liability,2025-10-26,2026-10-26,22040.05,ACTIVE,2026-08-15
POL003982,BRK0035,Property,2025-05-18,2026-05-18,1587.41,CANCELLED,2026-08-15
POL001944,BRK0001,General Liability,2026-02-28,2027-02-28,567.06,RENEWED,2026-08-15
POL003496,BRK0030,Commercial Auto,2024-09-23,2025-09-23,1968.29,LAPSED,2026-08-15
POL004024,BRK0043,Property,2026-01-05,2027-01-05,2474.99,ACTIVE,2026-08-15
POL000794,BRK0037,Property,2024-11-07,2025-11-07,6056.16,CANCELLED,2026-08-15
POL004271,BRK0015,Cyber,2024-11-18,2025-11-18,20215.87,CANCELLED,2026-08-15
POL000787,BRK0024,General Liability,2024-03-05,2025-03-05,12019.01,CANCELLED,2026-08-15
POL004645,BRK0046,Property,2025-03-07,2026-03-07,23428.54,CANCELLED,2026-08-15
POL002196,BRK0019,Property,2026-02-21,2027-02-21,17234.52,LAPSED,2026-08-15
POL000319,BRK0049,Property,2026-03-25,2027-03-25,4621.12,RENEWED,2026-08-15
POL003298,BRK0009,Marine,2025-12-10,2026-12-10,8104.26,CANCELLED,2026-08-15
POL002426,BRK0040,General Liability,2026-05-08,2027-05-08,10277.97,LAPSED,2026-08-15
POL000713,BRK0028,Cyber,2024-08-28,2025-08-28,9848.34,LAPSED,2026-08-15
POL004389,BRK0050,Commercial Auto,2026-05-26,2027-05-26,19586.92,ACTIVE,2026-08-15
POL000723,BRK0023,General Liability,2025-03-07,2026-03-07,18860.92,CANCELLED,2026-08-15
POL003793,BRK0022,General Liability,2025-10-21,2026-10-21,10206.04,RENEWED,2026-08-15
POL000195,BRK0008,Cyber,2026-05-01,2027-05-01,17878.64,CANCELLED,2026-08-15
POL003527,BRK0010,Commercial Auto,2024-12-15,2025-12-15,25525.93,LAPSED,2026-08-15
POL004994,BRK0033,Cyber,2025-12-02,2026-12-02,18113.27,ACTIVE,2026-08-15
POL001591,BRK0026,Property,2026-02-23,2027-02-23,25529.17,ACTIVE,2026-08-15
POL003547,BRK0034,Cyber,2026-05-27,2027-05-27,13747.01,CANCELLED,2026-08-15
POL004144,BRK0013,Marine,2025-09-05,2026-09-05,19393.51,CANCELLED,2026-08-15
POL004279,BRK0028,Commercial Auto,2026-06-03,2027-06-03,22634.01,LAPSED,2026-08-15
POL001500,BRK0044,Property,2024-11-11,2025-11-11,9793.11,CANCELLED,2026-08-15
POL003727,BRK0016,Property,2024-02-26,2025-02-25,1680.84,LAPSED,2026-08-15
POL003285,BRK0025,General Liability,2024-04-20,2025-04-20,10364.58,RENEWED,2026-08-15
POL004873,BRK0009,Cyber,2026-05-27,2027-05-27,7764.31,CANCELLED,2026-08-15
POL002240,BRK0013,Marine,2026-05-12,2027-05-12,19232.93,ACTIVE,2026-08-15
POL004223,BRK0015,Property,2024-08-20,2025-08-20,4533.38,RENEWED,2026-08-15
POL003052,BRK0011,Property,2024-06-04,2025-06-04,17856.52,RENEWED,2026-08-15
POL000374,BRK0009,Commercial Auto,2026-04-08,2027-04-08,1546.06,RENEWED,2026-08-15
POL003253,BRK0004,Cyber,2024-01-28,2025-01-27,20519.12,LAPSED,2026-08-15
POL004408,BRK0026,Property,2025-12-07,2026-12-07,16874.02,RENEWED,2026-08-15
POL002617,BRK0038,Marine,2024-06-15,2025-06-15,5642.55,RENEWED,2026-08-15
POL003980,BRK0035,Marine,2024-03-10,2025-03-10,21869.02,CANCELLED,2026-08-15
POL004948,BRK0011,Cyber,2024-06-04,2025-06-04,640.95,RENEWED,2026-08-15
POL003269,BRK0013,Property,2025-11-10,2026-11-10,8360.77,ACTIVE,2026-08-15
POL003513,BRK0011,Commercial Auto,2025-10-15,2026-10-15,15754.14,ACTIVE,2026-08-15
POL001107,BRK0043,Marine,2025-01-04,2026-01-04,8591.25,ACTIVE,2026-08-15
POL004855,BRK0048,Property,N/A,2025-08-10,13332.14,RENEWED,2026-08-15
POL000970,BRK0002,Cyber,2025-12-25,2026-12-25,18566.2,LAPSED,2026-08-15
POL002634,BRK0041,General Liability,2024-04-01,2025-04-01,18186.85,ACTIVE,2026-08-15
POL004215,BRK0031,property,2025-06-07,2026-06-07,9802.43,RENEWED,2026-08-15
POL001945,BRK0033,Property,2026-03-01,2027-03-01,18545.36,CANCELLED,2026-08-15
POL004038,BRK0024,marine,2025-08-29,2026-08-29,12131.36,RENEWED,2026-08-15
POL003815,BRK0046,Property,2025-09-05,2026-09-05,24563.63,RENEWED,2026-08-15
POL003190,BRK0040,General Liability,2024-03-20,2025-03-20,19143.29,ACTIVE,2026-08-15
POL002399,BRK0001,Property,2025-12-18,2026-12-18,16034.07,ACTIVE,2026-08-15
POL004460,BRK0043,Marine,2024-09-10,2025-09-10,23815.33,RENEWED,2026-08-15
POL002558,BRK0046,Commercial Auto,2025-07-17,2026-07-17,10739.28,LAPSED,2026-08-15
POL003863,BRK0001,Cyber,2025-06-12,2026-06-12,8287.35,ACTIVE,2026-08-15
POL004777,BRK0038,Commercial Auto,2024-12-24,2025-12-24,4014.33,LAPSED,2026-08-15
POL003367,BRK0015,Cyber,2024-10-14,2025-10-14,12801.0,ACTIVE,2026-08-15
POL003162,BRK0032,Commercial Auto,2026-03-20,2027-03-20,14782.69,CANCELLED,2026-08-15
POL001767,BRK0001,General Liability,2025-06-27,2026-06-27,12601.11,ACTIVE,2026-08-15
POL000159,BRK0050,Cyber,2026-06-16,2027-06-16,20867.95,LAPSED,2026-08-15
POL000276,BRK0030,Cyber,2025-02-19,2026-02-19,20787.52,ACTIVE,2026-08-15
POL004310,BRK0038,Cyber,2024-07-28,2025-07-28,8572.95,CANCELLED,2026-08-15
POL000755,BRK0041,Commercial Auto,2024-06-25,2025-06-25,15475.03,ACTIVE,2026-08-15
POL003014,BRK0013,Cyber,2024-05-20,2025-05-20,12693.84,LAPSED,2026-08-15
POL003862,BRK0042,Commercial Auto,2026-01-16,2027-01-16,10615.42,LAPSED,2026-08-15
POL002782,BRK0004,Marine,2025-09-13,2026-09-13,13166.81,RENEWED,2026-08-15
POL001128,BRK0032,Marine,2026-05-27,2027-05-27,4400.23,ACTIVE,2026-08-15
POL003187,BRK0028,General Liability,2026-03-21,2027-03-21,23934.31,ACTIVE,2026-08-15
POL000798,BRK0046,Commercial Auto,2025-07-29,2026-07-29,11486.51,LAPSED,2026-08-15
POL001821,BRK0045,Marine,2025-07-26,2026-07-26,7519.67,ACTIVE,2026-08-15
POL001036,BRK0018,Property,2026-03-15,2027-03-15,6641.41,RENEWED,2026-08-15
POL000960,BRK0017,Cyber,2026-06-11,2027-06-11,23310.37,RENEWED,2026-08-15
POL000485,BRK0042,Cyber,2026-01-30,2027-01-30,17555.15,ACTIVE,2026-08-15
POL003194,BRK0036,Cyber,2025-04-20,2026-04-20,20685.73,RENEWED,2026-08-15
POL003585,BRK0020,Property,2025-10-15,2026-10-15,12752.82,LAPSED,2026-08-15
POL003824,BRK0047,MARINE,2024-11-20,2025-11-20,24787.22,LAPSED,2026-08-15
POL001180,BRK0018,Commercial Auto,2024-09-12,2025-09-12,20604.93,LAPSED,2026-08-15
POL004545,BRK0012,Property,2024-02-02,2025-02-01,6134.75,CANCELLED,2026-08-15
POL002432,BRK0035,Commercial Auto,2024-01-31,2025-01-30,4591.8,ACTIVE,2026-08-15
POL002262,BRK0007,Property,2025-06-13,2026-06-13,15851.46,CANCELLED,2026-08-15
POL003051,BRK0010,Property,2026-01-12,2027-01-12,23673.08,ACTIVE,2026-08-15
POL000432,BRK0035,Marine,2025-12-03,2026-12-03,21212.77,LAPSED,2026-08-15
POL000396,BRK0035,Marine,2024-12-25,2025-12-25,16448.75,LAPSED,2026-08-15
POL000874,BRK0048,Commercial Auto,2026-05-11,2027-05-11,13152.69,LAPSED,2026-08-15
POL000462,BRK0022,Cyber,2025-11-16,2026-11-16,16711.97,LAPSED,2026-08-15
POL002936,BRK0031,Property,2025-06-12,2026-06-12,5004.29,CANCELLED,2026-08-15
POL003324,BRK0025,General Liability,2026-03-10,2027-03-10,23858.24,LAPSED,2026-08-15
POL003492,BRK0003,Commercial Auto,2026-03-18,2027-03-18,10521.51,RENEWED,2026-08-15
POL000875,BRK0045,General Liability,2025-10-16,2026-10-16,6291.36,RENEWED,2026-08-15
POL002924,BRK0037,Marine,2025-06-12,2026-06-12,12016.89,ACTIVE,2026-08-15
POL004039,BRK0004,Marine,2024-12-19,2025-12-19,17833.41,RENEWED,2026-08-15
POL003798,BRK0031,General Liability,2025-10-31,2026-10-31,5448.73,ACTIVE,2026-08-15
POL000738,BRK0041,Commercial Auto,2025-09-05,2026-09-05,3682.73,LAPSED,2026-08-15
POL000699,BRK0020,Marine,2025-04-11,2026-04-11,22444.67,CANCELLED,2026-08-15
POL004906,BRK0023,General Liability,2024-05-05,2025-05-05,5969.94,ACTIVE,2026-08-15
POL001175,BRK0048,General Liability,2025-03-07,2026-03-07,12242.73,CANCELLED,2026-08-15
POL002914,BRK0032,Property,2025-08-03,2026-08-03,15318.39,RENEWED,2026-08-15
POL000632,BRK0050,Marine,2024-09-29,2025-09-29,16070.92,ACTIVE,2026-08-15
POL003145,BRK0045,General Liability,2025-02-01,2026-02-01,4885.78,CANCELLED,2026-08-15
POL003610,BRK0031,Cyber,2024-11-17,2025-11-17,23792.0,CANCELLED,2026-08-15
POL000306,BRK0020,General Liability,2024-12-22,2025-12-22,12165.98,RENEWED,2026-08-15
POL001446,BRK0016,Marine,2024-11-29,2025-11-29,3281.64,RENEWED,2026-08-15
POL002949,BRK0029,Cyber,2025-11-06,2026-11-06,15397.97,CANCELLED,2026-08-15
POL004618,BRK0033,Marine,2026-05-03,2027-05-03,13710.74,RENEWED,2026-08-15
POL002302,BRK0045,cyber,2026-02-21,2027-02-21,21019.01,ACTIVE,2026-08-15
POL004711,BRK0016,Marine,2024-07-18,2025-07-18,7631.68,ACTIVE,2026-08-15
POL003857,BRK0008,Marine,2025-08-11,2026-08-11,1238.33,ACTIVE,2026-08-15
POL001468,BRK0042,Property,2024-11-16,2025-11-16,21537.0,ACTIVE,2026-08-15
POL004742,BRK0017,Commercial Auto,2024-06-16,2025-06-16,16050.64,ACTIVE,2026-08-15
POL000914,BRK0044,Property,2025-04-19,2026-04-19,13418.33,ACTIVE,2026-08-15
POL002485,BRK0026,General Liability,2025-09-18,2026-09-18,7814.16,CANCELLED,2026-08-15
POL001201,BRK0046,Cyber,2024-03-26,2025-03-26,7724.94,ACTIVE,2026-08-15
POL000409,BRK0049,Marine,2024-05-03,2025-05-03,20307.29,LAPSED,2026-08-15
POL000640,BRK0019,Marine,2024-01-20,2025-01-19,2940.29,CANCELLED,2026-08-15
POL003537,BRK0046,Commercial Auto,2024-07-09,2025-07-09,20169.62,ACTIVE,2026-08-15
POL004062,BRK0048,Marine,2024-06-28,2025-06-28,6759.46,LAPSED,2026-08-15
POL002997,BRK0028,Cyber,2024-11-27,2025-11-27,24005.26,ACTIVE,2026-08-15
POL001369,BRK0041,Commercial Auto,2025-09-13,2026-09-13,9751.91,LAPSED,2026-08-15
POL000685,BRK0039,Commercial Auto,2024-07-10,2025-07-10,8205.24,ACTIVE,2026-08-15
POL001109,BRK0049,Property,2025-12-17,2026-12-17,12142.39,RENEWED,2026-08-15
POL000974,BRK0002,General Liability,2025-05-18,2026-05-18,8275.87,CANCELLED,2026-08-15
POL003981,BRK0013,Commercial Auto,2025-03-04,2026-03-04,5637.82,ACTIVE,2026-08-15
POL000233,BRK0008,General Liability,2026-04-08,2027-04-08,5061.88,CANCELLED,2026-08-15
POL001959,BRK0043,Cyber,2025-05-07,2026-05-07,9154.38,RENEWED,2026-08-15
POL004119,BRK0024,Marine,2024-05-10,2026-13-45,5868.45,ACTIVE,2026-08-15
POL003934,BRK0042,Marine,2025-12-25,N/A,21709.32,ACTIVE,2026-08-15
POL002085,BRK0037,Cyber,2025-12-12,2026-12-12,19709.86,RENEWED,2026-08-15
POL002505,BRK0042,Commercial Auto,2024-06-05,2025-06-05,7508.14,RENEWED,2026-08-15
POL001399,BRK0047,Commercial Auto,2026-03-12,2027-03-12,23345.58,CANCELLED,2026-08-15
POL004416,BRK0024,Cyber,2024-07-12,2025-07-12,18309.99,CANCELLED,2026-08-15
POL000032,BRK0050,Commercial Auto,2026-02-07,2027-02-07,17549.84,RENEWED,2026-08-15
POL001863,BRK0022,Commercial Auto,2025-04-25,2026-04-25,15600.98,ACTIVE,2026-08-15
POL002404,BRK0050,Commercial Auto,2024-05-15,2025-05-15,2696.64,ACTIVE,2026-08-15
POL001096,BRK0013,Marine,2025-06-14,2026-06-14,12762.17,RENEWED,2026-08-15
POL001815,BRK0030,Property,2024-09-26,2025-09-26,19922.68,RENEWED,2026-08-15
POL001579,BRK0045,Marine,2024-08-21,2025-08-21,7298.18,LAPSED,2026-08-15
POL004997,BRK0010,Marine,2024-04-23,2025-04-23,20881.92,LAPSED,2026-08-15
POL000915,BRK0030,marine,2024-10-24,2025-10-24,17265.69,CANCELLED,2026-08-15
POL001843,BRK0034,Marine,2025-12-15,2026-12-15,1475.5,CANCELLED,2026-08-15
POL003765,BRK0027,Marine,2024-10-04,2025-10-04,9301.04,RENEWED,2026-08-15
POL000664,BRK0036,MARINE,2025-01-22,2026-01-22,16658.49,LAPSED,2026-08-15
POL000201,BRK0029,Marine,2024-06-10,2025-06-10,9179.19,CANCELLED,2026-08-15
POL000262,BRK0005,Property,2026-06-13,2027-06-13,5816.9,LAPSED,2026-08-15
POL004781,BRK0024,Commercial Auto,2024-05-24,2025-05-24,15638.22,RENEWED,2026-08-15
POL002270,BRK0001,  Commercial Auto ,2025-05-12,2026-05-12,3829.23,CANCELLED,2026-08-15
POL001216,BRK0005,Cyber,2024-12-31,2025-12-31,2577.71,ACTIVE,2026-08-15
POL002385,BRK0016,Marine,2026-05-13,2027-05-13,22176.24,LAPSED,2026-08-15
POL001518,BRK0030,Property,2026-05-01,2027-05-01,19194.59,LAPSED,2026-08-15
POL001768,BRK0049,  Marine ,2025-09-26,2026-09-26,17025.28,CANCELLED,2026-08-15
POL004731,BRK0005,Commercial Auto,2026-03-09,2027-03-09,8333.36,CANCELLED,2026-08-15
POL004972,BRK0032,Property,2025-04-22,2026-04-22,6939.88,CANCELLED,2026-08-15
POL000104,BRK0007,Commercial Auto,2025-10-05,2026-10-05,18442.81,ACTIVE,2026-08-15
POL001046,BRK0035,Marine,2024-03-06,2025-03-06,11562.62,CANCELLED,2026-08-15
POL003644,BRK0038,Commercial Auto,2025-08-02,2026-08-02,15271.0,ACTIVE,2026-08-15
POL000810,BRK0001,Marine,2024-03-31,2025-03-31,11821.94,LAPSED,2026-08-15
POL003718,BRK0020,Marine,2025-03-18,2026-03-18,7877.1,RENEWED,2026-08-15
POL002325,BRK0001,General Liability,2025-01-24,31/12/2025,9529.32,LAPSED,2026-08-15
POL001537,BRK0017,Commercial Auto,2026-02-03,2027-02-03,5209.16,ACTIVE,2026-08-15
POL001602,BRK0035,General Liability,2025-08-09,2026-08-09,3941.46,ACTIVE,2026-08-15
POL002529,BRK0010,Commercial Auto,2024-06-02,2025-06-02,20367.27,RENEWED,2026-08-15
POL001541,BRK0009,General Liability,2025-11-03,2026-11-03,8294.91,LAPSED,2026-08-15
POL002781,BRK0045,Property,2025-03-03,2026-03-03,11065.32,RENEWED,2026-08-15
POL002615,BRK0033,Commercial Auto,2025-05-09,2026-05-09,10908.97,RENEWED,2026-08-15
POL001643,BRK0029,Marine,2024-11-10,2025-11-10,24306.15,LAPSED,2026-08-15
POL001555,BRK0015,Property,2025-09-25,2026-09-25,14479.33,RENEWED,2026-08-15
POL002091,BRK0049,  Property ,2025-05-04,2026-05-04,10071.49,RENEWED,2026-08-15
POL003373,BRK0042,Property,2025-12-03,2026-12-03,20478.88,LAPSED,2026-08-15
POL000017,BRK0011,Property,2024-08-30,2025-08-30,8638.54,RENEWED,2026-08-15
POL001106,BRK0022,Cyber,2026-02-14,2027-02-14,24986.41,LAPSED,2026-08-15
POL004355,BRK0046,Cyber,2025-05-12,2026-05-12,20706.17,ACTIVE,2026-08-15
POL004492,BRK0020,Marine,2024-12-27,2025-12-27,3906.19,ACTIVE,2026-08-15
POL004071,BRK0049,Commercial Auto,2026-05-26,2027-05-26,13162.52,ACTIVE,2026-08-15
POL000984,BRK0018,Cyber,2025-05-08,2026-05-08,21139.75,LAPSED,2026-08-15
POL001486,BRK0023,property,2025-10-29,2026-10-29,8976.79,RENEWED,2026-08-15
POL002215,BRK0029,Commercial Auto,2025-02-22,2026-02-22,2452.84,ACTIVE,2026-08-15
POL000817,BRK0004,General Liability,2024-06-16,2025-06-16,1693.52,CANCELLED,2026-08-15
POL004646,BRK0028,Cyber,2024-05-20,2025-05-20,14951.44,LAPSED,2026-08-15
POL000765,BRK0008,Property,2024-07-17,2025-07-17,4819.93,ACTIVE,2026-08-15
POL004157,BRK0048,Commercial Auto,2025-11-03,2026-11-03,8781.72,LAPSED,2026-08-15
POL002840,BRK0038,General Liability,2024-07-12,2025-07-12,23671.22,LAPSED,2026-08-15
POL000500,BRK0035,Marine,2024-07-29,2025-07-29,4266.99,RENEWED,2026-08-15
POL000820,BRK0035,Cyber,2024-04-08,2025-04-08,7394.74,RENEWED,2026-08-15
POL003028,BRK0010,Property,2024-01-06,2025-01-05,10932.11,LAPSED,2026-08-15
POL002304,BRK0017,Property,2025-12-28,2026-12-28,16393.09,RENEWED,2026-08-15
POL000718,BRK0032,Property,2025-08-14,2026-08-14,14620.63,ACTIVE,2026-08-15
POL001304,BRK0042,COMMERCIAL AUTO,2024-12-11,2025-12-11,7874.46,CANCELLED,2026-08-15
POL001855,BRK0043,Property,2024-05-29,2025-05-29,12203.37,ACTIVE,2026-08-15
POL003401,BRK0025,Commercial Auto,2025-11-14,2026-11-14,4809.76,RENEWED,2026-08-15
POL001469,BRK0028,Commercial Auto,2024-04-17,2025-04-17,18829.64,LAPSED,2026-08-15
POL002920,BRK0016,Commercial Auto,2025-09-14,2026-09-14,24413.18,ACTIVE,2026-08-15
POL002996,BRK0006,General Liability,2026-06-01,2027-06-01,10030.6,RENEWED,2026-08-15
POL003769,BRK0034,Property,2024-04-14,2025-04-14,8751.95,RENEWED,2026-08-15
POL001550,BRK0011,Marine,2026-06-04,2027-06-04,22561.24,CANCELLED,2026-08-15
POL002798,BRK0038,Property,2024-10-25,2025-10-25,6718.23,CANCELLED,2026-08-15
POL000006,BRK0039,Commercial Auto,2025-08-15,2026-08-15,13308.18,CANCELLED,2026-08-15
POL000795,BRK0050,Commercial Auto,2024-10-22,2025-10-22,15656.44,LAPSED,2026-08-15
POL001305,BRK0023,marine,2026-02-10,2027-02-10,7811.87,RENEWED,2026-08-15
POL003055,BRK0013,Cyber,2024-11-17,2025-11-17,13843.83,ACTIVE,2026-08-15
POL001853,BRK0034,General Liability,N/A,2025-04-25,6470.07,RENEWED,2026-08-15
POL001719,BRK0036,Marine,2024-03-29,2025-03-29,12231.08,ACTIVE,2026-08-15
POL003736,BRK0027,property,2024-10-11,2025-10-11,21211.71,ACTIVE,2026-08-15
POL004011,BRK0021,Marine,2024-03-13,2025-03-13,11835.66,CANCELLED,2026-08-15
POL001923,BRK0037,General Liability,2025-03-05,2026-03-05,23738.04,ACTIVE,2026-08-15
POL001321,BRK0026,Property,2024-07-12,2025-07-12,11426.24,ACTIVE,2026-08-15
POL001936,BRK0016,Marine,2024-08-03,2025-08-03,14898.24,ACTIVE,2026-08-15
POL003520,BRK0004,Cyber,2026-02-20,2027-02-20,8862.7,ACTIVE,2026-08-15
POL000426,BRK0025,General Liability,2025-03-09,2026-03-09,13018.44,CANCELLED,2026-08-15
POL000404,BRK0026,Marine,2026-03-14,2027-03-14,13831.09,LAPSED,2026-08-15
POL003912,BRK0022,Commercial Auto,2025-08-17,2026-08-17,11003.25,RENEWED,2026-08-15
POL001774,BRK0038,Property,2026-13-45,2025-06-03,8764.22,ACTIVE,2026-08-15
POL002831,BRK0012,Commercial Auto,2025-08-27,2026-08-27,11069.84,RENEWED,2026-08-15
POL003957,BRK0019,Commercial Auto,2024-06-24,2025-06-24,1156.83,RENEWED,2026-08-15
POL000564,BRK0035,Commercial Auto,2025-05-04,2026-05-04,4782.61,ACTIVE,2026-08-15
POL002438,BRK0008,General Liability,2024-01-04,2025-01-03,19198.21,CANCELLED,2026-08-15
POL003642,BRK0045,General Liability,2026-03-01,2027-03-01,7954.33,ACTIVE,2026-08-15
POL004386,BRK0031,Commercial Auto,2024-12-04,2025-12-04,21586.81,LAPSED,2026-08-15
POL001198,BRK0015,General Liability,2024-11-06,2025-11-06,1617.51,LAPSED,2026-08-15
POL003730,BRK0010,Property,2024-10-06,2025-10-06,23684.43,RENEWED,2026-08-15
POL004852,BRK0023,Property,N/A,2026-11-14,795.74,LAPSED,2026-08-15
POL004708,BRK0009,Property,2026-04-03,2027-04-03,6568.71,ACTIVE,2026-08-15
POL004745,BRK0022,Property,2025-08-21,2026-08-21,12356.51,LAPSED,2026-08-15
POL003890,BRK0038,Property,2025-02-16,2026-02-16,23193.17,CANCELLED,2026-08-15
POL002360,BRK0006,Property,2025-12-16,2026-12-16,4964.9,CANCELLED,2026-08-15
POL001525,BRK0047,Commercial Auto,2025-12-03,2026-12-03,4441.65,LAPSED,2026-08-15
POL004294,BRK0013,Commercial Auto,2025-06-08,2026-06-08,11829.78,RENEWED,2026-08-15
POL002254,BRK0049,Property,2025-08-23,2026-08-23,20464.15,LAPSED,2026-08-15
POL001725,BRK0034,General Liability,2025-09-08,2026-09-08,1889.47,ACTIVE,2026-08-15
POL001668,BRK0011,Property,2026-02-26,2027-02-26,18647.27,CANCELLED,2026-08-15
POL000013,BRK0041,Marine,2024-04-04,2025-04-04,3705.08,CANCELLED,2026-08-15
POL002600,BRK0011,  Cyber ,2024-04-14,2025-04-14,5028.45,ACTIVE,2026-08-15
POL004387,BRK0010,General Liability,2024-02-02,2025-02-01,13443.85,CANCELLED,2026-08-15
POL000947,BRK0011,MARINE,2026-03-01,2027-03-01,22611.52,ACTIVE,2026-08-15
POL004425,BRK0031,Cyber,2024-09-16,2025-09-16,14976.81,LAPSED,2026-08-15
POL004406,BRK0039,Property,,2025-01-27,21185.77,ACTIVE,2026-08-15
POL001242,BRK0027,Cyber,2024-12-05,2025-12-05,14885.8,RENEWED,2026-08-15
POL002060,BRK0019,Property,2025-07-06,2026-07-06,1146.22,LAPSED,2026-08-15
POL002966,BRK0034,Commercial Auto,2026-01-18,2027-01-18,15784.19,ACTIVE,2026-08-15
POL001000,BRK0034,Marine,2025-11-27,2026-11-27,18169.9,ACTIVE,2026-08-15
POL003616,BRK0011,Commercial Auto,2024-07-19,2025-07-19,4397.13,RENEWED,2026-08-15
POL001086,BRK0031,Commercial Auto,2026-04-19,2027-04-19,22708.2,CANCELLED,2026-08-15
POL003963,BRK0049,Commercial Auto,2026-06-17,2027-06-17,6985.08,CANCELLED,2026-08-15
POL003973,BRK0001,General Liability,2025-03-01,2026-03-01,8655.35,ACTIVE,2026-08-15
POL003996,BRK0004,Property,2024-08-11,2025-08-11,20710.4,LAPSED,2026-08-15
POL004836,BRK0044,Commercial Auto,2026-04-01,2027-04-01,21154.28,RENEWED,2026-08-15
POL001793,BRK0039,Marine,2025-12-24,2026-12-24,915.43,ACTIVE,2026-08-15
POL002136,BRK0006,General Liability,2024-09-23,2025-09-23,23337.95,LAPSED,2026-08-15
POL002788,BRK0046,Commercial Auto,2025-08-23,2026-08-23,21204.42,RENEWED,2026-08-15
POL004090,BRK0025,Commercial Auto,2024-09-17,2025-09-17,6407.38,RENEWED,2026-08-15
POL003579,BRK0031,General Liability,2026-05-01,2027-05-01,14453.19,ACTIVE,2026-08-15
POL001834,BRK0017,Marine,2024-03-09,2025-03-09,10373.52,CANCELLED,2026-08-15
POL000803,BRK0015,Marine,2025-09-24,2026-09-24,5281.17,LAPSED,2026-08-15
POL001947,BRK0047,Cyber,2025-04-10,2026-04-10,1590.58,CANCELLED,2026-08-15
POL000627,BRK0050,  Marine ,2025-10-11,2026-10-11,4164.71,LAPSED,2026-08-15
POL001272,BRK0029,Cyber,2025-10-10,2026-10-10,10805.7,LAPSED,2026-08-15
POL004461,BRK0018,Cyber,2024-11-15,2025-11-15,19999.47,ACTIVE,2026-08-15
POL003897,BRK0044,Marine,2026-04-05,2027-04-05,17309.01,LAPSED,2026-08-15
POL000674,BRK0047,Cyber,2025-05-10,2026-05-10,15416.69,CANCELLED,2026-08-15
POL001952,BRK0033,General Liability,2024-01-17,2025-01-16,14714.32,CANCELLED,2026-08-15
POL002049,BRK0014,Property,2024-09-01,2025-09-01,20798.88,CANCELLED,2026-08-15
POL000204,BRK0011,General Liability,2024-09-11,2025-09-11,4315.85,CANCELLED,2026-08-15
POL001879,BRK0032,Commercial Auto,2026-04-08,2027-04-08,11757.91,LAPSED,2026-08-15
POL000141,BRK0026,Marine,2025-08-10,2026-08-10,4710.89,RENEWED,2026-08-15
POL004459,BRK0024,Cyber,2025-02-16,2026-02-16,11852.1,ACTIVE,2026-08-15
POL003105,BRK0031,Property,2024-11-03,2025-11-03,7261.84,ACTIVE,2026-08-15
POL002442,BRK0014,Marine,2026-02-26,2027-02-26,24839.64,ACTIVE,2026-08-15
POL003227,BRK0005,Commercial Auto,2024-09-08,2025-09-08,11324.08,RENEWED,2026-08-15
POL004185,BRK0033,Commercial Auto,2026-04-28,2027-04-28,6925.75,RENEWED,2026-08-15
POL004192,BRK0044,Marine,2024-05-17,2025-05-17,2577.66,RENEWED,2026-08-15
POL001103,BRK0025,Commercial Auto,2024-03-28,2025-03-28,12208.48,ACTIVE,2026-08-15
POL002598,BRK0039,Property,2025-01-16,2026-01-16,24140.73,RENEWED,2026-08-15
POL004559,BRK0042,Property,2024-03-01,2025-03-01,7780.1,CANCELLED,2026-08-15
POL002607,BRK0050,Property,2024-12-31,2025-12-31,21402.78,CANCELLED,2026-08-15
POL002396,BRK0012,Cyber,2024-02-25,2025-02-24,23202.22,LAPSED,2026-08-15
POL000559,BRK0021,General Liability,2025-05-02,2026-05-02,22836.48,CANCELLED,2026-08-15
POL004234,BRK0001,Marine,2024-01-13,2025-01-12,27068.85,RENEWED,2026-08-15
POL002536,BRK0011,Property,2026-03-24,,22620.31,ACTIVE,2026-08-15
POL003974,BRK0038,Property,2025-12-16,2026-12-16,1166.78,LAPSED,2026-08-15
POL002975,BRK0026,Property,2025-02-11,2026-02-11,4160.5,RENEWED,2026-08-15
POL003446,BRK0032,General Liability,2024-11-12,2025-11-12,22482.74,RENEWED,2026-08-15
POL002500,BRK0005,Property,2024-03-27,2025-03-27,5515.24,LAPSED,2026-08-15
POL002119,BRK0026,Marine,2025-08-04,2026-08-04,13589.36,CANCELLED,2026-08-15
POL002467,BRK0012,Commercial Auto,N/A,N/A,11147.62,LAPSED,2026-08-15
POL002323,BRK0024,Marine,2024-07-03,2025-07-03,1072.65,LAPSED,2026-08-15
POL000827,BRK0013,Property,2025-08-24,2026-08-24,18781.85,CANCELLED,2026-08-15
POL002668,BRK0025,General Liability,2026-02-01,2027-02-01,4847.67,ACTIVE,2026-08-15
POL003148,BRK0025,General Liability,2025-12-20,2026-12-20,24744.57,ACTIVE,2026-08-15
POL002154,BRK0033,Property,2024-07-01,2025-07-01,2532.96,RENEWED,2026-08-15
POL000016,BRK0014,Property,2025-01-01,2026-01-01,21930.46,LAPSED,2026-08-15
POL002107,BRK0016,Marine,2024-02-24,2025-02-23,12024.75,ACTIVE,2026-08-15
POL001892,BRK0012,Property,2026-06-10,2027-06-10,21859.35,ACTIVE,2026-08-15
POL003375,BRK0022,Commercial Auto,2025-02-03,2026-02-03,2920.42,RENEWED,2026-08-15
POL002956,BRK0007,General Liability,2024-04-12,2025-04-12,8901.3,RENEWED,2026-08-15
POL003669,BRK0035,Marine,2025-03-24,2026-03-24,3845.23,CANCELLED,2026-08-15
POL000883,BRK0039,Marine,2026-05-17,2027-05-17,18511.72,CANCELLED,2026-08-15
POL001029,BRK0033,Marine,2024-06-20,2025-06-20,12715.4,RENEWED,2026-08-15
POL002512,BRK0028,Property,2025-03-24,2026-03-24,20438.85,LAPSED,2026-08-15
POL002054,BRK0021,Marine,2026-02-15,2027-02-15,19583.38,ACTIVE,2026-08-15
POL004010,BRK0026,  Marine ,2024-11-29,2025-11-29,13031.6,RENEWED,2026-08-15
POL002367,BRK0045,Cyber,2024-07-27,2025-07-27,1268.35,RENEWED,2026-08-15
POL000452,BRK0016,COMMERCIAL AUTO,2024-12-04,2025-12-04,16891.04,LAPSED,2026-08-15
POL001202,BRK0001,General Liability,2025-10-02,2026-10-02,24304.32,ACTIVE,2026-08-15
POL004876,BRK0038,Commercial Auto,2025-12-25,2026-12-25,18747.95,LAPSED,2026-08-15
POL002415,BRK0044,Property,2024-09-29,2025-09-29,22213.97,ACTIVE,2026-08-15
POL002882,BRK0033,Cyber,2026-02-24,2027-02-24,25591.98,RENEWED,2026-08-15
POL001154,BRK0050,General Liability,2024-12-07,2025-12-07,2899.7,LAPSED,2026-08-15
POL003598,BRK0046,Commercial Auto,2025-10-10,2026-10-10,12483.92,LAPSED,2026-08-15
POL002278,BRK0019,Property,2024-06-04,2025-06-04,22093.18,RENEWED,2026-08-15
POL002225,BRK0016,Commercial Auto,2024-11-18,2025-11-18,15416.81,ACTIVE,2026-08-15
POL002917,BRK0048,Cyber,2025-08-25,2026-08-25,8355.1,RENEWED,2026-08-15
POL002102,BRK0023,Marine,2024-07-26,2025-07-26,725.62,ACTIVE,2026-08-15
POL004168,BRK0036,  General Liability ,2026-02-08,2027-02-08,4265.61,LAPSED,2026-08-15
POL002338,BRK0031,commercial auto,2024-01-07,2025-01-06,18949.92,ACTIVE,2026-08-15
POL004315,BRK0020,General Liability,2026-05-15,2027-05-15,20080.58,ACTIVE,2026-08-15
POL000677,BRK0008,Property,2025-10-02,2026-10-02,8677.91,LAPSED,2026-08-15
POL001087,BRK0035,Property,2025-09-01,2026-09-01,7993.26,CANCELLED,2026-08-15
POL000222,BRK0019,Property,2026-02-28,2027-02-28,14231.95,CANCELLED,2026-08-15
POL002673,BRK0009,Commercial Auto,2026-01-08,2027-01-08,14793.11,ACTIVE,2026-08-15
POL003089,BRK0047,Property,2025-08-28,2026-08-28,6413.42,LAPSED,2026-08-15
POL002100,BRK0050,  General Liability ,2026-02-26,2027-02-26,22066.27,LAPSED,2026-08-15
POL002219,BRK0043,Property,2024-07-22,2025-07-22,23499.14,CANCELLED,2026-08-15
POL004976,BRK0025,Marine,N/A,2026-09-05,9771.92,ACTIVE,2026-08-15
POL000860,BRK0041,Cyber,2024-01-20,2025-01-19,28413.5,ACTIVE,2026-08-15
POL000823,BRK0029,Cyber,2024-05-22,2025-05-22,7964.76,ACTIVE,2026-08-15
POL000360,BRK0040,Property,2026-01-27,2027-01-27,19429.02,LAPSED,2026-08-15
POL002726,BRK0012,Marine,2026-13-45,2026-11-15,17738.01,RENEWED,2026-08-15
POL002009,BRK0049,Marine,2024-12-31,2025-12-31,24527.27,ACTIVE,2026-08-15
POL000953,BRK0022,  Property ,2025-06-17,2026-06-17,19519.35,LAPSED,2026-08-15
POL001048,BRK0013,Commercial Auto,2024-07-10,2025-07-10,7632.09,ACTIVE,2026-08-15
POL001249,BRK0006,Commercial Auto,2024-12-27,2025-12-27,12094.89,CANCELLED,2026-08-15
POL003186,BRK0021,Marine,2024-07-17,2025-07-17,15005.19,ACTIVE,2026-08-15
POL004921,BRK0028,Commercial Auto,2025-06-05,2026-06-05,22548.74,RENEWED,2026-08-15
POL002768,BRK0008,General Liability,2026-05-26,2027-05-26,19240.5,ACTIVE,2026-08-15
POL002331,BRK0019,General Liability,2025-11-28,2026-11-28,19597.81,LAPSED,2026-08-15
POL003545,BRK0047,Property,0000-00-00,2027-03-29,14933.48,RENEWED,2026-08-15
POL003093,BRK0009,General Liability,2024-01-02,2025-01-01,20377.04,ACTIVE,2026-08-15
POL003745,BRK0039,Commercial Auto,2025-03-06,2026-03-06,9854.33,RENEWED,2026-08-15
POL000081,BRK0045,Marine,2025-03-24,2026-03-24,6362.79,LAPSED,2026-08-15
POL002195,BRK0012,Marine,2025-11-07,2026-11-07,13264.32,LAPSED,2026-08-15
POL001088,BRK0036,Cyber,2025-01-19,2026-01-19,5295.04,LAPSED,2026-08-15
POL004854,BRK0050,Cyber,2024-06-19,0000-00-00,22056.88,ACTIVE,2026-08-15
POL001122,BRK0004,Cyber,2024-11-14,2025-11-14,8331.25,CANCELLED,2026-08-15
POL004212,BRK0048,Marine,2024-07-19,2025-07-19,18822.37,LAPSED,2026-08-15
POL000357,BRK0047,General Liability,2025-03-02,2026-03-02,12800.0,ACTIVE,2026-08-15
POL004568,BRK0006,Commercial Auto,2025-05-31,2026-05-31,17830.06,LAPSED,2026-08-15
POL003417,BRK0005,Marine,2025-03-19,2026-03-19,21698.81,CANCELLED,2026-08-15
POL000439,BRK0029,General Liability,2024-01-05,2025-01-04,4381.66,ACTIVE,2026-08-15
POL000072,BRK0020,Cyber,2024-06-18,2025-06-18,3546.66,CANCELLED,2026-08-15
POL003701,BRK0017,General Liability,2026-02-08,2027-02-08,8893.89,CANCELLED,2026-08-15
POL003157,BRK0034,Cyber,2024-06-03,2025-06-03,3417.21,ACTIVE,2026-08-15
POL000758,BRK0003,Cyber,2026-02-21,2027-02-21,19059.98,LAPSED,2026-08-15
POL000667,BRK0030,Marine,2024-01-13,2026-13-45,6328.02,RENEWED,2026-08-15
POL001440,BRK0013,General Liability,2025-11-20,2026-11-20,12669.8,LAPSED,2026-08-15
POL003310,BRK0030,General Liability,2026-03-09,2027-03-09,22828.33,LAPSED,2026-08-15
POL002358,BRK0022,General Liability,2024-05-25,2025-05-25,17325.07,LAPSED,2026-08-15
POL003015,BRK0041,Property,2026-04-26,2027-04-26,17554.04,ACTIVE,2026-08-15
POL003428,BRK0041,Property,2025-09-10,2026-09-10,8879.63,RENEWED,2026-08-15
POL003986,BRK0038,Commercial Auto,2025-03-19,2026-03-19,7176.47,CANCELLED,2026-08-15
POL001278,BRK0034,Property,2024-11-21,2025-11-21,12854.3,RENEWED,2026-08-15
POL004707,BRK0002,Commercial Auto,2025-07-11,2026-07-11,10810.29,ACTIVE,2026-08-15
POL000670,BRK0006,Commercial Auto,2024-12-05,2025-12-05,7467.32,LAPSED,2026-08-15
POL000385,BRK0013,Marine,2025-07-30,2026-07-30,1876.12,LAPSED,2026-08-15
POL001330,BRK0020,General Liability,2024-04-12,2025-04-12,6804.82,RENEWED,2026-08-15
POL001338,BRK0036,Property,2025-09-30,2026-09-30,882.01,ACTIVE,2026-08-15
POL004103,BRK0004,Marine,2024-12-21,2025-12-21,8837.69,CANCELLED,2026-08-15
POL003347,BRK0039,Property,2026-02-15,2027-02-15,22909.62,RENEWED,2026-08-15
POL001906,BRK0041,Commercial Auto,2024-05-29,2025-05-29,11351.32,CANCELLED,2026-08-15
POL000944,BRK0041,Property,2025-01-04,2026-01-04,6090.46,RENEWED,2026-08-15
POL004265,BRK0013,Marine,2025-12-14,2026-12-14,11740.69,RENEWED,2026-08-15
POL004667,BRK0009,Cyber,2026-05-01,2027-05-01,23014.49,ACTIVE,2026-08-15
POL002015,BRK0015,Property,2025-03-21,2026-03-21,17089.97,CANCELLED,2026-08-15
POL001827,BRK0014,Marine,2026-04-15,2027-04-15,12783.9,ACTIVE,2026-08-15
POL004432,BRK0038,Property,2026-05-27,2027-05-27,7156.01,ACTIVE,2026-08-15
POL004508,BRK0033,Marine,2024-08-10,2025-08-10,15358.55,ACTIVE,2026-08-15
POL000745,BRK0037,Commercial Auto,2025-02-04,2026-02-04,13930.73,RENEWED,2026-08-15
POL002721,BRK0025,Commercial Auto,2024-11-15,2025-11-15,4036.0,RENEWED,2026-08-15
POL001398,BRK0017,Cyber,2026-04-28,2027-04-28,15727.5,RENEWED,2026-08-15
POL003875,BRK0021,Marine,2025-03-29,2026-03-29,3598.65,ACTIVE,2026-08-15
POL002797,BRK0013,Marine,2025-02-13,2026-02-13,764.12,ACTIVE,2026-08-15
POL000486,BRK0025,Marine,2025-01-25,2026-01-25,14027.05,ACTIVE,2026-08-15
POL004703,BRK0048,Cyber,2026-02-14,2027-02-14,15593.81,LAPSED,2026-08-15
POL000287,BRK0018,Property,2024-03-25,2025-03-25,10045.74,CANCELLED,2026-08-15
POL002109,BRK0006,Marine,2025-10-16,2026-10-16,3007.28,LAPSED,2026-08-15
POL001718,BRK0035,General Liability,2024-10-18,2025-10-18,3425.32,LAPSED,2026-08-15
POL004680,BRK0042,Marine,2024-12-28,2025-12-28,19395.0,CANCELLED,2026-08-15
POL004033,BRK0037,CYBER,2025-11-23,2026-11-23,8362.87,LAPSED,2026-08-15
POL004051,BRK0022,General Liability,2025-07-17,2026-07-17,15695.05,ACTIVE,2026-08-15
POL001955,BRK0043,General Liability,2024-06-22,2025-06-22,5500.29,LAPSED,2026-08-15
POL000784,BRK0030,cyber,2025-01-09,2026-01-09,2141.64,LAPSED,2026-08-15
POL001829,BRK0008,General Liability,2025-05-15,2026-05-15,10176.53,RENEWED,2026-08-15
POL004417,BRK0029,General Liability,2025-06-05,2026-06-05,24630.16,CANCELLED,2026-08-15
POL004540,BRK0028,Marine,2025-10-24,2026-10-24,9455.67,LAPSED,2026-08-15
POL000359,BRK0020,General Liability,2026-03-03,2027-03-03,7644.08,CANCELLED,2026-08-15
POL004085,BRK0032,Cyber,2025-11-05,2026-11-05,22998.45,RENEWED,2026-08-15
POL000799,BRK0020,Commercial Auto,2025-06-30,2026-06-30,4061.91,RENEWED,2026-08-15
POL002253,BRK0002,Cyber,2025-03-11,2026-03-11,24968.41,ACTIVE,2026-08-15
POL001091,BRK0025,Cyber,2024-05-07,2025-05-07,19396.12,CANCELLED,2026-08-15
POL001345,BRK0041,Marine,2025-08-03,2026-08-03,11203.87,LAPSED,2026-08-15
POL002414,BRK0027,Property,2026-03-15,2027-03-15,14092.73,CANCELLED,2026-08-15
POL004188,BRK0040,General Liability,2024-10-24,2025-10-24,22738.68,LAPSED,2026-08-15
POL001527,BRK0048,Commercial Auto,2024-09-21,2025-09-21,9634.22,RENEWED,2026-08-15
POL000122,BRK0044,Commercial Auto,2025-03-12,2026-03-12,2479.37,LAPSED,2026-08-15
POL000140,BRK0026,Commercial Auto,2024-03-14,2025-03-14,8169.99,RENEWED,2026-08-15
POL002792,BRK0035,General Liability,2025-09-23,2026-09-23,14639.55,LAPSED,2026-08-15
POL004884,BRK0041,Commercial Auto,2025-04-16,2026-04-16,16654.14,CANCELLED,2026-08-15
POL002384,BRK0011,Cyber,2024-03-30,2025-03-30,10183.41,LAPSED,2026-08-15
POL000282,BRK0037,Property,2024-06-15,2025-06-15,13743.78,RENEWED,2026-08-15
POL000913,BRK0028,General Liability,2026-02-13,2027-02-13,1839.93,RENEWED,2026-08-15
POL003898,BRK0043,Commercial Auto,31/12/2025,2025-11-19,10003.65,LAPSED,2026-08-15
POL002894,BRK0001,Property,2024-12-02,2025-12-02,1832.78,LAPSED,2026-08-15
POL002093,BRK0040,General Liability,2026-04-13,2027-04-13,23660.92,RENEWED,2026-08-15
POL003403,BRK0020,Property,2025-12-01,2026-12-01,13028.29,ACTIVE,2026-08-15
POL000804,BRK0050,General Liability,2026-03-11,2027-03-11,17088.05,ACTIVE,2026-08-15
POL004219,BRK0009,Commercial Auto,2025-02-09,2026-02-09,17940.87,ACTIVE,2026-08-15
POL004623,BRK0046,General Liability,2024-10-23,2025-10-23,10787.78,RENEWED,2026-08-15
POL000920,BRK0017,General Liability,2025-09-30,2026-09-30,5034.64,CANCELLED,2026-08-15
POL002606,BRK0006,General Liability,2025-09-05,2026-09-05,17656.49,ACTIVE,2026-08-15
POL001960,BRK0013,Cyber,2026-04-05,2027-04-05,15698.38,ACTIVE,2026-08-15
POL002407,BRK0011,Property,2025-02-05,2026-02-05,3403.63,RENEWED,2026-08-15
POL004253,BRK0038,CYBER,2024-09-24,2025-09-24,10147.61,RENEWED,2026-08-15
POL002310,BRK0025,COMMERCIAL AUTO,2026-01-02,2027-01-02,9901.04,ACTIVE,2026-08-15
POL002501,BRK0027,Property,2024-07-14,2025-07-14,6592.2,CANCELLED,2026-08-15
POL000444,BRK0044,Property,2025-03-20,2026-03-20,5116.44,RENEWED,2026-08-15
POL001484,BRK0006,Cyber,2025-06-27,2026-06-27,22031.53,LAPSED,2026-08-15
POL001161,BRK0046,Property,2025-06-17,2026-06-17,12994.96,CANCELLED,2026-08-15
POL004158,BRK0037,Marine,2026-01-14,2027-01-14,9519.47,ACTIVE,2026-08-15
POL000414,BRK0042,Marine,2025-01-27,2026-01-27,10372.86,RENEWED,2026-08-15
POL001415,BRK0034,Commercial Auto,2026-05-17,2027-05-17,8265.01,LAPSED,2026-08-15
POL001411,BRK0027,General Liability,2024-12-09,2025-12-09,4427.66,ACTIVE,2026-08-15
POL001573,BRK0033,General Liability,2025-08-24,2026-08-24,16385.22,RENEWED,2026-08-15
POL000562,BRK0001,Cyber,2025-09-20,2026-09-20,8227.71,CANCELLED,2026-08-15
POL004200,BRK0041,General Liability,2024-01-09,2025-01-08,19304.78,LAPSED,2026-08-15
POL000336,BRK0014,  Marine ,2024-01-02,2025-01-01,727.53,CANCELLED,2026-08-15
POL002155,BRK0002,Property,,2025-12-06,20139.73,CANCELLED,2026-08-15
POL004178,BRK0008,General Liability,2024-08-14,2025-08-14,16623.58,ACTIVE,2026-08-15
POL002013,BRK0045,Commercial Auto,2024-06-06,2025-06-06,4698.69,ACTIVE,2026-08-15
POL001966,BRK0030,Commercial Auto,2024-11-18,2025-11-18,19270.07,LAPSED,2026-08-15
POL003410,BRK0017,Commercial Auto,2024-02-14,2025-02-13,2807.6,RENEWED,2026-08-15
POL003975,BRK0018,Cyber,2026-05-10,2027-05-10,10837.34,CANCELLED,2026-08-15
POL004123,BRK0019,Commercial Auto,2025-03-21,2026-03-21,11532.4,RENEWED,2026-08-15
POL004012,BRK0032,General Liability,2024-12-27,2025-12-27,9512.19,CANCELLED,2026-08-15
POL001185,BRK0018,General Liability,2025-01-07,2026-01-07,4952.91,ACTIVE,2026-08-15
POL000806,BRK0010,Marine,2025-02-11,2026-02-11,9108.2,RENEWED,2026-08-15
POL004599,BRK0016,Cyber,2025-10-01,2026-10-01,11635.59,ACTIVE,2026-08-15
POL004701,BRK0026,COMMERCIAL AUTO,2025-03-02,2026-03-02,18357.26,RENEWED,2026-08-15
POL003623,BRK0047,Marine,2026-05-07,2027-05-07,22496.32,RENEWED,2026-08-15
POL000668,BRK0027,  Marine ,31/12/2025,2026-04-09,15901.57,LAPSED,2026-08-15
POL002257,BRK0024,General Liability,2024-06-18,2025-06-18,15598.85,RENEWED,2026-08-15
POL001364,BRK0005,Marine,2025-02-07,2026-02-07,14612.95,CANCELLED,2026-08-15
POL001927,BRK0039,General Liability,2024-06-12,2025-06-12,2516.6,ACTIVE,2026-08-15
POL002179,BRK0034,Marine,2026-02-16,2027-02-16,20528.76,LAPSED,2026-08-15
POL000769,BRK0050,Commercial Auto,2024-08-23,2025-08-23,21812.21,RENEWED,2026-08-15
POL001656,BRK0041,Marine,2024-04-25,2025-04-25,21704.9,RENEWED,2026-08-15
POL001708,BRK0025,Property,2024-11-06,2025-11-06,17262.05,RENEWED,2026-08-15
POL001310,BRK0038,Marine,2024-05-21,2025-05-21,14811.19,RENEWED,2026-08-15
POL002669,BRK0020,Property,N/A,2026-05-22,2942.13,ACTIVE,2026-08-15
POL003877,BRK0010,Marine,2025-02-25,2026-02-25,3049.96,RENEWED,2026-08-15
POL000963,BRK0027,Commercial Auto,2025-09-08,2026-09-08,4255.96,CANCELLED,2026-08-15
POL001889,BRK0038,Cyber,2024-08-12,2025-08-12,24489.46,CANCELLED,2026-08-15
POL000983,BRK0001,Marine,2024-02-12,2025-02-11,4600.85,ACTIVE,2026-08-15
POL000717,BRK0033,Marine,2025-04-10,2026-04-10,5051.88,ACTIVE,2026-08-15
POL000726,BRK0017,Commercial Auto,2024-10-08,2025-10-08,23214.31,RENEWED,2026-08-15
POL004226,BRK0036,Marine,2026-04-13,2027-04-13,2761.85,RENEWED,2026-08-15
POL000926,BRK0031,Commercial Auto,2025-05-11,2026-05-11,14451.05,RENEWED,2026-08-15
POL004740,BRK0031,Commercial Auto,2026-05-26,2027-05-26,7152.15,CANCELLED,2026-08-15
POL004080,BRK0006,  Marine ,2024-02-24,2025-02-23,17235.66,CANCELLED,2026-08-15
POL004332,BRK0024,Marine,2024-07-27,2025-07-27,12969.88,CANCELLED,2026-08-15
POL003880,BRK0025,Cyber,2024-07-25,31/12/2025,5296.06,RENEWED,2026-08-15
POL004429,BRK0021,Marine,2024-11-19,2025-11-19,21203.28,ACTIVE,2026-08-15
POL001989,BRK0025,General Liability,2024-07-30,2025-07-30,5985.18,RENEWED,2026-08-15
POL000697,BRK0023,General Liability,2025-09-23,2026-09-23,20327.85,ACTIVE,2026-08-15
POL002201,BRK0013,Marine,2024-10-09,2025-10-09,9990.53,LAPSED,2026-08-15
POL004194,BRK0026,Cyber,2026-04-07,2027-04-07,10620.07,ACTIVE,2026-08-15
POL002938,BRK0002,Marine,2025-03-17,2026-03-17,19474.44,CANCELLED,2026-08-15
POL003905,BRK0016,General Liability,2025-08-22,2026-08-22,24721.45,LAPSED,2026-08-15
POL001676,BRK0036,Property,2024-09-08,2025-09-08,20914.58,LAPSED,2026-08-15
POL001642,BRK0015,Marine,2024-04-06,2025-04-06,3594.33,CANCELLED,2026-08-15
POL003467,BRK0034,General Liability,2026-03-28,2027-03-28,10506.73,RENEWED,2026-08-15
POL002836,BRK0026,  Property ,2024-05-18,2025-05-18,16632.32,LAPSED,2026-08-15
POL001595,BRK0050,  General Liability ,2025-04-12,2026-04-12,6770.27,CANCELLED,2026-08-15
POL002142,BRK0008,Marine,2026-05-02,2027-05-02,20909.1,CANCELLED,2026-08-15
POL002138,BRK0034,Cyber,2024-12-17,2025-12-17,29007.31,LAPSED,2026-08-15
POL001684,BRK0002,Cyber,2024-06-24,2025-06-24,12177.35,LAPSED,2026-08-15
POL003845,BRK0011,Property,2026-01-17,2027-01-17,9356.6,LAPSED,2026-08-15
POL002739,BRK0024,General Liability,2024-06-13,2025-06-13,18292.08,LAPSED,2026-08-15
POL000899,BRK0048,Marine,2024-11-19,2025-11-19,16606.78,RENEWED,2026-08-15
POL003144,BRK0012,General Liability,2025-02-10,2026-02-10,24791.63,LAPSED,2026-08-15
POL002994,BRK0012,Cyber,2026-02-18,2027-02-18,12618.78,ACTIVE,2026-08-15
POL002121,BRK0003,General Liability,2024-05-09,2025-05-09,7623.65,LAPSED,2026-08-15
POL004896,BRK0005,Cyber,2025-05-24,2026-05-24,9078.74,LAPSED,2026-08-15
POL001127,BRK0046,Property,2026-04-27,2027-04-27,18525.28,LAPSED,2026-08-15
POL000631,BRK0026,Cyber,2025-05-14,2026-05-14,6533.02,ACTIVE,2026-08-15
POL002901,BRK0002,Property,2026-05-10,2027-05-10,20209.38,RENEWED,2026-08-15
POL001846,BRK0046,Marine,2024-08-22,2025-08-22,5315.51,LAPSED,2026-08-15
POL001391,BRK0036,General Liability,2026-03-09,2027-03-09,8312.04,ACTIVE,2026-08-15
POL000089,BRK0025,Marine,2025-12-23,2026-12-23,4226.58,ACTIVE,2026-08-15
POL000160,BRK0029,Commercial Auto,2026-01-08,2027-01-08,11382.87,CANCELLED,2026-08-15
POL001020,BRK0002,Cyber,2025-01-01,2026-01-01,14849.32,CANCELLED,2026-08-15
POL004737,BRK0001,General Liability,2024-05-13,2025-05-13,5235.3,ACTIVE,2026-08-15
POL004075,BRK0049,Marine,2026-01-29,2027-01-29,11160.52,RENEWED,2026-08-15
POL004911,BRK0027,Commercial Auto,2024-08-02,2025-08-02,15068.52,LAPSED,2026-08-15
POL004291,BRK0045,Cyber,31/12/2025,2025-12-08,1599.32,RENEWED,2026-08-15
POL000171,BRK0001,Cyber,2025-03-15,2026-03-15,16871.27,CANCELLED,2026-08-15
POL003564,BRK0047,Commercial Auto,2024-08-31,2025-08-31,9098.58,LAPSED,2026-08-15
POL000235,BRK0028,Cyber,2026-04-26,2027-04-26,24551.29,RENEWED,2026-08-15
POL002063,BRK0048,General Liability,2025-12-13,2026-12-13,1549.91,CANCELLED,2026-08-15
POL003184,BRK0001,General Liability,2024-02-02,2025-02-01,11583.09,ACTIVE,2026-08-15
POL003069,BRK0044,Commercial Auto,2025-03-26,2026-03-26,15637.75,LAPSED,2026-08-15
POL000905,BRK0002,General Liability,2024-12-02,2025-12-02,14963.29,ACTIVE,2026-08-15
POL003407,BRK0044,Cyber,2025-05-13,2026-05-13,17407.33,ACTIVE,2026-08-15
POL001118,BRK0045,General Liability,2024-04-02,2025-04-02,16469.57,LAPSED,2026-08-15
POL001077,BRK0003,Property,2025-10-19,2026-10-19,18611.76,CANCELLED,2026-08-15
POL003353,BRK0010,Property,2024-04-24,2025-04-24,21788.96,RENEWED,2026-08-15
POL004626,BRK0048,General Liability,2025-12-03,2026-12-03,19779.3,RENEWED,2026-08-15
POL003794,BRK0002,Commercial Auto,2024-10-22,2025-10-22,11865.04,CANCELLED,2026-08-15
POL003969,BRK0018,General Liability,2026-04-08,2027-04-08,10883.67,RENEWED,2026-08-15
POL001312,BRK0050,Marine,2024-11-25,2025-11-25,2528.46,LAPSED,2026-08-15
POL004409,BRK0032,Marine,2025-04-21,2026-04-21,11871.57,RENEWED,2026-08-15
POL004785,BRK0021,Marine,2025-04-12,2026-04-12,12499.55,LAPSED,2026-08-15
POL002950,BRK0025,General Liability,2024-04-02,2025-04-02,5491.23,LAPSED,2026-08-15
POL004675,BRK0021,Marine,2025-07-12,2026-07-12,13739.97,CANCELLED,2026-08-15
POL003112,BRK0036,Commercial Auto,2025-05-12,2026-05-12,10432.03,CANCELLED,2026-08-15
POL004586,BRK0036,Cyber,2026-04-18,2027-04-18,22206.74,CANCELLED,2026-08-15
POL004560,BRK0010,Marine,2024-09-30,2025-09-30,6448.54,ACTIVE,2026-08-15
POL002151,BRK0021,Cyber,2024-02-29,2025-02-28,14026.82,ACTIVE,2026-08-15
POL004440,BRK0033,Commercial Auto,2026-03-26,2027-03-26,21449.73,CANCELLED,2026-08-15
POL001408,BRK0046,General Liability,0000-00-00,2025-03-03,1595.96,LAPSED,2026-08-15
POL000824,BRK0009,Property,2024-08-15,2025-08-15,24537.18,RENEWED,2026-08-15
POL002991,BRK0040,Cyber,2025-01-20,2026-01-20,23001.93,LAPSED,2026-08-15
POL001731,BRK0019,Property,2024-05-27,2025-05-27,4427.76,ACTIVE,2026-08-15
POL000924,BRK0013,Commercial Auto,2025-12-13,2026-12-13,11176.82,LAPSED,2026-08-15
POL002258,BRK0042,Commercial Auto,2024-11-21,2025-11-21,19798.6,RENEWED,2026-08-15
POL003472,BRK0022,  General Liability ,2025-05-11,2026-05-11,4859.72,RENEWED,2026-08-15
POL000760,BRK0011,Commercial Auto,2026-03-07,,17815.16,CANCELLED,2026-08-15
POL003293,BRK0026,General Liability,2024-05-17,2025-05-17,21195.04,CANCELLED,2026-08-15
POL000243,BRK0034,Marine,2024-12-01,2025-12-01,2728.07,RENEWED,2026-08-15
POL003106,BRK0044,Marine,2025-01-17,2026-01-17,2773.48,CANCELLED,2026-08-15
POL003628,BRK0016,Marine,2025-07-10,2026-07-10,12337.98,RENEWED,2026-08-15
POL000019,BRK0013,Marine,2024-08-15,2025-08-15,5961.63,LAPSED,2026-08-15
POL003817,BRK0002,Cyber,2024-12-03,2025-12-03,1673.81,ACTIVE,2026-08-15
POL003668,BRK0017,Property,31/12/2025,2026-08-02,3697.61,CANCELLED,2026-08-15
POL004679,BRK0019,General Liability,2024-09-04,2025-09-04,17937.58,RENEWED,2026-08-15
POL003752,BRK0024,Commercial Auto,2025-04-05,2026-04-05,2973.92,RENEWED,2026-08-15
POL001680,BRK0024,General Liability,2025-03-17,2026-03-17,9248.32,LAPSED,2026-08-15
POL000395,BRK0025,Marine,2024-02-19,2025-02-18,12580.51,RENEWED,2026-08-15
POL000990,BRK0026,Cyber,2026-02-19,2027-02-19,13138.27,LAPSED,2026-08-15
POL002741,BRK0016,Marine,2024-01-05,2025-01-04,12878.29,ACTIVE,2026-08-15
POL000979,BRK0004,General Liability,2024-10-02,2025-10-02,10483.6,LAPSED,2026-08-15
POL002547,BRK0020,General Liability,2025-02-02,2026-02-02,1543.22,RENEWED,2026-08-15
POL003058,BRK0036,Property,2025-02-18,2026-02-18,5531.39,ACTIVE,2026-08-15
POL000286,BRK0012,Cyber,2025-03-18,2026-03-18,20587.39,CANCELLED,2026-08-15
POL002695,BRK0028,General Liability,2025-06-06,2026-06-06,3373.07,RENEWED,2026-08-15
POL002658,BRK0020,Property,2024-07-26,2025-07-26,12927.8,LAPSED,2026-08-15
POL001426,BRK0028,General Liability,2026-01-28,2027-01-28,18230.83,ACTIVE,2026-08-15
POL003629,BRK0005,Marine,2025-12-06,2026-12-06,7407.5,RENEWED,2026-08-15
POL004483,BRK0035,Commercial Auto,2024-08-31,2025-08-31,15466.74,CANCELLED,2026-08-15
POL003812,BRK0002,Marine,2024-12-13,2025-12-13,23394.34,CANCELLED,2026-08-15
POL000296,BRK0048,Marine,2024-10-25,2025-10-25,7367.35,RENEWED,2026-08-15
POL002224,BRK0046,Cyber,2026-04-20,2027-04-20,7104.13,ACTIVE,2026-08-15
POL002626,BRK0009,General Liability,2026-04-19,2027-04-19,21567.04,ACTIVE,2026-08-15
POL003335,BRK0045,General Liability,2024-01-26,2025-01-25,16191.32,ACTIVE,2026-08-15
POL004468,BRK0041,Cyber,2025-10-29,2026-10-29,22544.39,RENEWED,2026-08-15
POL001532,BRK0018,Property,2025-07-09,2026-07-09,7793.24,ACTIVE,2026-08-15
POL004209,BRK0027,General Liability,2024-06-15,2025-06-15,20235.55,LAPSED,2026-08-15
POL004652,BRK0014,Property,2025-02-21,2026-02-21,13287.13,CANCELLED,2026-08-15
POL002412,BRK0027,  General Liability ,2025-08-04,2026-08-04,5149.43,LAPSED,2026-08-15
POL004170,BRK0050,GENERAL LIABILITY,2025-07-30,2026-07-30,12211.01,ACTIVE,2026-08-15
POL004955,BRK0005,Commercial Auto,2026-13-45,2026-04-16,15605.35,CANCELLED,2026-08-15
POL001335,BRK0034,Property,2026-06-16,2027-06-16,10080.14,RENEWED,2026-08-15
POL002456,BRK0043,Cyber,2025-07-27,2026-07-27,18681.21,LAPSED,2026-08-15
POL000135,BRK0010,Property,2024-02-23,2025-02-22,11356.27,RENEWED,2026-08-15
POL000730,BRK0042,General Liability,2024-02-25,2025-02-24,10269.25,CANCELLED,2026-08-15
POL001377,BRK0037,Property,2025-07-01,2026-07-01,10280.88,ACTIVE,2026-08-15
POL002233,BRK0004,Property,2025-02-24,2026-02-24,16680.78,CANCELLED,2026-08-15
POL002930,BRK0001,Marine,2025-10-05,2026-10-05,11050.03,CANCELLED,2026-08-15
POL002383,BRK0037,Cyber,2026-02-11,2027-02-11,15255.85,LAPSED,2026-08-15
POL002145,BRK0040,Property,2025-01-09,2026-01-09,13350.86,LAPSED,2026-08-15
POL004810,BRK0019,Commercial Auto,2024-10-25,2025-10-25,20206.34,RENEWED,2026-08-15
POL004259,BRK0043,General Liability,2024-04-16,2025-04-16,4453.8,ACTIVE,2026-08-15
POL003007,BRK0032,Cyber,2025-09-01,2026-09-01,16536.15,RENEWED,2026-08-15
POL004021,BRK0047,Commercial Auto,2024-06-25,2025-06-25,24786.6,ACTIVE,2026-08-15
POL002967,BRK0014,CYBER,2024-01-12,2025-01-11,18649.11,ACTIVE,2026-08-15
POL000230,BRK0012,Commercial Auto,2025-03-03,2026-03-03,23446.91,CANCELLED,2026-08-15
POL000505,BRK0011,Cyber,2025-04-30,2026-04-30,21311.95,CANCELLED,2026-08-15
POL002206,BRK0017,Property,2024-11-23,2025-11-23,5935.0,CANCELLED,2026-08-15
POL003706,BRK0019,Commercial Auto,2025-08-04,2026-08-04,6087.34,RENEWED,2026-08-15
POL000836,BRK0043,Commercial Auto,2025-06-19,2026-06-19,24450.49,LAPSED,2026-08-15
POL003191,BRK0017,General Liability,2025-11-02,2026-11-02,18452.72,LAPSED,2026-08-15
POL002640,BRK0025,Marine,2024-07-29,2025-07-29,9042.63,RENEWED,2026-08-15
POL002309,BRK0002,Cyber,2024-02-16,2025-02-15,23028.98,RENEWED,2026-08-15
POL000024,BRK0028,Commercial Auto,2025-01-07,2026-01-07,16752.99,ACTIVE,2026-08-15
POL002577,BRK0044,Marine,2024-11-10,2025-11-10,14488.98,RENEWED,2026-08-15
POL000441,BRK0013,General Liability,2025-06-30,2026-06-30,13510.33,ACTIVE,2026-08-15
POL000789,BRK0030,Commercial Auto,2024-07-11,2025-07-11,23937.36,ACTIVE,2026-08-15
POL004447,BRK0034,  Commercial Auto ,2025-08-07,2026-08-07,11883.77,CANCELLED,2026-08-15
POL004625,BRK0021,Marine,2024-10-30,2025-10-30,22352.61,RENEWED,2026-08-15
POL000209,BRK0036,General Liability,2026-02-21,2027-02-21,3652.25,ACTIVE,2026-08-15
POL003471,BRK0018,General Liability,0000-00-00,2025-01-19,10508.95,LAPSED,2026-08-15
POL001720,BRK0003,Marine,2024-08-22,2025-08-22,6422.92,CANCELLED,2026-08-15
POL001957,BRK0008,Commercial Auto,2026-06-13,2027-06-13,19081.97,CANCELLED,2026-08-15
POL003468,BRK0031,General Liability,2025-02-05,0000-00-00,2865.03,RENEWED,2026-08-15
POL002353,BRK0009,cyber,2025-02-19,2026-02-19,23211.79,ACTIVE,2026-08-15
POL000652,BRK0033,Cyber,2024-05-17,2025-05-17,9992.78,RENEWED,2026-08-15
POL001004,BRK0017,Property,2026-05-10,2027-05-10,1833.61,CANCELLED,2026-08-15
POL000519,BRK0030,Cyber,2024-05-17,2025-05-17,16735.62,LAPSED,2026-08-15
POL002044,BRK0026,Property,2024-07-10,2025-07-10,5080.41,LAPSED,2026-08-15
POL003748,BRK0010,Property,2025-04-03,2026-04-03,11919.7,LAPSED,2026-08-15
POL002474,BRK0008,Cyber,2024-07-26,2025-07-26,5115.21,CANCELLED,2026-08-15
POL004068,BRK0034,Property,2025-02-03,2026-02-03,23586.38,CANCELLED,2026-08-15
POL000736,BRK0001,Commercial Auto,,2026-07-14,17294.74,CANCELLED,2026-08-15
POL004491,BRK0034,Commercial Auto,2024-05-23,2025-05-23,20492.19,LAPSED,2026-08-15
POL000539,BRK0039,Cyber,2024-10-17,2025-10-17,19840.85,ACTIVE,2026-08-15
POL000362,BRK0001,Marine,2024-12-09,2025-12-09,13480.45,LAPSED,2026-08-15
POL000058,BRK0015,Marine,2024-10-28,2025-10-28,12094.88,CANCELLED,2026-08-15
POL001063,BRK0048,Marine,2025-07-01,0000-00-00,5004.24,ACTIVE,2026-08-15
POL000649,BRK0021,Property,2024-07-07,2025-07-07,10643.98,RENEWED,2026-08-15
POL002636,BRK0038,  Commercial Auto ,2026-03-17,2027-03-17,12120.61,LAPSED,2026-08-15
POL003879,BRK0049,Commercial Auto,2026-03-28,2027-03-28,4463.44,ACTIVE,2026-08-15
POL004507,BRK0036,Marine,2026-01-02,2027-01-02,9591.1,ACTIVE,2026-08-15
POL001094,BRK0043,Property,2025-12-15,2026-12-15,6730.06,LAPSED,2026-08-15
POL001173,BRK0012,Cyber,2025-03-14,2026-03-14,21064.26,LAPSED,2026-08-15
POL002784,BRK0023,Commercial Auto,2024-01-07,2025-01-06,4571.93,CANCELLED,2026-08-15
POL002853,BRK0012,Marine,2025-04-15,2026-04-15,12176.92,RENEWED,2026-08-15
POL001826,BRK0033,Property,2024-12-17,2025-12-17,4405.99,LAPSED,2026-08-15
POL002847,BRK0032,Commercial Auto,2025-04-17,2026-04-17,17284.64,RENEWED,2026-08-15
POL003550,BRK0014,Commercial Auto,2025-04-30,2026-04-30,16608.95,RENEWED,2026-08-15
POL004750,BRK0037,Cyber,2025-06-20,2026-06-20,12721.85,RENEWED,2026-08-15
POL002403,BRK0029,Marine,2026-04-28,2027-04-28,13925.15,LAPSED,2026-08-15
POL004098,BRK0050,Commercial Auto,2024-04-21,2025-04-21,12073.47,ACTIVE,2026-08-15
POL002716,BRK0012,General Liability,2026-13-45,2026-10-05,1276.83,RENEWED,2026-08-15
POL001860,BRK0005,Cyber,2025-03-03,2026-03-03,16214.3,CANCELLED,2026-08-15
POL001832,BRK0005,General Liability,2024-05-27,2025-05-27,13778.19,ACTIVE,2026-08-15
POL002566,BRK0039,Commercial Auto,2026-01-24,2027-01-24,18538.94,ACTIVE,2026-08-15
POL004475,BRK0036,Property,2026-04-04,2027-04-04,9842.51,LAPSED,2026-08-15
POL001970,BRK0034,general liability,2024-03-17,2025-03-17,1140.62,CANCELLED,2026-08-15
POL004591,BRK0040,General Liability,2025-02-26,2026-02-26,11016.59,CANCELLED,2026-08-15
POL003029,BRK0021,Marine,2026-05-06,2027-05-06,23979.12,RENEWED,2026-08-15
POL002260,BRK0017,Cyber,2025-12-17,2026-12-17,14760.12,RENEWED,2026-08-15
POL002694,BRK0039,Property,2025-02-06,2026-02-06,7325.76,CANCELLED,2026-08-15
POL001078,BRK0018,General Liability,2024-05-17,2025-05-17,24450.4,CANCELLED,2026-08-15
POL000800,BRK0010,Commercial Auto,2024-11-23,2025-11-23,16357.48,CANCELLED,2026-08-15
POL002582,BRK0026,Property,2024-06-16,2025-06-16,14045.49,ACTIVE,2026-08-15
POL000751,BRK0035,General Liability,2026-03-22,2027-03-22,24181.07,ACTIVE,2026-08-15
POL003861,BRK0002,Cyber,2024-01-05,2025-01-04,1173.0,CANCELLED,2026-08-15
POL002160,BRK0029,Marine,2025-03-09,2026-03-09,18799.05,LAPSED,2026-08-15
POL003802,BRK0037,Marine,2025-11-10,2026-11-10,4463.09,ACTIVE,2026-08-15
POL004191,BRK0031,General Liability,2024-05-06,2025-05-06,14770.03,ACTIVE,2026-08-15
POL002406,BRK0002,General Liability,2024-05-02,2025-05-02,7259.69,RENEWED,2026-08-15
POL000786,BRK0048,Property,2026-02-10,2027-02-10,10861.76,ACTIVE,2026-08-15
POL002656,BRK0013,Commercial Auto,2024-09-29,2025-09-29,14218.79,ACTIVE,2026-08-15
POL001995,BRK0036,Cyber,2024-08-12,2025-08-12,9585.43,CANCELLED,2026-08-15
POL003097,BRK0018,GENERAL LIABILITY,2024-05-03,2025-05-03,9086.32,RENEWED,2026-08-15
POL004036,BRK0008,Cyber,2025-09-25,2026-09-25,20421.94,ACTIVE,2026-08-15
POL001102,BRK0027,Marine,2026-06-11,2027-06-11,4570.09,CANCELLED,2026-08-15
POL003132,BRK0016,Marine,2024-08-12,2025-08-12,22621.39,ACTIVE,2026-08-15
POL002175,BRK0008,Marine,2025-03-03,2026-03-03,12580.99,LAPSED,2026-08-15
POL002308,BRK0015,Property,31/12/2025,2025-07-08,11132.28,ACTIVE,2026-08-15
POL001430,BRK0012,  Property ,2026-02-14,2027-02-14,11048.17,CANCELLED,2026-08-15
POL000103,BRK0041,Property,2024-08-12,2025-08-12,16649.95,LAPSED,2026-08-15
POL004597,BRK0033,General Liability,2025-07-31,2026-07-31,23964.53,ACTIVE,2026-08-15
POL001837,BRK0035,Commercial Auto,2026-02-09,2027-02-09,23753.5,RENEWED,2026-08-15
POL001511,BRK0044,Marine,2025-05-09,2026-05-09,19197.74,ACTIVE,2026-08-15
POL000901,BRK0032,Commercial Auto,2024-04-28,2025-04-28,11715.11,ACTIVE,2026-08-15
POL001432,BRK0011,General Liability,2024-08-17,2025-08-17,3099.93,LAPSED,2026-08-15
POL002742,BRK0013,  Property ,2024-02-29,2025-02-28,13993.59,ACTIVE,2026-08-15
POL001479,BRK0034,Cyber,2024-05-09,2025-05-09,21408.31,CANCELLED,2026-08-15
POL001294,BRK0039,General Liability,2025-03-09,2026-03-09,11018.17,CANCELLED,2026-08-15
POL000227,BRK0044,  Property ,2024-04-12,2025-04-12,16054.52,RENEWED,2026-08-15
POL001334,BRK0025,Commercial Auto,2024-07-17,2025-07-17,22530.92,RENEWED,2026-08-15
POL000001,BRK0016,Property,2026-02-10,2027-02-10,22609.85,LAPSED,2026-08-15
POL002706,BRK0017,General Liability,2025-12-11,2026-12-11,8071.63,ACTIVE,2026-08-15
POL003807,BRK0048,Cyber,2024-07-19,2025-07-19,8574.45,LAPSED,2026-08-15
POL001166,BRK0029,Property,2025-09-13,2026-09-13,6014.18,ACTIVE,2026-08-15
POL003421,BRK0045,Cyber,2025-06-22,2026-06-22,13494.83,LAPSED,2026-08-15
POL000838,BRK0032,General Liability,2026-01-12,2027-01-12,19029.42,RENEWED,2026-08-15
POL002423,BRK0024,Property,2024-07-23,2025-07-23,7135.94,RENEWED,2026-08-15
POL000260,BRK0036,Cyber,2025-03-02,2026-03-02,16344.29,RENEWED,2026-08-15
POL003042,BRK0020,Commercial Auto,2025-11-03,2026-11-03,22771.81,LAPSED,2026-08-15
POL004134,BRK0019,Commercial Auto,2025-09-02,2026-09-02,18730.42,RENEWED,2026-08-15
POL001504,BRK0035,Cyber,2024-06-08,2025-06-08,20367.25,CANCELLED,2026-08-15
POL004156,BRK0031,Marine,2024-08-05,2025-08-05,22893.15,ACTIVE,2026-08-15
POL001806,BRK0021,General Liability,2024-07-19,2025-07-19,13821.24,RENEWED,2026-08-15
POL003193,BRK0015,General Liability,2025-01-29,2026-01-29,24217.66,LAPSED,2026-08-15
POL000056,BRK0039,General Liability,2024-10-13,2025-10-13,6413.22,RENEWED,2026-08-15
POL003337,BRK0025,Cyber,2026-01-07,2027-01-07,7946.26,CANCELLED,2026-08-15
POL003256,BRK0022,General Liability,2024-01-09,2025-01-08,22941.54,LAPSED,2026-08-15
POL002453,BRK0049,General Liability,2025-12-25,2026-12-25,5407.45,RENEWED,2026-08-15
POL000386,BRK0034,  Marine ,2024-01-21,2025-01-20,18064.97,CANCELLED,2026-08-15
POL004469,BRK0020,Commercial Auto,2025-04-26,2026-04-26,12730.57,LAPSED,2026-08-15
POL000380,BRK0018,  Property ,2025-02-01,2026-02-01,19574.19,ACTIVE,2026-08-15
POL002926,BRK0001,General Liability,2024-10-30,2025-10-30,13205.46,LAPSED,2026-08-15
POL004093,BRK0001,Commercial Auto,2025-04-14,2026-04-14,4070.86,RENEWED,2026-08-15
POL003096,BRK0031,Marine,2024-04-06,2025-04-06,7263.92,RENEWED,2026-08-15
POL004951,BRK0033,Cyber,2024-07-23,2025-07-23,20605.87,CANCELLED,2026-08-15
POL003480,BRK0023,Cyber,2025-04-15,2026-04-15,9988.64,RENEWED,2026-08-15
POL001358,BRK0031,General Liability,2025-05-02,2026-05-02,9499.82,CANCELLED,2026-08-15
POL002543,BRK0018,Cyber,2024-02-14,2025-02-13,4347.33,ACTIVE,2026-08-15
POL000023,BRK0037,Property,2025-01-29,31/12/2025,17328.0,LAPSED,2026-08-15
POL003739,BRK0039,Cyber,2024-11-17,2025-11-17,16477.21,RENEWED,2026-08-15
POL004122,BRK0024,Marine,2024-04-08,2025-04-08,15707.74,LAPSED,2026-08-15
POL003382,BRK0023,Commercial Auto,2025-10-15,2026-10-15,19150.19,ACTIVE,2026-08-15
POL002715,BRK0036,Property,2026-03-01,2027-03-01,17322.16,ACTIVE,2026-08-15
POL001126,BRK0014,Marine,2025-10-08,2026-10-08,20350.15,LAPSED,2026-08-15
POL002565,BRK0044,Cyber,2024-04-11,2025-04-11,22868.57,LAPSED,2026-08-15
POL000043,BRK0030,property,2024-05-18,2025-05-18,8768.76,RENEWED,2026-08-15
POL003065,BRK0020,Cyber,2025-11-08,2026-11-08,8246.48,RENEWED,2026-08-15
POL000815,BRK0017,Marine,2026-06-08,2027-06-08,18457.45,ACTIVE,2026-08-15
POL000546,BRK0006,Property,2026-04-03,2027-04-03,6945.75,CANCELLED,2026-08-15
POL002762,BRK0009,General Liability,2025-08-14,2026-08-14,1077.83,CANCELLED,2026-08-15
POL002295,BRK0015,General Liability,2025-09-15,2026-09-15,15791.16,LAPSED,2026-08-15
POL003388,BRK0016,  Property ,2026-03-26,2027-03-26,2381.54,RENEWED,2026-08-15
POL003801,BRK0023,General Liability,2024-03-29,2025-03-29,7413.96,CANCELLED,2026-08-15
POL003247,BRK0036,Commercial Auto,2025-04-17,2026-04-17,14397.32,LAPSED,2026-08-15
POL000429,BRK0042,General Liability,2024-09-24,2025-09-24,1961.46,LAPSED,2026-08-15
POL002993,BRK0037,Commercial Auto,2024-01-23,2025-01-22,15612.76,LAPSED,2026-08-15
POL003333,BRK0013,Commercial Auto,2025-10-16,2026-10-16,22665.11,RENEWED,2026-08-15
POL004594,BRK0010,Commercial Auto,2025-02-14,2026-02-14,23262.14,LAPSED,2026-08-15
POL000964,BRK0024,General Liability,2024-11-08,2025-11-08,19702.92,RENEWED,2026-08-15
POL002635,BRK0043,General Liability,2026-02-26,,3485.58,LAPSED,2026-08-15
POL000037,BRK0010,Property,2024-05-21,2025-05-21,10664.26,CANCELLED,2026-08-15
POL003983,BRK0005,General Liability,2025-03-02,2026-03-02,13011.1,RENEWED,2026-08-15
POL004069,BRK0044,  Marine ,2026-05-07,2027-05-07,18045.33,ACTIVE,2026-08-15
POL002649,BRK0024,  Commercial Auto ,2024-02-13,2026-13-45,24513.17,ACTIVE,2026-08-15
POL002934,BRK0004,Property,2024-12-24,2025-12-24,4893.8,ACTIVE,2026-08-15
POL003422,BRK0004,Commercial Auto,2025-12-15,,10937.45,RENEWED,2026-08-15
POL004820,BRK0025,Marine,2024-01-15,2025-01-14,3520.75,CANCELLED,2026-08-15
POL004078,BRK0012,Property,2025-08-22,2026-08-22,5715.04,LAPSED,2026-08-15
POL002554,BRK0045,Cyber,2025-08-12,2026-08-12,3216.89,ACTIVE,2026-08-15
POL003510,BRK0020,Marine,2025-02-27,2026-02-27,5487.12,CANCELLED,2026-08-15
POL004452,BRK0028,General Liability,2024-12-02,2025-12-02,16841.08,RENEWED,2026-08-15
POL002900,BRK0008,Property,2026-05-29,2027-05-29,14158.0,LAPSED,2026-08-15
POL004162,BRK0034,Commercial Auto,2024-07-16,2025-07-16,5331.57,LAPSED,2026-08-15
POL002393,BRK0031,Cyber,2024-08-30,2025-08-30,2145.63,RENEWED,2026-08-15
POL003420,BRK0027,Property,2025-09-15,2026-09-15,14561.99,LAPSED,2026-08-15
POL002858,BRK0015,General Liability,2024-06-21,2025-06-21,12774.09,RENEWED,2026-08-15
POL001437,BRK0006,Property,2024-12-28,2025-12-28,7264.65,ACTIVE,2026-08-15
POL004552,BRK0020,Cyber,2025-02-03,2026-02-03,9421.78,CANCELLED,2026-08-15
POL003702,BRK0030,Cyber,2025-09-29,2026-09-29,9366.63,ACTIVE,2026-08-15
POL001606,BRK0034,Commercial Auto,2026-05-01,2026-13-45,24893.53,CANCELLED,2026-08-15
POL003503,BRK0015,PROPERTY,2025-12-19,2026-12-19,10858.92,CANCELLED,2026-08-15
POL003597,BRK0001,GENERAL LIABILITY,2025-03-30,2026-03-30,24928.74,RENEWED,2026-08-15
POL001705,BRK0028,Marine,2025-02-17,2026-02-17,14250.7,RENEWED,2026-08-15
POL004807,BRK0012,Marine,2025-06-17,2026-06-17,5120.55,LAPSED,2026-08-15
POL004084,BRK0014,Marine,2025-10-17,2026-10-17,9300.4,RENEWED,2026-08-15
POL002446,BRK0010,Property,2024-08-28,2025-08-28,6057.57,LAPSED,2026-08-15
POL000616,BRK0007,Cyber,2026-02-03,2027-02-03,22129.19,LAPSED,2026-08-15
POL002433,BRK0024,Cyber,2024-03-22,2025-03-22,8299.22,LAPSED,2026-08-15
POL002490,BRK0047,Marine,2025-09-11,2026-09-11,24591.12,CANCELLED,2026-08-15
POL004644,BRK0048,Marine,2026-03-04,2027-03-04,8009.71,RENEWED,2026-08-15
POL004780,BRK0012,Commercial Auto,2024-04-25,2025-04-25,17925.69,CANCELLED,2026-08-15
POL000270,BRK0009,Cyber,2024-06-22,2025-06-22,16224.33,ACTIVE,2026-08-15
POL002672,BRK0003,Commercial Auto,2026-03-08,2027-03-08,22384.93,RENEWED,2026-08-15
POL001402,BRK0037,marine,2024-12-11,2025-12-11,19669.44,ACTIVE,2026-08-15
POL004752,BRK0041,Commercial Auto,2025-12-01,2026-12-01,20481.65,LAPSED,2026-08-15
POL000524,BRK0035,Cyber,2025-08-15,2026-08-15,16506.75,ACTIVE,2026-08-15
POL001638,BRK0026,general liability,2024-06-14,2025-06-14,15903.47,RENEWED,2026-08-15
POL003259,BRK0042,commercial auto,2024-02-21,2025-02-20,8952.03,ACTIVE,2026-08-15
POL002871,BRK0027,MARINE,2025-01-07,2026-01-07,7041.72,RENEWED,2026-08-15
POL003260,BRK0004,Property,2025-07-07,2026-07-07,19054.64,ACTIVE,2026-08-15
POL003011,BRK0007,Property,2025-01-25,2026-01-25,23396.73,ACTIVE,2026-08-15
POL001451,BRK0014,Commercial Auto,2025-07-02,2026-07-02,15321.55,ACTIVE,2026-08-15
POL004602,BRK0001,General Liability,2025-07-13,2026-07-13,14934.92,RENEWED,2026-08-15
POL002848,BRK0004,Marine,2026-04-30,2027-04-30,5850.52,CANCELLED,2026-08-15
POL004728,BRK0021,Commercial Auto,2024-07-02,2025-07-02,18452.38,CANCELLED,2026-08-15
POL002986,BRK0036,Commercial Auto,2025-02-09,2026-02-09,24278.94,RENEWED,2026-08-15
POL002482,BRK0037,Marine,2024-05-20,2025-05-20,15042.33,ACTIVE,2026-08-15
POL001754,BRK0031,Marine,2024-07-23,2025-07-23,9690.98,CANCELLED,2026-08-15
POL001704,BRK0035,Property,2026-02-14,2027-02-14,7677.5,RENEWED,2026-08-15
POL000809,BRK0020,Marine,2024-07-31,2025-07-31,23362.25,RENEWED,2026-08-15
POL001314,BRK0025,Property,2025-04-24,2026-04-24,23451.79,LAPSED,2026-08-15
POL003424,BRK0016,Commercial Auto,2026-04-01,2027-04-01,14670.69,ACTIVE,2026-08-15
POL002341,BRK0029,Commercial Auto,2024-08-20,2025-08-20,11828.2,RENEWED,2026-08-15
POL004007,BRK0047,Cyber,2024-09-04,2025-09-04,13835.39,LAPSED,2026-08-15
POL001346,BRK0029,General Liability,2025-06-23,2026-06-23,9177.75,RENEWED,2026-08-15
POL000968,BRK0047,General Liability,2024-06-01,2025-06-01,9085.24,ACTIVE,2026-08-15
POL001428,BRK0047,Cyber,2025-06-04,2026-06-04,12585.69,ACTIVE,2026-08-15
POL004363,BRK0010,Commercial Auto,2024-10-25,2025-10-25,11669.87,ACTIVE,2026-08-15
POL003580,BRK0033,Commercial Auto,2025-09-13,2026-09-13,14528.37,CANCELLED,2026-08-15
POL003518,BRK0005,General Liability,2025-06-29,2026-06-29,15364.16,LAPSED,2026-08-15
POL003172,BRK0035,Cyber,2025-08-20,2026-08-20,22790.64,RENEWED,2026-08-15
POL003826,BRK0031,  Marine ,2024-05-04,2025-05-04,20797.51,LAPSED,2026-08-15
POL000848,BRK0032,Cyber,2024-09-26,2025-09-26,24455.68,CANCELLED,2026-08-15
POL002859,BRK0017,Marine,2025-08-09,2026-08-09,21916.59,CANCELLED,2026-08-15
POL001298,BRK0045,Commercial Auto,2024-11-22,2025-11-22,7560.23,CANCELLED,2026-08-15
POL001481,BRK0040,Property,2024-04-03,,22450.86,ACTIVE,2026-08-15
POL000190,BRK0011,Property,2026-05-21,2027-05-21,5424.02,LAPSED,2026-08-15
POL001703,BRK0034,Commercial Auto,2026-05-18,2027-05-18,14589.63,RENEWED,2026-08-15
POL001734,BRK0025,Marine,2025-03-30,2026-03-30,18221.04,LAPSED,2026-08-15
POL003493,BRK0047,Cyber,2024-12-31,2025-12-31,8913.43,CANCELLED,2026-08-15
POL004046,BRK0002,Cyber,2026-03-11,2027-03-11,1882.68,ACTIVE,2026-08-15
POL000457,BRK0008,Marine,2024-07-06,2025-07-06,17402.61,RENEWED,2026-08-15
POL000458,BRK0027,Property,2026-03-30,2027-03-30,23590.44,LAPSED,2026-08-15
POL003796,BRK0005,  Marine ,2025-06-13,2026-06-13,1141.39,LAPSED,2026-08-15
POL001759,BRK0022,  Cyber ,2026-01-24,2027-01-24,11788.69,CANCELLED,2026-08-15
POL003534,BRK0009,Property,2025-05-19,2026-05-19,4368.57,ACTIVE,2026-08-15
POL001276,BRK0011,Cyber,2024-12-09,2025-12-09,5220.18,RENEWED,2026-08-15
POL000938,BRK0045,Cyber,2026-05-23,2027-05-23,23683.56,RENEWED,2026-08-15
POL002927,BRK0015,Commercial Auto,2024-12-10,2025-12-10,15411.46,ACTIVE,2026-08-15
POL002677,BRK0033,Marine,2026-01-31,2027-01-31,5048.13,ACTIVE,2026-08-15
POL003671,BRK0035,Marine,2024-10-21,2025-10-21,24065.24,ACTIVE,2026-08-15
POL002799,BRK0037,Property,2025-01-20,2026-01-20,14298.43,RENEWED,2026-08-15
POL001412,BRK0010,  Cyber ,2024-10-24,2025-10-24,18036.32,CANCELLED,2026-08-15
POL001708,BRK0025,Property,2024-11-06,2025-11-06,17262.05,RENEWED,2026-08-15
POL001231,BRK0048,Property,2025-04-26,2026-04-26,10582.3,CANCELLED,2026-08-15
POL000449,BRK0039,Property,2025-09-29,2026-09-29,15390.59,LAPSED,2026-08-15
POL000554,BRK0005,Cyber,2025-07-26,2026-07-26,23939.38,CANCELLED,2026-08-15
POL004164,BRK0042,Commercial Auto,2026-02-04,2027-02-04,3340.43,RENEWED,2026-08-15
POL001076,BRK0016,CYBER,2026-02-14,2027-02-14,4159.28,RENEWED,2026-08-15
POL003988,BRK0022,PROPERTY,2024-02-06,2025-02-05,4605.26,RENEWED,2026-08-15
POL001881,BRK0014,Property,2025-04-01,2026-04-01,11341.93,RENEWED,2026-08-15
POL000428,BRK0044,Commercial Auto,2024-11-01,2025-11-01,8465.86,CANCELLED,2026-08-15
POL000867,BRK0032,COMMERCIAL AUTO,2026-01-09,2027-01-09,2057.75,RENEWED,2026-08-15
POL002248,BRK0035,Property,2025-01-27,2026-01-27,7008.3,CANCELLED,2026-08-15
POL004981,BRK0019,Cyber,2025-07-28,2026-07-28,10970.17,RENEWED,2026-08-15
POL001442,BRK0036,Cyber,2025-05-17,2026-05-17,6945.31,RENEWED,2026-08-15
POL001711,BRK0041,cyber,2025-08-07,2026-08-07,23145.65,ACTIVE,2026-08-15
POL000214,BRK0008,Marine,2025-11-20,2026-11-20,19823.89,RENEWED,2026-08-15
POL000610,BRK0009,Property,2024-02-14,2025-02-13,2919.46,RENEWED,2026-08-15
POL004704,BRK0017,Cyber,2024-10-05,N/A,17164.43,CANCELLED,2026-08-15
POL001976,BRK0005,Commercial Auto,2024-05-20,2025-05-20,14489.8,RENEWED,2026-08-15
POL004339,BRK0014,property,2026-05-11,2027-05-11,17849.98,LAPSED,2026-08-15
POL002058,BRK0044,Property,2025-09-27,2026-09-27,22204.16,ACTIVE,2026-08-15
POL002822,BRK0005,Property,2025-04-02,2026-04-02,4140.05,RENEWED,2026-08-15
POL001098,BRK0010,General Liability,2026-04-13,2027-04-13,8048.46,LAPSED,2026-08-15
POL000448,BRK0010,Property,2025-12-19,2026-12-19,16710.78,CANCELLED,2026-08-15
POL002689,BRK0031,Cyber,2024-09-18,2025-09-18,17024.38,LAPSED,2026-08-15
POL003738,BRK0050,Commercial Auto,2024-01-10,2025-01-09,7584.46,ACTIVE,2026-08-15
POL003704,BRK0037,Commercial Auto,2025-09-20,2026-09-20,16358.21,CANCELLED,2026-08-15
POL000842,BRK0040,Cyber,2024-11-06,2025-11-06,19305.52,RENEWED,2026-08-15
POL001394,BRK0016,Marine,2024-02-06,2025-02-05,12723.23,ACTIVE,2026-08-15
POL001104,BRK0004,General Liability,31/12/2025,2025-01-09,1525.55,LAPSED,2026-08-15
POL001547,BRK0044,  Marine ,2025-04-07,2026-04-07,14339.86,RENEWED,2026-08-15
POL000115,BRK0042,general liability,2025-07-11,2026-07-11,26396.1,CANCELLED,2026-08-15
POL003820,BRK0006,  Property ,2024-05-22,2025-05-22,16551.14,LAPSED,2026-08-15
POL004501,BRK0043,Property,2024-08-02,2025-08-02,20219.3,CANCELLED,2026-08-15
POL000859,BRK0035,General Liability,2025-11-10,2026-11-10,11604.1,LAPSED,2026-08-15
POL003002,BRK0021,Property,2025-09-21,2026-09-21,7547.77,ACTIVE,2026-08-15
POL000467,BRK0008,Marine,2026-13-45,2025-11-19,14149.71,ACTIVE,2026-08-15
POL002221,BRK0009,MARINE,2026-04-30,2027-04-30,10926.31,CANCELLED,2026-08-15
POL003659,BRK0014,  Cyber ,2026-02-15,2027-02-15,13446.41,CANCELLED,2026-08-15
POL000033,BRK0036,Property,2024-02-21,2025-02-20,11883.76,CANCELLED,2026-08-15
POL001157,BRK0021,Marine,2024-06-23,2025-06-23,19824.31,RENEWED,2026-08-15
POL004872,BRK0046,Marine,2024-05-17,2025-05-17,7087.89,ACTIVE,2026-08-15
POL004025,BRK0031,Cyber,2024-10-16,2025-10-16,16557.49,LAPSED,2026-08-15
POL002540,BRK0016,Marine,2025-03-22,2026-03-22,4722.83,CANCELLED,2026-08-15
POL004511,BRK0006,Marine,2025-06-06,2026-06-06,14110.25,ACTIVE,2026-08-15
POL002525,BRK0005,Marine,2025-11-16,2026-11-16,17492.86,LAPSED,2026-08-15
POL002481,BRK0037,Marine,2024-10-05,2025-10-05,3192.79,CANCELLED,2026-08-15
POL002541,BRK0049,property,2025-11-11,2026-11-11,15775.81,ACTIVE,2026-08-15
POL002984,BRK0048,General Liability,2025-03-21,2026-03-21,8587.39,ACTIVE,2026-08-15
POL000917,BRK0028,Marine,2025-06-06,2026-06-06,6707.82,CANCELLED,2026-08-15
POL000014,BRK0048,Marine,2024-06-14,,23653.75,LAPSED,2026-08-15
POL000602,BRK0041,  Commercial Auto ,2026-02-16,2027-02-16,3131.1,RENEWED,2026-08-15
POL000223,BRK0008,Cyber,2024-10-21,2025-10-21,20550.25,LAPSED,2026-08-15
POL001495,BRK0001,Marine,2025-06-12,2026-06-12,5227.03,LAPSED,2026-08-15
POL002714,BRK0011,Property,2024-11-15,,4407.02,ACTIVE,2026-08-15
POL004945,BRK0044,Commercial Auto,2026-05-29,2027-05-29,17397.0,RENEWED,2026-08-15
POL004488,BRK0026,General Liability,0000-00-00,2025-08-22,6669.32,RENEWED,2026-08-15
POL002968,BRK0024,property,2024-05-26,2025-05-26,19301.12,RENEWED,2026-08-15
POL004566,BRK0030,Marine,2024-04-14,2025-04-14,16824.7,ACTIVE,2026-08-15
POL001929,BRK0001,Marine,2024-02-22,2025-02-21,9485.79,CANCELLED,2026-08-15
POL001404,BRK0001,marine,2025-03-26,2026-03-26,5837.14,ACTIVE,2026-08-15
POL004710,BRK0002,Commercial Auto,2024-07-03,2025-07-03,4221.61,ACTIVE,2026-08-15
POL004933,BRK0022,General Liability,2024-10-08,2025-10-08,8298.29,LAPSED,2026-08-15
POL003205,BRK0003,General Liability,2026-02-24,2027-02-24,18143.58,CANCELLED,2026-08-15
POL003189,BRK0020,Commercial Auto,2024-01-25,2025-01-24,10482.03,ACTIVE,2026-08-15
POL004723,BRK0017,Commercial Auto,2024-07-01,2025-07-01,9082.43,RENEWED,2026-08-15
POL002458,BRK0024,Commercial Auto,2024-08-04,2025-08-04,19863.72,RENEWED,2026-08-15
POL001459,BRK0039,General Liability,2024-07-17,2025-07-17,7902.77,RENEWED,2026-08-15
POL000430,BRK0021,Property,2025-11-07,2026-11-07,6855.94,RENEWED,2026-08-15
POL004426,BRK0048,General Liability,2024-10-24,2025-10-24,23551.82,RENEWED,2026-08-15
POL002421,BRK0024,General Liability,2024-01-29,2025-01-28,22945.37,CANCELLED,2026-08-15
POL001773,BRK0021,Marine,2026-03-18,2027-03-18,841.78,LAPSED,2026-08-15
POL002622,BRK0018,Cyber,2025-02-03,2026-02-03,21990.81,RENEWED,2026-08-15
POL003146,BRK0009,Cyber,2025-04-16,2026-04-16,778.03,RENEWED,2026-08-15
POL003643,BRK0035,Property,2024-06-03,2025-06-03,23812.06,RENEWED,2026-08-15
POL001510,BRK0037,Marine,2025-08-30,2026-08-30,18222.63,CANCELLED,2026-08-15
POL004258,BRK0037,Marine,2025-08-04,2026-08-04,15701.02,RENEWED,2026-08-15
POL001746,BRK0025,Marine,2024-05-18,0000-00-00,23308.08,LAPSED,2026-08-15
POL001804,BRK0011,Marine,2025-06-05,2026-06-05,18734.22,CANCELLED,2026-08-15
POL001856,BRK0011,Property,2025-08-02,2026-08-02,23471.41,CANCELLED,2026-08-15
POL003939,BRK0002,Commercial Auto,2026-03-21,2027-03-21,17182.38,ACTIVE,2026-08-15
POL003138,BRK0047,Cyber,2025-02-06,2026-02-06,6290.92,ACTIVE,2026-08-15
POL000202,BRK0023,Marine,2026-01-21,2027-01-21,8318.34,RENEWED,2026-08-15
POL000735,BRK0044,Cyber,2026-01-21,2027-01-21,24833.76,CANCELLED,2026-08-15
POL004722,BRK0008,Marine,0000-00-00,2025-06-20,24157.12,LAPSED,2026-08-15
POL004988,BRK0030,Commercial Auto,2026-05-26,2027-05-26,14610.13,RENEWED,2026-08-15
POL002786,BRK0001,General Liability,2026-03-06,2027-03-06,11530.68,RENEWED,2026-08-15
POL001979,BRK0014,Property,2025-04-26,2026-04-26,12987.27,RENEWED,2026-08-15
POL003083,BRK0020,General Liability,2024-07-31,2025-07-31,10025.02,ACTIVE,2026-08-15
POL004270,BRK0011,Cyber,2025-05-22,2026-05-22,20877.87,RENEWED,2026-08-15
POL001135,BRK0033,General Liability,2024-04-30,2025-04-30,10397.85,ACTIVE,2026-08-15
POL003927,BRK0033,Cyber,2025-01-09,2026-01-09,10504.62,RENEWED,2026-08-15
POL002992,BRK0047,Cyber,2024-08-17,2025-08-17,6338.31,LAPSED,2026-08-15
POL001567,BRK0016,General Liability,2026-02-09,2027-02-09,11547.99,ACTIVE,2026-08-15
POL000194,BRK0050,Cyber,2024-05-11,2025-05-11,11099.15,ACTIVE,2026-08-15
POL004928,BRK0031,Commercial Auto,2025-10-09,2026-10-09,7338.18,RENEWED,2026-08-15
POL000364,BRK0034,Marine,2026-05-15,2027-05-15,2580.11,ACTIVE,2026-08-15
POL000083,BRK0042,Property,2024-04-30,2025-04-30,7198.91,RENEWED,2026-08-15
POL002628,BRK0007,General Liability,2026-04-10,2027-04-10,21909.29,RENEWED,2026-08-15
POL002141,BRK0001,Property,2024-08-17,2025-08-17,22399.74,ACTIVE,2026-08-15
POL000617,BRK0012,Cyber,2026-03-22,2027-03-22,24961.62,RENEWED,2026-08-15
POL002827,BRK0001,General Liability,2024-12-29,2025-12-29,2959.0,ACTIVE,2026-08-15
POL003891,BRK0015,General Liability,2025-10-31,2026-10-31,3173.57,RENEWED,2026-08-15
POL000577,BRK0022,Property,2024-06-14,2025-06-14,15331.93,RENEWED,2026-08-15
POL001848,BRK0035,Commercial Auto,2025-10-12,2026-10-12,17700.17,ACTIVE,2026-08-15
POL000472,BRK0046,Marine,2024-05-23,2025-05-23,23290.3,RENEWED,2026-08-15
POL001179,BRK0019,Marine,2024-10-23,2025-10-23,18366.59,LAPSED,2026-08-15
POL002150,BRK0011,Property,2025-02-15,2026-02-15,19508.55,RENEWED,2026-08-15
POL004115,BRK0044,Property,2025-05-24,2026-05-24,1365.95,LAPSED,2026-08-15
POL001897,BRK0009,PROPERTY,2025-02-07,2026-02-07,15419.74,CANCELLED,2026-08-15
POL001285,BRK0024,Property,2025-05-21,2026-05-21,2302.61,ACTIVE,2026-08-15
POL000137,BRK0044,Cyber,2024-10-17,2025-10-17,12307.93,CANCELLED,2026-08-15
POL002509,BRK0010,Cyber,,2026-06-16,10331.18,ACTIVE,2026-08-15
POL001332,BRK0018,Cyber,2024-04-25,2025-04-25,21478.51,LAPSED,2026-08-15
POL003213,BRK0012,Marine,2025-08-27,2026-08-27,20938.21,RENEWED,2026-08-15
POL004634,BRK0038,Commercial Auto,2024-07-26,2025-07-26,6555.71,LAPSED,2026-08-15
POL004849,BRK0037,Commercial Auto,2026-04-13,,3525.83,CANCELLED,2026-08-15
POL002040,BRK0044,Commercial Auto,2024-06-07,2025-06-07,18286.75,CANCELLED,2026-08-15
POL003201,BRK0038,cyber,2024-11-02,2025-11-02,8338.5,LAPSED,2026-08-15
POL004288,BRK0039,Property,2024-06-12,2025-06-12,21636.04,ACTIVE,2026-08-15
POL001515,BRK0001,Property,2025-04-16,2026-04-16,5022.54,LAPSED,2026-08-15
POL003698,BRK0020,Cyber,2024-07-06,2025-07-06,4382.06,LAPSED,2026-08-15
POL002392,BRK0046,Commercial Auto,2024-06-20,2025-06-20,18885.11,CANCELLED,2026-08-15
POL002857,BRK0019,Cyber,2024-06-21,2025-06-21,2405.35,RENEWED,2026-08-15
POL001551,BRK0050,General Liability,2024-11-23,2025-11-23,16011.5,CANCELLED,2026-08-15
POL004963,BRK0021,Commercial Auto,2026-05-21,2027-05-21,7324.66,ACTIVE,2026-08-15
POL000570,BRK0001,Property,2025-04-29,2026-04-29,15950.97,CANCELLED,2026-08-15
POL000523,BRK0003,General Liability,2024-02-17,2025-02-16,8627.87,LAPSED,2026-08-15
POL002216,BRK0019,General Liability,2026-04-12,2027-04-12,5530.33,ACTIVE,2026-08-15
POL002537,BRK0006,Property,2025-07-09,2026-07-09,14531.26,LAPSED,2026-08-15
POL003466,BRK0004,Commercial Auto,2025-08-21,2026-08-21,2479.44,LAPSED,2026-08-15
POL002931,BRK0010,General Liability,N/A,2026-05-06,8030.16,CANCELLED,2026-08-15
POL001965,BRK0029,property,0000-00-00,2025-02-06,10680.58,ACTIVE,2026-08-15
POL002593,BRK0031,General Liability,2025-02-06,2026-02-06,23263.58,CANCELLED,2026-08-15
POL003685,BRK0007,General Liability,2026-03-09,2027-03-09,6695.13,LAPSED,2026-08-15
POL002916,BRK0038,Marine,2025-08-05,2026-08-05,24639.03,LAPSED,2026-08-15
POL001151,BRK0045,Property,2025-10-10,2026-10-10,14633.59,RENEWED,2026-08-15
POL000052,BRK0024,Marine,2025-03-19,2026-03-19,24154.11,CANCELLED,2026-08-15
POL003930,BRK0036,Cyber,2025-05-21,2026-05-21,17627.33,CANCELLED,2026-08-15
POL004729,BRK0015,Commercial Auto,2025-03-29,2026-03-29,2549.9,CANCELLED,2026-08-15
POL003270,BRK0035,Property,2024-12-06,2025-12-06,2564.32,ACTIVE,2026-08-15
POL001975,BRK0026,Commercial Auto,2024-04-12,2025-04-12,8665.03,ACTIVE,2026-08-15
POL004564,BRK0047,Commercial Auto,2025-03-25,2026-03-25,17227.99,ACTIVE,2026-08-15
POL004438,BRK0034,Commercial Auto,2024-04-19,2025-04-19,15476.74,ACTIVE,2026-08-15
POL001930,BRK0037,commercial auto,2025-11-13,2026-11-13,14780.16,ACTIVE,2026-08-15
POL001264,BRK0010,Marine,2024-01-15,2025-01-14,19904.41,RENEWED,2026-08-15
POL000498,BRK0033,Commercial Auto,2024-11-24,2025-11-24,13680.38,ACTIVE,2026-08-15
POL004457,BRK0021,PROPERTY,2025-02-26,2026-02-26,1247.95,RENEWED,2026-08-15
POL000224,BRK0003,General Liability,2024-10-24,2025-10-24,16571.32,RENEWED,2026-08-15
POL000696,BRK0004,Commercial Auto,2025-11-22,2026-11-22,17764.6,RENEWED,2026-08-15
POL000930,BRK0008,Marine,2025-04-29,2026-04-29,11187.64,LAPSED,2026-08-15
POL004269,BRK0021,Commercial Auto,2024-09-15,2025-09-15,9431.35,RENEWED,2026-08-15
POL003780,BRK0036,Cyber,2025-02-23,2026-02-23,1609.03,CANCELLED,2026-08-15
POL003082,BRK0023,General Liability,2025-07-17,2026-07-17,1087.17,RENEWED,2026-08-15
POL004327,BRK0029,General Liability,2025-03-17,2026-03-17,3536.16,LAPSED,2026-08-15
POL000550,BRK0011,Commercial Auto,2025-09-21,2026-09-21,2627.65,CANCELLED,2026-08-15
POL001801,BRK0003,Commercial Auto,2025-05-05,2026-05-05,21826.84,CANCELLED,2026-08-15
POL001352,BRK0010,Cyber,2025-06-12,2026-06-12,17054.18,LAPSED,2026-08-15
POL004662,BRK0036,Commercial Auto,2024-11-13,2025-11-13,10046.03,RENEWED,2026-08-15
POL001543,BRK0027,Cyber,2025-08-25,2026-08-25,807.9,CANCELLED,2026-08-15
POL003554,BRK0014,Property,2025-06-23,2026-06-23,13479.32,LAPSED,2026-08-15
POL000139,BRK0032,Marine,2024-01-08,2025-01-07,12756.43,CANCELLED,2026-08-15
POL003137,BRK0022,Cyber,2025-07-15,2026-07-15,11208.94,RENEWED,2026-08-15
POL000754,BRK0002,Marine,2025-10-31,2026-10-31,16395.27,ACTIVE,2026-08-15
POL001308,BRK0035,Commercial Auto,2026-04-15,2027-04-15,19731.13,ACTIVE,2026-08-15
POL004353,BRK0035,Property,2025-11-08,2026-11-08,6657.24,LAPSED,2026-08-15
POL000819,BRK0021,General Liability,2025-07-10,2026-07-10,17293.37,CANCELLED,2026-08-15
POL001245,BRK0009,General Liability,2025-04-03,2026-04-03,1480.32,RENEWED,2026-08-15
POL004482,BRK0023,Marine,2024-07-21,2025-07-21,3568.52,ACTIVE,2026-08-15
POL000910,BRK0025,Marine,2024-06-15,2025-06-15,3454.75,RENEWED,2026-08-15
POL003719,BRK0032,Property,2025-05-30,2026-05-30,16637.14,ACTIVE,2026-08-15
POL000348,BRK0006,GENERAL LIABILITY,2024-10-11,2025-10-11,8505.38,ACTIVE,2026-08-15
POL001915,BRK0027,Cyber,2024-07-18,2025-07-18,10959.33,CANCELLED,2026-08-15
POL002333,BRK0004,Commercial Auto,2026-01-21,2027-01-21,10057.33,ACTIVE,2026-08-15
POL001671,BRK0025,Property,2026-02-13,2027-02-13,20244.49,CANCELLED,2026-08-15
POL001593,BRK0010,General Liability,2025-01-14,2026-01-14,11517.84,RENEWED,2026-08-15
POL003966,BRK0044,General Liability,2025-04-26,2026-04-26,12088.49,CANCELLED,2026-08-15
POL003976,BRK0008,Commercial Auto,2025-02-20,2026-02-20,3834.53,LAPSED,2026-08-15
POL000973,BRK0046,Cyber,2024-09-08,2025-09-08,10344.05,ACTIVE,2026-08-15
POL002382,BRK0001,General Liability,2025-09-23,2026-09-23,22846.32,CANCELLED,2026-08-15
POL001992,BRK0028,Commercial Auto,2024-06-30,2025-06-30,11633.51,CANCELLED,2026-08-15
POL004637,BRK0034,Marine,2024-12-17,2025-12-17,4260.25,RENEWED,2026-08-15
